uID;Name;Alternativname;text;addi;hs-art;gps-lo;gps-la;bundesland;orientierung;absolut-2010;wirtschaft-2010;absolut-2011;wirtschaft-2011;absolut-2012;wirtschaft-2012;absolut-2013;wirtschaft-2013;absolut-2014;wirtschaft-2014;absolut-2015;wirtschaft-2015;absolut-2016;wirtschaft-2016;absolut-2017;wirtschaft-2017;absolut-2018;wirtschaft-2018;Träger;Gesellschafter
10;Universität Kassel;Uni Kassel;;Mönchebergstr. 19, 34109 Kassel;Universitäten ;9860569;51343727;Hessen;staatlich;36187929;10712065;41013492;12081657;42293304;11421451;47967606;12089680;47832954;13294137;47306051;13162895;49156297;12844712;54262173;10669056;54.508.998;9.088.069;;
81;Universität Duisburg-Essen (ohne Klinikum);Uni Duisburg-Essen (ohne Klinikum);;Universitätsstraße 2, 45141 Essen;Universitäten ;7004167;51463073;Nordrhein-Westfalen;staatlich;62304736;18353275;70918003;22385271;72862242;23126215;76505357;24282526;80330621;25496650;76004167;24091336;66562895;8922940;39970023;4920740;94.775.981;18.351.394;;
89;Universität Duisburg-Essen (Klinikum);Uni Duisburg-Essen (Klinikum);;Hufelandstraße 55, 45122 Essen;Unikliniken ;6989672;51436457;Nordrhein-Westfalen;staatlich;29246665;13746863;29846584;13323260;32761007;13326095;36645740;14379317;38413754;15382877;36137879;16035307;35505405;15859629;44540396;20132632;40.398.605;18.317.675;;
121;Universität Paderborn;Uni Paderborn;;Warburger Straße 100, 33098 Paderborn;Universitäten ;8774184;517102;Nordrhein-Westfalen;staatlich;36405519;7920865;37077977;7346771;36567528;4988374;44665441;5047385;49507889;7132805;48176623;4263975;50948199;6975764;101277524;3939173;53.456.029;6.415.266;;
130;Universität Siegen;Uni Siegen;;Hölderlinstraße 3, 57076 Siegen;Universitäten ;802758;50906199;Nordrhein-Westfalen;staatlich;20614216;3898540;22339483;4865027;25250835;4059249;25165163;3407402;23749677;3252103;25169114;3871071;30602932;3023041;90105180;7579160;31.993.237;3.812.512;;
140;Universität Wuppertal;Uni Wuppertal;;Pauluskirchstraße 7, 42285 Wuppertal;Universitäten ;7167572;51259754;Nordrhein-Westfalen;staatlich;19622294;6073896;23415477;5294631;28459872;8236710;32475210;5963699;32812280;5634735;32329570;5436277;29603553;5363238;54863451;5465136;38.431.679;5.947.342;;
150;Fernuniversität Hagen;Fernuni Hagen;;Universitätsstraße 11, 58084 Hagen;Universitäten ;7495562;51376431;Nordrhein-Westfalen;staatlich;7682806;4383425;3145923;694440;2704766;295747;1761402;127811;1575706;111858;1888623;302807;2985533;188374;3673380;250711;3.403.830;202.205;;
180;Charite - Universitätsmedizin Berlin;;"Die Charité  führt im Auftrag namhafter Pharmakonzerne klinische Arzneimittelprüfungen durch. <br>
Die gewinnorientierte Forschung ist aber ein kontroverses Thema, das auch von der Universities Allied for Essential Medicines (UAEM)-Studentengruppe kritisch gesehen wird. Die UAEM-Lokalgruppe an der Charité fordert mehr Trans­parenz darüber, wie Universitäten und Kliniken bei Medikamentenstudien mit Pharmaunternehmen kooperieren.";Charitestraße 1, 10117 Berlin;Unikliniken ;13378516;52523222;Berlin;staatlich;164791812;17958483;167161426;19689895;153513090;33117521;148695583;31511841;169988846;32394314;165694314;29327308;174635134;30718225;188621799;37193634;165.783.275;33.668.856;;
190;Europa-Universität Viadrina Frankfurt (Oder);;;Große Scharrnstraße 59, 15230 Frankfurt (Oder);Universitäten ;14553555;5234222;Brandenburg;staatlich;5421557;1160332;5672785;1255703;6675959;903949;5484180;821205;6149479;829110;6813672;1021167;5976268;678223;6478922;856242;8.184.713;489.307;;
201;Humboldt-Universität zu Berlin;HU Berlin;"Das ''Humboldt Institut für Internet und Gesellschaft'' (HIIG) wurde von Google in den ersten drei Jahren nach der Gründung 2011 mit 4,5 Millionen EUR anschubfinanziert. Das Institut bemühe sich um weitere Geldgeber. Google habe ein Interesse an der Erforschung der Konsequenzen weltweiter Datenvernetzung. Das Unternehmen nehme aber keinen Einfluss auf die Forschung, noch habe es Vorrechte bei der Forschungsverwertung. 2013 verlängerte Google die Förderung.<br> Aktuell beteiligen sich neben Unternehmen wie Cisco, Robert Bosch, facebook auch mehrere Bundesministerien und andere öffentliche Förderer wie die DFG, Leibniz-Gesellschaft u.a. an der Finanzierung von Projekten. ( https://www.hiig.de/finanzierung/)
Sponsoringberichte werden von berliner Universitäten nicht veröffentlicht.";Unter den Linden 6, 10099 Berlin;Universitäten ;13393737;52517364;Berlin;staatlich;89156977;4059393;92546952;2735816;88494202;2832061;96910637;3016903;105890645;2860344;104346992;3439988;123338423;3957169;115343442;3278565;116.326.534;2.935.006;;
240;Brandenburgische TU Cottbus;;Die Universität kooperiert mit:<br>- Siemens Energie Sektor, ehemals Power Transmission and Distribution ''Siemens-PTD'' in Form einer Vereinbarung über Rahmenbedingungen für gemeinsame Forschungsprojekte bzw. Einzelaufträge über 2 Jahre (verlängert sich jeweils um 1 Jahr, wenn nicht gekündigt wird)<br>- ABB in Form einer Vereinbarung über Rahmenbedingungen für gemeinsame Forschungsprojekte bzw. Einzelaufträge über zunächst 2 Jahre (verlängert sich, wenn nicht gekündigt wird)<br>- Rolls-Royce in Form einer Vereinbarung über Rahmenbedingungen für gemeinsame Forschungsprojekte bzw. Einzelaufträge über 3 Jahre (verlängert sich jeweils um 2 Jahre, wenn nicht gekündigt wird)<br>- Vattenfall Europe Generation and Mining AG in Form einer Vereinbarung über Rahmenbedingungen für gemeinsame Forschungsprojekte bzw Einzelaufträge über 2 Jahre (verlängert sich jeweils um 1 Jahr, wenn nicht gekündigt wird)<br>Ein Vattenfall-Manager durfte seine Promotion an der Universität behalten, obwohl er dafür plagiiert hatte. Dies könnte mit siner Tätigkeit für Vattenfall zusammenhängen, die der Universität 2011 800.000 Euro an Drittmitteln zukommen ließ. Aktuelle Infos zu Forschungsprojekten der BTU: https://www.b-tu.de/forschung/forschungsprofil ;Platz der Deutschen Einheit 1, 03046 Cottbus;Universitäten ;1432772;5175985;Brandenburg;staatlich;19026944;5084500;34084300;6519000;26165986;5344786;0;0;0;0;0;0;0;0;34368070;3439970;32.223.670;2.990.750;;
261;Universität Rostock (ohne Klinikum);Uni Rostock (ohne Klinikum);Eurawasser, die nach eigenen Angabe erste privatisierte Wasserversorgungsunternehmen Deutschlands, kooperiert seit 1994 mit der Uni Rostock. Das Unternehmen lobt die gute Zusammenarbeit, die auch zum eigenen Nutzen ausfällt: ''Eurawasser hat in die Forschung der Universität investiert. Im Gegenzug unterstützt uns die Universität bei der Schulung unserer Mitarbeiter, die die neuen Erkenntnisse im Sinne von mehr Effizienz für unsere Kunden in der Praxis umsetzen.'' Im Jahr 2011 unterzeichneten Universität und Eurawasser der Vertrag für eine auf fünf Jahre angelegte Stiftungsprofessur. Dafür stellt Eurawasser 400.000 Euro zur Verfügung.<br><br>Die ''Werbeflächen'' (Pinnwände, Flyer-Halter, Aufsteller, ...) an der Universität werden seit Oktober 2010 von der Firma Novus Marketing bewirtschaftet.<br><br>Mit dem Suhrkamp-Verlag kooperiert die Universität im Rahmen eines Uwe-Johnson-Zentrums.<br><br>Die Spenden an die Uni aus den Jahren 2008 bis 2011 hat die Uni auf ihrer Seite aufgelistet.;Ulmenstraße 69, 18057 Rostock;Universitäten ;12110542;54086712;Mecklenburg-Vorpommern;staatlich;30155422;5235100;33552038;5644012;37217404;6216149;41930104;4681350;53002831;5085758;55128282;5013136;40554114;4098063;43568469;4878794;40.755.504;3.941.092;;
269;Universität Rostock (Klinikum);Uni Rostock (Klinikum);;Schillingallee 35, 18057 Rostock;Unikliniken ;12101102;5408528;Mecklenburg-Vorpommern;staatlich;10288792;3043424;11807095;2366825;11432848;2894876;14179168;2249442;12332555;1945723;10942242;2063452;9807132;2532749;10742942;3550052;13.217.306;2.842.276;;
271;Universität Greifswald (ohne Klinikum);Ernst-Moritz-Arndt-Universität Greifswald (ohne Klinikum);;Domstraße 11, 17489 Greifswald;Universitäten ;1338337;54093301;Mecklenburg-Vorpommern;staatlich;23201812;1705132;23806797;1024795;23472473;2949579;21892042;1674237;27502436;1849451;27265820;1948043;22787997;1330579;21094532;1198172;24.004.721;1.555.347;;
279;Universität Greifswald (Klinikum);Ernst-Moritz-Arndt-Universität Greifswald (Klinikum);;Fleischmannstraße 8, 17475 Greifswald;Unikliniken ;13402188;54087536;Mecklenburg-Vorpommern;staatlich;3350478;3350478;21844859;3023670;18926582;2426646;19888623;1836392;21384861;2830606;26330378;3427794;22140566;3177837;20975932;3682577;19.698.707;5.321.757;;
301;Universität Halle (ohne Klinikum);Uni Halle (ohne Klinikum);;Universitätsplatz 10, 06108 Halle;Universitäten ;1197661;51486424;Sachsen-Anhalt;staatlich;33012058;5732148;37258006;6646535;39492205;7203120;47786662;7889679;41029118;6747849;40857838;6123385;41534305;6567010;43848176;11297959;40.783.620;5.921.994;;
309;Universität Halle (Klinikum);Uni Halle (Klinikum);;Ernst-Grube-Straße 40, 06120 Halle;Unikliniken ;11935062;51500408;Sachsen-Anhalt;staatlich;8686100;2631068;10474358;2899990;9911677;2525864;7796618;2233474;8789840;1873677;9195150;2100323;9633751;2145513;9167721;1463567;11.409.171;2.346.038;;
311;Otto-von-Guericke-Universität Magdeburg (ohne Klinikum);Uni Magdeburg (ohne Klinikum);Die Universität Magdeburg benannte einen Hörsaal zum Volksbankhörsaal im Jahre 2007 um und stellte in dessen unmittelbarer Nähe innerhalb des Universitätsgebäudes einen Geldautomaten der Volksbank auf. Dafür zahlt die Volksbank Magdeburg jährlich 10.000 Euro an die Universität Magdeburg für Unterstützung der Forschung und Lehre. ''Mit dem Hörsaal-Sponsoring bauen wir deshalb unsere Unterstützung für die uns wichtige Zielgruppe der Studenten aus und engagieren uns mit einem festen Betrag pro Semester, der für beide Seiten planbar ist'', so die Volksbank. Der Hörsaal bietet gut 150 Plätze und ist laut Universität wochentags stark genutzt, an den Wochenenden finden dort viele Weiterbildungsveranstaltungen und Vorträge statt. Auch die Volksbank nutzte den Hörsaal bereits für Lehrgänge.;Universitätsplatz 2, 39106 Magdeburg;Universitäten ;1164005;52138922;Sachsen-Anhalt;staatlich;36253987;9885186;35809575;8313506;34110051;8490402;37968357;9362919;35701652;9691347;40796099;9792578;43315658;10935649;36222876;5205310;45.617.323;10.898.740;;
319;Universität Magdeburg (Klinikum);Otto-von-Guericke-Universität Magdeburg (Klinikum);;Leipziger Straße 44, 39120 Magdeburg;Unikliniken ;11620403;52102151;Sachsen-Anhalt;staatlich;18525624;4723755;17928274;3562047;20408356;3588401;19352225;4089879;21733080;5931859;25271221;6666068;24462265;5052943;23895517;4226249;26.088.317;3.623.938;;
361;Universität Leipzig (ohne Klinikum);Uni Leipzig (ohne Klinikum);;Augustusplatz 10, 04109 Leipzig;Universitäten ;12379818;51338615;Sachsen;staatlich;51980036;4563232;50620217;4816314;58331000;6414482;68163063;6398279;77841562;5939467;81999174;6314008;64267265;4797551;71484189;4078448;92.231.286;5.218.539;;
369;Universität Leipzig (Klinikum);Uni Leipzig (Klinikum);;Johannisallee 34, 04103 Leipzig;Unikliniken ;12389146;51328166;Sachsen;staatlich;34104452;7555721;35909545;6838458;45336848;9349034;46059037;9191027;37405252;8515727;41188961;10703000;38943849;11073212;44631462;12287510;46.808.947;12.715.451;;
371;TU Dresden (ohne Klinikum);Technische Universität Dresden (ohne Klinikum);;Mommsenstraße 9, 01069 Dresden;Universitäten ;13728508;51027132;Sachsen;staatlich;168788495;22546689;167167316;26517927;179722251;28497724;216083661;40940093;195282208;33185266;219972242;27839026;208432271;26677133;210378027;24865352;243.753.592;26.939.378;;
379;TU Dresden (Klinikum);Technische Universität Dresden (Klinikum);2008 hatte die TU Dresden 1163 Kooperationsverträge mit der Wirtschaft (http://www.qucosa.de/fileadmin/data/qucosa/documents/10258/jfb2008.pdf);Fetscherstraße 74, 01307 Dresden;Unikliniken ;13777788;51054813;Sachsen;staatlich;33588544;7556543;36141036;8464815;45280194;7309634;39070497;7733169;44606099;6957341;44456604;7189010;46645794;8212434;44294662;8389063;48.213.476;10.968.062;;
380;TU Chemnitz;Technische Universität Chemnitz;In Chemnitz sorgte 2011 die Umbenennung eines Hörsaals der TU Chemnitz für Disput zwischen Studentenrat und Uni-Leitung. Das Rektorat hatte den einen Hörsaal in Niles-Simmons-Hegenscheidt-Hörsaal umbenannt, nachdem der geschäftsführende Gesellschafter des Chemnitzer Unternehmens der Universitätsstiftung 175.000 Euro gespendet hatte. Im Rahmen des 175-jährigen Jubiläums der TU sei ein Konzept entwickelt worden, das auch Anreize für Großsponsoren bieten soll. So unterstütze die Niles-Simmons-Hegenscheidt-Gruppe die TU seit Jahren ''in großem Maßstab'' und habe dies auch für die Zukunft zugesagt.;Straße der Nationen 62, 09111 Chemnitz;Universitäten ;12927034;50839079;Sachsen;staatlich;51513296;7954774;62747892;10567512;62472196;9732270;74922710;9981323;74533551;8587262;67849227;7381359;60993226;6186814;65143603;7814968;65.368.982;6.501.677;;
390;TU Bergakademie Freiberg;Technische Universität Bergakademie Freiberg;;Akademiestraße 6, 09599 Freiberg;Universitäten ;13341102;50918038;Sachsen;staatlich;58439602;22329156;50354279;13905678;53682175;12524233;57024435;11377952;66559621;14477441;48330390;12348975;51880343;11165971;55263528;11326090;49.060.157;10.291.380;;
491;Friedrich-Schiller-Universität Jena (ohne Klinikum);Uni Jena (ohne Klinikum);;Fürstengraben 1, 07743 Jena;Universitäten ;11589952;50930002;Thüringen;staatlich;50672011;1857754;52799243;5299518;63725291;5502013;64700881;5807745;63512064;8212076;70541166;8312633;62288596;7078215;40643087;7027463;72.731.417;8.798.555;;
499;Universität Jena (Klinikum);Friedrich-Schiller-Universität Jena (Klinikum);;Bachstrasse 18, 07743 Jena;Unikliniken ;11579644;50929811;Thüringen;staatlich;19325239;4517463;23464484;4743221;26502722;5755308;27097460;5003586;28976425;7747332;29916536;6543864;29763344;8878454;28653547;8790110;31.156.705;7.213.007;;
500;Universität Bamberg;Otto-Friedrich-Universität Bamberg;In den regelmäßig erscheinenden Sponsoringberichten des Bayerischen Innenministeriums werden keine Sponsoren oder Spender für die bayerischen Universitäten genannt. Auch Kooperationsverträge mit gewerblichen Unternehmen werden von bayerischen Universitäten kaum offengelegt.;Kapuzinerstraße 16, 96047 Bamberg;Universitäten ;10885822;49893777;Bayern;staatlich;23786924;0;27196602;2701651;30358057;3215725;29826187;2050524;12391456;2903030;11923831;2878844;14584511;3780843;11653177;2193777;17.183.702;2.930.411;;
510;Universität Bayreuth;Uni Bayreuth;In den regelmäßig erscheinenden Sponsoringberichten des Bayerischen Innenministeriums werden keine Sponsoren oder Spender für die bayerischen Universitäten genannt. Auch Kooperationsverträge mit gewerblichen Unternehmen werden von bayerischen Universitäten kaum offengelegt.;Universitätsstraße 30, 95447 Bayreuth;Universitäten ;11585492;49926185;Bayern;staatlich;34566793;25308;33361891;3548261;36495459;3079586;44259116;5261206;42877374;6397007;39426231;4488153;36482853;3075323;40892821;6792737;45.002.786;3.837.982;;
520;Universität Oldenburg;Carl von Ossietzky Universität Oldenburg;;Ammerländer Heerstraße 114-118, 26129 Oldenburg;Universitäten ;8186227;53146617;Niedersachsen;staatlich;27915742;4809622;29032530;4351281;31779963;6387303;32850455;2729599;35250401;2168844;40258193;2384300;55487539;14499720;40962255;2089421;45.199.590;1.451.468;;
530;Universität Osnabrück;Uni Osnabrück;;Neuer Graben 29/Schloss, 49074 Osnabrück;Universitäten ;8024148;52285842;Niedersachsen;staatlich;12435742;1050561;15556505;1250656;15472863;1796538;14813583;1136041;17953468;2715684;20761210;4392621;20683061;2886464;22532075;4168245;23.228.795;3.725.125;;
540;Universität Passau;Uni Passau;"Die Uni schreibt in einer Presseantwort: ""An der Universität Passau werden keine Lehrstühle mit Drittmitteln aus der Wirtschaft finanziert. Aus privaten Mitteln finanzierte Stellen sind beispielsweise am Centrum für Marktforschung und am Institut für Softwaresysteme in technischen Anwendungen der Informatik (FORWISS) vorhanden. Forschungsaufträge, insbesondere wenn sie aus der Wirtschaft kommen, enthalten sensible Information, die u.a. aus Wettbewerbsgründen vertraulich zu behandeln sind. Die Universität kann deshalb zu diesem Punkt keine Einzelheiten veröffentlichen.""<br>
In den regelmäßig erscheinenden Sponsoringberichten des Bayerischen Innenministeriums werden keine Sponsoren oder Spender für die bayerischen Universitäten genannt. Auch Kooperationsverträge mit gewerblichen Unternehmen werden von bayerischen Universitäten kaum offengelegt.";Innstraße 33, 94032 Passau;Universitäten ;1345116;4856775;Bayern;staatlich;7150240;75844;10161980;50909;8934431;2166550;9768225;2904772;10391399;2616924;11152650;2558614;15848578;3484190;14225709;3798727;13.532.028;2.416.902;;
580;Bauhaus-Universität Weimar;Uni Weimar;Die Bauhaus-Universität Weimar hat zusammen mit anderen thüringischen Universitäten ein ambitioniertes Forschungsinformationssystem erstellt. (https://www.tlpk.de/downloads/transparenz-in-forschung-und-wissenschaft/)  <br>Aber bei Auftragsforschung werden aktuell keinerlei Partner mehr genannt.;Geschwister-Scholl-Straße 8, 99423 Weimar;Universitäten ;11329445;50974728;Thüringen;staatlich;15169236;2833555;17501305;3413550;13650448;1006565;15300742;3409211;15648437;4236967;15363431;3670182;16960757;3083892;16467536;3183081;14.121.780;3.262.750;;
590;TU Ilmenau;Technische Universität Ilmenau;;Max-Planck-Ring 14, 98693 Ilmenau;Universitäten ;1093302;506811;Thüringen;staatlich;25014275;4071049;36145438;4406132;41549715;4838190;36898367;5047334;41089269;6968136;38274461;6201435;35571682;6416877;6548583;221064;35.534.144;6.720.608;;
620;Universität Erfurt;Uni Erfurt;;Nordhäuser Straße 63, 99089 Erfurt;Universitäten ;11011022;50992077;Thüringen;staatlich;5205129;1216330;5524033;801381;6874214;706307;6958144;500311;5753556;322474;6519379;357843;6709034;260139;68865557;8866566;7.624.449;322.959;;
690;Hafencity Universität Hamburg;;;Überseeallee 16, 20457 Hamburg;Universitäten ;10030466;53607109;Hamburg;staatlich;1364026;0;2786178;0;3124513;0;2817932;215086;3078888;188657;3052063;0;2875791;0;4090576;1030940;3.800.274;266.501;;
950;Universitätsklinikum Schleswig-Holstein;;;Arnold-Heller-Straße 3, 24105 Kiel;Unikliniken ;10140986;54329582;Schleswig-Holstein;staatlich;42530810;15161623;49064304;15222078;54560340;16394945;50854068;17575689;53926639;18809623;57661238;18185984;66066676;23018167;69453000;23056000;80.004.000;25.387.000;;
960;Universität Vechta;Uni Vechta;;Driverstraße 22, 49377 Vechta;Universitäten ;8293637;52721681;Niedersachsen;staatlich;1875621;853216;2172500;850367;3781485;1034620;2788703;692464;3053521;737978;2691858;803989;3116842;915790;3773995;1134987;4.535.588;1.513.300;;
980;Universität Hildesheim;Uni Hildesheim;<b>Carsten Maschmeyer</b><br>Rund 500.000 Euro hatte die Universität Hildesheim jährlich erhalten. 2008 hat sich der großzügige Spender zu erkennen gegeben. Es ist der Chef des in Hannover ansässigen Finanzdienstleisters AWD, Carsten Maschmeyer. Er gebe diesen Betrag, ''weil ich mich meiner Hildesheimer Heimat sehr verbunden fühle, und weil ich die Arbeit der Stiftung Universität Hildesheim in diesem Bereich sehr wichtig finde'', sagte Maschmeyer der Hildesheimer Zeitung. Ein Jahr später erhielt Maschmeyer die Ehrendoktorwürde der selben Universität. Am 14. August 2009 gab es eine Feierstunde und der Präsident der Stiftungsuniversität, Wolfgang Uwe Friedrich, bekannte: ''Wir ehren heute einen sehr erfolgreichen Vertreter der deutschen Finanzwirtschaft wegen seines Mäzenatentums.''<br><br><b>Arwed Löseke</b><br>Der Hildesheimer Unternehmer Arwed Löseke wird am 6. Dezember Ehrendoktor der Wirtschaftswissenschaften an der Universität Hildesheim. In einem Festakt wird Professor Friedrich Lenz, Dekan des Fachbereichs für Informations- und Kommunikationswissenschaften, Löseke die Urkunde verleihen. Die Laudatio hält Dr. Philip Rösler, Vorsitzender der niedersächsischen FDP. Löseke ist Seniorchef der Hildesheimer Arwed Löseke Paperverarbeitung und Druckerei GmbH, die Filterbeutel für Staubsauger und Verpackungen herstellt. Der Unternehmer unterstützt schon seit etlichen Jahren die lokale Kulturszene und die Wissenschaft. Dank Lösekes Spende von 400.000 Euro and die Universität und an die Fachhochschule HAWK wurde eine Stiftungsprofessur für Wirtschaftswissenschaften eingerichtet. Darüber hinaus stattete er die Hochschulstiftung der Uni mit einem Gründungskapital von 100.000 Euro aus.;Marienburger Platz 22, 31141 Hildesheim;Universitäten ;9974953;52133403;Niedersachsen;staatlich;3665419;924969;4073391;650718;5164090;876577;5067978;397273;5677923;1272973;5985082;1325774;5347794;1299558;5329138;873936;6.340.441;1.263.147;;
990;Leuphana Universität Lüneburg;Uni Lüneburg;;Scharnhorststraße 1, 21335 Lüneburg;Universitäten ;10404863;53230227;Niedersachsen;staatlich;10081831;1798241;15638790;1775662;21045133;1811059;24861732;1438902;25778520;1169947;24017839;1514047;19627837;1332691;15586557;1232095;17.640.412;1.456.146;;
1001;Universität Kiel;Christian-Albrechts-Universität zu Kiel;;Christian-Albrechts-Platz 4, 24118 Kiel;Universitäten ;10122797;54338453;Schleswig-Holstein;staatlich;56264544;9689767;51073733;8774754;62113408;10473112;63149960;11364696;62928954;11000270;61366575;11876796;61465019;7472213;66059188;8189529;71.124.868;9.789.351;;
1011;Universität Lübeck;Uni Lübeck;;Ratzeburger Allee 160, 23562 Lübeck;Universitäten ;10712459;538365;Schleswig-Holstein;staatlich;8896035;1100782;9255313;1316750;9084443;1162329;8541802;1339783;9416646;1295661;11674187;778228;13745574;208031;11636651;374696;13.902.511;1.077.134;;
1021;Universität Hamburg (ohne Klinikum);Uni Hamburg (ohne Klinikum);;Mittelweg 177, 20148 Hamburg;Universitäten ;9994432;53563791;Hamburg;staatlich;82765329;7003550;91075451;10736508;105605243;9794600;116692212;12277253;120664877;8022608;120522255;6669949;122651678;7408593;133878836;4991732;127.561.563;4.624.606;;
1029;Universität Hamburg (Klinikum);Uni Hamburg (Klinikum);;Martinistraße 52, 20246 Hamburg;Unikliniken ;9978367;53590013;Hamburg;staatlich;51829480;0;60806369;14359904;60806369;14359904;63461631;14516008;63075390;16335950;80419818;25068553;86468573;36375098;85647018;14113530;81.188.329;7.326.379;;
1031;Universität Göttingen (ohne Klinikum);Georg-August-Universität Göttingen (ohne Klinikum);;Goßlerstraße 5, 37073 Göttingen;Universitäten ;9938538;51540154;Niedersachsen;staatlich;75067525;22706182;91924893;21102173;100791845;9615426;95889392;16199474;95147077;11962224;89441601;9703570;95354921;10514467;101809158;12233092;108.173.432;17.701.486;;
1039;Universität Göttingen (Klinikum);Georg-August-Universität Göttingen (Klinikum);Im Februar 2013 veröffentlichte das Göttinger Institut für Demokratieforschung eine Studie mit dem Titel ''Bürgerproteste in Deutschland''. Sie wurde im Auftrag des ölkonzerns BP erstellt und in dessen Auftrag von der Firma kwm outrage Management begleitet. Inhalt der Studie ist eine Analyse der Arbeitsweisen von Bürgerinitiativen, vornehmlich solcher gegen industrielle Großprojekte. Zur Erforschung der Strukturen der Bürgerbündnisse wurden im Sommer 2012 mehrere Bürgerinitiativen von einer Uni-Mitarbeiterin angeschrieben, welche vorgab die Rolle der Bürger in Hinblick auf die Energiewende erforschen zu wollen. Es wird zudem versucht, Informationen über anstehende Aktionen zu sammeln und sogar Teilnahmen an Arbeitstreffen der BIs zu arrangieren. Eine Aufklärung, dass diese Studie für den ölkonzern BP angefertigt und insbesondere auch BIs gegen die umstrittene Fördermethode Fracking im Fokus des Interesses stehen erfolgt dabei nicht.;Robert-Koch-Straße 40, 37075 Göttingen;Unikliniken ;993975;51550139;Niedersachsen;staatlich;40835755;6639361;46303547;7293515;49145999;7372228;53339663;7609447;52067904;7439757;50175832;7558332;52169453;7367152;59684765;9679329;63.760.717;10.120.589;;
1040;TU Hamburg-Harburg;;;Schwarzenbergstraße 93, 21073 Hamburg;Universitäten ;9969759;53463781;Hamburg;staatlich;32518206;0;35112319;2893797;46734966;12592357;33735936;11580561;33841094;8523580;32209278;7551691;31886230;7627298;32717285;8608308;34.639.797;9.761.985;;
1050;Universität Bremen;Uni Bremen;;Bibliothekstr. 1, 28359 Bremen;Universitäten ;8851431;53106527;Bremen;staatlich;91494328;15718376;91067965;11985604;89159987;11565833;91596128;10587722;91596128;10587722;106853585;8747703;110428017;11249974;108296384;7152977;119.351.111;9.520.758;;
1081;Ruhr-Universität Bochum (ohne Klinikum);Ruhr-Universität Bochum (ohne Klinikum);;Universitätsstraße 150, 44801 Bochum;Universitäten ;7258825;51446101;Nordrhein-Westfalen;staatlich;82126872;17084870;80145035;17897167;96915355;21362193;102603491;19294624;93864537;16683023;97466287;18856652;96986474;17291667;293738999;79855480;114.883.009;15.951.756;;
1089;Universität Bochum (Klinikum);Ruhr-Universität Bochum (Klinikum);;In der Schornau 23 - 25, ;Unikliniken ;7221195;5147881;Nordrhein-Westfalen;staatlich;15430428;7088073;8877525;1365392;8931176;341762;8525294;324522;8463756;359515;9174394;402879;8523503;942380;9261432;1057303;8.813.084;1.218.699;;
1091;Universität Bonn (ohne Klinikum);Rheinische Friedrich-Wilhelms-Universität Bonn (ohne Klinikum);;Regina-Pacis-Weg 3, 53113 Bonn;Universitäten ;710367;5073376;Nordrhein-Westfalen;staatlich;84784392;6282117;99837851;2804684;103261325;5633793;112180693;6036370;111568397;6627091;112495722;7240629;116067632;7011047;65457137;5907796;121.478.419;8.292.418;;
1099;Universität Bonn (Klinikum);Rheinische Friedrich-Wilhelms-Universität Bonn (Klinikum);;Sigmund-Freud-Straße 25, 53127 Bonn;Unikliniken ;7103397;50700428;Nordrhein-Westfalen;staatlich;32617172;1312237;37811101;6025797;43213741;7690919;44166157;7701040;48055293;10980511;44452602;9826445;40523735;11953116;51528581;12007310;52.974.408;12.663.455;;
1101;Universität Düsseldorf (ohne Klinikum);Heinrich-Heine-Universität Düsseldorf (ohne Klinikum);;Universitätsstraße 1, 40225 Düsseldorf;Universitäten ;6795243;5119223;Nordrhein-Westfalen;staatlich;25985242;6061200;28345308;6979535;30805674;2263800;32417459;2167460;42749458;4035306;34822931;6094909;39381140;4683250;87917706;19014179;41.154.193;5.539.858;;
1109;Universität Düsseldorf (Klinikum);Heinrich-Heine-Universität Düsseldorf (Klinikum);;Moorenstraße 5, 40225 Düsseldorf;Unikliniken ;6788663;51198947;Nordrhein-Westfalen;staatlich;22037889;3514027;21281011;6901716;24590903;4410190;24423179;3515017;20758276;2860049;20304972;2357509;31677951;8658244;33223869;9645815;29.185.795;5.543.084;;
1111;Universität zu Köln (ohne Klinikum);Uni Köln (ohne Klinikum);"Zwischen der Universität zu Köln und der Bayer Healthcare AG besteht seit 2008 ein Vertrag, dessen Veröffentlichung von beiden Seiten seit Jahren verweigert wird. Bayer fördert die Krebs- und Herzforschung sowie die Ausbildung von Doktoranden mit jährlich sechsstelligen Beträgen. Welche Rechte sich Bayer hiermit gesichert hat, bleibt unklar. Am 6.12.2012 strengte die ''Cooperation-gegen-BAYER-Gefahren'' (CBG) eine Klage vor dem Verwaltungsgericht Köln an, um die Offenlegung des Vertrags zu bewirken. Die Klage wurde abgewiesen, allerdings zur Revision frei gestellt. Im Januar 2013 legte die CBG Berufung ein. <br>Am 18.8.2015 hat der 15. Senat des Oberverwaltungsgerichts für das Land Nordrhein Westfalen entschieden: Die Universität Köln muss ihre Kooperation mit dem Pharmaunternehmen Bayer nicht offenlegen. Urteilsbegründung: ""Die streitige Rahmenvereinbarung falle in den Anwendungsbereich des § 2 und 3 IFG NRW. Diese Bestimmung nehme die Tätigkeit von Hochschulen im Bereich Forschung und Lehre von Informationsansprüchen nach dem Informationsfreiheitsgesetz NRW aus."" Quelle: http://www.ovg.nrw.de/behoerde/presse/pressemitteilungen/01_archiv/2015/42_150818/index.php  ";Albertus-Magnus-Platz, 50923 Köln;Universitäten ;6928026;50927949;Nordrhein-Westfalen;staatlich;51166997;4556006;75710330;4324351;54472313;49261;71790335;3253520;91846080;3128762;92630274;3499170;102985952;4492531;29787819;4389168;111.748.045;2.752.952;;
1119;Universität Köln (Klinikum);Universität zu Köln (Klinikum);;Kerpener Straße 62, 50937 Köln;Unikliniken ;691574;5092274;Nordrhein-Westfalen;staatlich;59869401;22505630;62375108;22686024;74801600;29510965;81155510;33879346;84841332;42668918;90198038;49285268;98513488;59058464;97287467;51011825;105.925.480;60.622.520;;
1121;WWU Westfälische Wilhems-Universität Münster (ohne Klinikum);Uni Münster (ohne Klinikum);Die WWU verfügt über einen Schuldschein bei ihrer Hausbank, der WestLB (jetzt Helaba), sowie über Termingeld bei der Commerzbank. Bei der Credit Suisse verfügt die Hochschule im Depot über Pfandbriefe und öffentliche Anleihen. Neben diesen Wertpapieren besteht ein Sparvermögen bei der Sparda Bank und bei der RheinlandPfalz-Bank. Als drittes Instrument existieren Anleihen im Tagesgeldbereich bei der HypoVereinsbank, bei der Postbank sowie bei der Rheinland-Pfalz-Bank. Folgende Beteiligungen hält die WWU (Stand 31.12.2013): wwu.weiterbildung gemeinnützige GmbH (25.000-Euro 100,000%), JCB Institut fuer Chemo- und Biosensorik GmbH (22.500 Euro 90,000%), European Research Services GmbH (22.000 Euro 88,000%), 52' North Initiative for Geospatial Open Source Softw. GmbH (6.760 Euro 26,000%), Institut für vergleichende Städtegeschichte IStG gGmbH (5.ooo Euro. 20,000%), PROvendis GmbH (5.000 Euro 5,000%), Akademie für Manuelle Medizin GmbH an der WWU (550 Euro 2,120%), CeNTech GmbH, Center for NanoTechnology (5.000 Euro 1,000%), proPlant GmbH Gesell. f. Agrar- und Umweltinformatik mbH (520 Euro 1,000%), Technologieförderung Münster GmbH (5.000 Euro 0,115%), IPP Milnster GmbH (3.100Euro 12,400%).<br>Treuhänderisch verwaltet die WWU folgende vier unselbstständige Stiftungen: <br>- Kerykeion-Stiftung - bei der Volksbank Münster (Depotwert 91.440,33 Euro) <br>- Schiffer-Stiftung - bei der Deutsche Bank AG (Depotwert 634.754,18 Euro) <br>- Schneider-Sasakawa-Funds - bei der Deutsche Bank AG (Depotwert 456.184,38 Euro) <br>- Thümmler-Stiftung - bei der Sparkasse Münsterland Ost (Depotwert 151.012,26 Euro).<br>Für die Kerykeion-Stiftung entscheidet das Kuratorium über die Anlage, die übrigen drei Stiftungen haben die Anlageentscheidung der WWU übertragen. ;Schlossplatz 2, 48149 Münster;Universitäten ;7613911;51963845;Nordrhein-Westfalen;staatlich;85166155;16291579;80543722;13900323;84129674;11300560;87591198;5005016;97658381;15635007;95198752;10449216;91136722;8058645;35516457;4466135;97.458.522;6.867.975;;
1129;Universität Münster (Klinikum);Westfälische Wilhelms-Universität Münster;;Domagkstraße 5, 48149 Münster;Unikliniken ;7600977;51961432;Nordrhein-Westfalen;staatlich;41279403;9183857;46150035;6865079;41822334;9749696;51429044;8238033;56821077;9989090;48768908;10638587;47620151;11583943;45566085;11209574;54.994.154;12.677.467;;
1130;Technische Universität Dortmund;TU Dortmund;TU-Rektorin Ursula Gather ist gleichzeitig Kuratoriumsvorsitzende der Krupp-Stiftung und Mitglied im Aufsichtsrat von Munich Re.;Emil-Figge-Straße 61, 44227 Dortmund;Universitäten ;7413755;51484776;Nordrhein-Westfalen;staatlich;63064061;10739856;69032274;10074949;63897304;9114632;66311180;7930524;63854723;8930632;65906185;8178019;61794294;8185618;108582602;16572009;70.197.039;7.960.294;;
1140;Universität Bielefeld;Uni Bielefeld;;Universitätsstraße 25, 33615 Bielefeld;Universitäten ;8494147;52039212;Nordrhein-Westfalen;staatlich;48916996;3733428;47341214;5331920;57566735;6653505;51627940;7754843;57025183;8711953;56757655;9616165;57845544;9829041;115958398;10147088;74.841.182;14.412.860;;
1161;Universität Frankfurt a.M. (ohne Klinikum);Johann Wolfgang Goethe-Universität, Frankfurt am Main (ohne Klinikum);;Theodor-W.-Adorno-Platz 1, 60323 Frankfurt am Main;Universitäten ;8633915;50174289;Hessen;staatlich;76736803;14775063;85361909;13849103;105065908;13189080;100415759;14063761;118222304;19029257;122814652;17177200;151524302;30496894;156481102;29690451;164.374.030;26.785.944;;
1169;Universität Frankfurt a.M. (Klinikum);Johann Wolfgang Goethe-Universität, Frankfurt am Main (Klinikum);;Theodor-Stern-Kai 7, 60590 Frankfurt;Unikliniken ;8660783;50096372;Hessen;staatlich;38671307;25055273;37907067;14941358;40747090;14962729;28208559;13114671;29070287;13549489;29306137;13549489;0;0;0;0;;;;
1171;Universität Gießen;Justus-Liebig-Universität Gießen;"Nach Recherchen von LobbyControl  finanzierte Monsanto zwei Studien des Instituts für Agribusiness über Glyphosat, ohne dass der Förderer genannt wurde. Bayer als heutiger Monsanto-Eigentümer räumte LobbyControl gegenüber inzwischen ein, dass Monsanto die Studien beauftragt und finanziert habe.
Quelle: https://www.lobbycontrol.de/2019/12/monsanto-finanzierte-verdeckt-glyphosat-studien-zur-lobbyarbeit/ ";Ludwigstraße 23, 35390 Gießen;Universitäten ;8676789;50580783;Hessen;staatlich;48019562;5488689;57376466;11622230;57012009;10110875;59499535;9867440;55729814;9273830;55911276;8353706;64965608;10618960;66364995;10566354;76.980.790;9.538.489;;
1181;Universität Marburg;Philipps-Universität Marburg;;Biegenstraße 10 / 12, 35037 Marburg;Universitäten ;8774245;50810193;Hessen;staatlich;47074574;11070341;44882484;12626480;59341259;17648093;60594076;11878228;61953038;11545290;62092092;12048002;58351721;12147458;65279212;13590820;67.089.054;15.695.538;;
1200;Universität Trier;Uni Trier;;Universitätsring 15, 54296 Trier;Universitäten ;6688289;49745196;Rheinland-Pfalz;staatlich;13442204;1853002;13651004;2022450;11768705;1951387;15530971;2095066;14387897;2352192;13414730;2568614;12844434;2184201;15158866;2159673;15.503.340;740.253;;
1210;TU Kaiserslautern;Technische Universität Kaiserslautern;;Gottlieb-Daimler-Straße 47, 67663 Kaiserslautern;Universitäten ;7750648;49422302;Rheinland-Pfalz;staatlich;35416220;6331837;32027565;2294665;50355926;4843487;47813983;7320044;47501348;6343351;53455663;7051711;52833757;9675643;54835007;4791364;60.406.353;6.961.861;;
1223;Universität Mainz;;Die Boehringer-Stiftung finanziert die biologische Forschung in Mainz von 2020 bis 2027 mit 54 Millionen Euro. Das Land Nordrhein-Westfalen übernimmt rund 52 Millionen Euro, -Erst nach einer gerichtlichen Entscheidung musste die Uni Mainz den Kooperationsvertrag mit Boehringer von 2011 im Internet veröffentlichen. (https://www.forschung-und-lehre.de/politik/kooperations-vertrag-zur-bio-forschung-veroeffentlicht-581/)   ;Saarstraße 21, 55122 Mainz;Universitäten ;8245521;49996544;Rheinland-Pfalz;staatlich;46575808;5219200;47821899;4928418;49349871;3149517;56753356;3312428;57918158;3966563;62472719;3156374;82226959;4387978;84165765;5669502;84.683.608;4.550.411;;
1241;Universität Freiburg i.Br. (ohne Klinikum);Albert-Ludwigs-Universität Freiburg im Breisgau (ohne Klinikum);;Fahnenbergplatz, 79098 Freiburg;Universitäten ;7847898;47998384;Baden-Württemberg;staatlich;86628477;15469964;95906563;7732840;90478286;7934582;98889516;9600759;101983509;6719699;96337929;5921058;100040203;6507361;99344467;7174718;107.126.202;8.570.723;;
1249;Universität Freiburg i.Br. (Klinikum);Albert-Ludwigs-Universität Freiburg im Breisgau (Klinikum);;Hugstetter Straße 49, 79106 Freiburg;Unikliniken ;78408;48004321;Baden-Württemberg;staatlich;68590909;13445342;73635320;16228246;68303194;13074210;66697279;13716748;71389304;15403540;73173808;15786422;74520589;16358179;78715784;16225296;84.089.826;17.367.823;;
1251;Universität Heidelberg (ohne Klinikum);Ruprecht-Karls-Universität Heidelberg (ohne Klinikum);;Grabengasse 1, 69117 Heidelberg;Universitäten ;8705808;49411108;Baden-Württemberg;staatlich;96281396;4614279;104121460;2600841;115794284;6845468;109457806;4166584;116501225;4235591;122257357;7668192;110662437;4765757;126718209;7152927;126.061.036;7.039.060;;
1252;Universität Heidelberg - Medizinische Fakultät Mannheim;;;Theodor-Kutzer-Ufer 1 - 3, 68167 Mannheim;Unikliniken ;848519;494915;Baden-Württemberg;staatlich;21299938;13326357;25352610;15339763;25645309;9896045;26397699;13199617;20982000;11965000;18174000;7543000;19531000;6228000;16774000;4514000;21.191.341;5.732.803;;
1256;Universität Heidelberg (Klinikum);Ruprecht-Karls-Universität Heidelberg (Klinikum);;Im Neuenheimer Feld 672, 69120 Heidelberg;Unikliniken ;8667802;4942007;Baden-Württemberg;staatlich;83144217;24723739;77707230;25471697;85921132;27521281;100281609;28487614;88823345;29341301;103418040;29747689;94370310;32753543;105883729;34594542;126.467.827;41.451.166;;
1260;Universität Konstanz;Uni Konstanz;Die beiden EADS-Rüstungsunternehmen Astrium/Cassidian kooperieren trotz Zivilklausel mit der Uni Konstanz. Außerdem stiften sie jährlich einen Forschungspreis.;Universitätsstraße 10, 78464 Konstanz;Universitäten ;9186558;47689881;Baden-Württemberg;staatlich;49024459;2273247;56574845;2367116;65612071;3657248;62876036;3215978;76907076;7306838;71039520;6009577;70713263;5355002;65400492;6520865;68.162.144;5.843.963;;
1271;Universität Tübingen (ohne Klinikum);Eberhard Karls Universität Tübingen (ohne Klinikum);Cyber Valley zur KI-Forschung an der Uni Tübingen gegründet, finanziert auch durch industrielle Partner (7,5 Mio.Euro): Amazon, BMW Group,  IAV GmbH, Daimler AG, Dr. Ing. h.c. F. Porsche AG, Robert Bosch GmbH ZF Friedrichshafen AG.- Damit können deutsche KI-Talente durch attraktive Angebote von Amazon abgeworben werden.;Geschwister-Scholl-Platz, 72074 Tübingen;Universitäten ;9059975;48524345;Baden-Württemberg;staatlich;49172569;7682233;58424732;7316056;65340132;9251627;70468379;7924101;75604146;8160838;87664925;5945861;99588739;11449357;99678059;7041353;109.703.280;9.558.422;;
1279;Universität Tübingen (Klinikum);Eberhard Karls Universität Tübingen (Klinikum);;Otfried-Müller-Straße 10, 72076 Tübingen;Unikliniken ;9040783;48529754;Baden-Württemberg;staatlich;71999469;16454372;69527953;20059064;86820107;19017495;80579592;19452201;86405521;26064664;90710378;23112915;87571300;27804626;105567737;32738426;89.678.152;37.245.030;;
1290;Universität Koblenz-Landau;Uni Koblenz-Landau;;Präsidialamt, Rhabanusstraße 3, 55118 Mainz ;Universitäten ;810919;49203876;Rheinland-Pfalz;staatlich;15104492;1360940;11587360;1145503;15154181;1207487;13149322;1116797;15685237;1091592;12831968;761784;13668002;662131;16771592;436201;15.247.396;617.204;;
1313;Universität Erlangen-Nürnberg;Friedrich-Alexander-Universität Erlangen-Nürnberg (ohne Klinikum);"An der Universität Erlangen-Nürnberg wurde der Hörsaal H5 der Rechts- und Wirtschaftswissenschaftlichen Fakultät 2007 renoviert und modernisiert. Geändert hat sich auch der Name des Hörsaals: Statt H5 prangt neben der Tür nun ein Schild, auf dem ein blaues Logo prangt: easyCredit. Hinter dem Namen verbirgt sich ein Kreditangebot der Nürnberger Teambank AG. Das Geldinstitut hat den Umbau des Hörsaals mit einer Spende von 130 000 Euro finanziert. Zehn Jahre lang wird der Raum dafür easyCredit-Hörsaal heißen. Vor dem easyCredit-Hörsaal gab es in Erlangen-Nürnberg schon den GfK-Hörsaal, benannt nach der Nürnberger Gesellschaft für Konsumforschung. Beim easyCredit-Hörsaal handelt es sich jedoch um den ersten der nicht nach einem Unternehmen oder einem Spender, sondern nach dessen Produkt benannt ist.<br>
In den regelmäßig erscheinenden Sponsoringberichten des Bayerischen Innenministeriums werden keine Sponsoren oder Spender für die bayerischen Universitäten genannt. Auch Kooperationsverträge mit gewerblichen Unternehmen werden von bayerischen Universitäten kaum offengelegt.";Schloßplatz 4, 91054 Erlangen;Universitäten ;11004368;49597863;Bayern;staatlich;96294884;36442616;114584492;41738154;123478964;44562498;132222240;46915584;138475464;39118813;133899241;38639158;137054474;43112158;154160579;41665656;155.069.447;38.942.219;;
1319;Universität Erlangen-Nürnberg (Klinikum);Friedrich-Alexander-Universität Erlangen-Nürnberg (Klinikum);;Maximiliansplatz 2, 91054 Erlangen;Unikliniken ;11010143;49600847;Bayern;staatlich;28020441;8769201;29764433;8092919;31493334;7229719;27028268;3034546;34999650;10165690;39023051;14024246;37249248;15871928;40759539;17073935;32.789.055;8.705.480;;
1321;Universität München (ohne Klinikum);Ludwig-Maximilians-Universität München (ohne Klinikum);Die Arbeitgeberverbände der bayerischen und baden-württembergischen Metallindustrie sowie der Bundesarbeitgeberverband Chemie stiften im Jahr 2004 das Zentrum für Arbeitsbeziehungen und Arbeitsrecht, kurz Zaar, als An-Institut an der Ludwig-Maximilians-Universität. 55 Millionen Euro Stiftungsvermögen stellten die drei Verbände zur Verfügung. Aus den Zinsen finanziert sich der Institutsbetrieb. Laut Satzung dient die Forschung dem Ziel, ''das Arbeitsrecht in eine ökonomische Folgenanalyse einzubetten und ordnungspolitisch zu strukturieren''.;Geschwister-Scholl-Platz 1, 80539 München;Universitäten ;11580607;48150747;Bayern;staatlich;128634372;28497910;127632798;9783706;135940886;8792425;159849707;10006858;156333656;13834882;162861512;8392757;157109535;9300936;179934580;7936483;195.830.420;18.028.204;;
1329;Universität München (Klinikum);Ludwig-Maximilians-Universität München (Klinikum);;Marchioninistraße 15, 81377 München;Unikliniken ;11475309;48111884;Bayern;staatlich;76092907;0;78555224;23729205;79372820;23443650;84038460;23077954;83388731;25208971;95317761;29673408;96769790;30318747;97105606;25611882;105.288.501;32.687.176;;
1331;Universität Würzburg (ohne Klinikum);Julius-Maximilians-Universität Würzburg (ohne Klinikum);;Am Hubland, 97074 Würzburg;Universitäten ;9966696;49779645;Bayern;staatlich;65694732;11129255;74910095;6399745;72368430;7308378;63900761;5539390;59391194;4892541;69294671;6026368;69421849;9366409;72891624;7959981;87.035.628;9.061.845;;
1339;Universität Würzburg (Klinikum);Julius-Maximilians-Universität Würzburg (Klinikum);In den regelmäßig erscheinenden Sponsoringberichten des Bayerischen Innenministeriums werden keine Sponsoren oder Spender für die bayerischen Universitäten genannt. Auch Kooperationsverträge mit gewerblichen Unternehmen werden von bayerischen Universitäten kaum offengelegt.;Josef-Schneider-Str. 2, 97080 Würzburg;Unikliniken ;9953461;49801045;Bayern;staatlich;20074513;7867665;25662128;8760223;34502068;12844535;29910265;11684311;35514565;15491530;34581944;12923685;36388132;14508213;36537995;13957023;43.903.062;16.131.504;;
1341;Universität Regensburg (ohne Klinikum);Uni Regensburg (ohne Klinikum);In den regelmäßig erscheinenden Sponsoringberichten des Bayerischen Innenministeriums werden keine Sponsoren oder Spender für die bayerischen Universitäten genannt. Auch Kooperationsverträge mit gewerblichen Unternehmen werden von bayerischen Universitäten kaum offengelegt.;Universitätsstraße 31, 93053 Regensburg;Universitäten ;12092461;4900038;Bayern;staatlich;39541282;11915945;37710384;8724368;42558207;10095490;44527709;9699185;41423797;8322910;47079771;10703031;46723654;8876003;50180206;8185345;48.217.587;8.893.179;;
1349;Universität Regensburg (Klinikum);Uni Regensburg (Klinikum);In den regelmäßig erscheinenden Sponsoringberichten des Bayerischen Innenministeriums werden keine Sponsoren oder Spender für die bayerischen Universitäten genannt. Auch Kooperationsverträge mit gewerblichen Unternehmen werden von bayerischen Universitäten kaum offengelegt.;Franz-Josef-Strauß-Allee 11, 93053 Regensburg;Unikliniken ;12089879;48988935;Bayern;staatlich;17534661;6945573;22317922;8387910;18238372;7926091;16118248;5856334;16619694;5469672;15391228;5987215;16199046;6762887;18191514;6977840;21.860.442;7.040.883;;
1350;Universität Augsburg;Uni Augsburg;In den regelmäßig erscheinenden Sponsoringberichten des Bayerischen Innenministeriums werden keine Sponsoren oder Spender für die bayerischen Universitäten genannt. Auch Kooperationsverträge mit gewerblichen Unternehmen werden von bayerischen Universitäten kaum offengelegt.;Universitätsstraße 2, 86135 Augsburg;Universitäten ;10898655;48332798;Bayern;staatlich;16724508;13000;18240816;5962002;15602500;4664652;16335074;2597489;15278675;3196894;18025875;3127235;17566051;2520601;19705712;2436737;21.587.617;2.262.256;;
1363;Universität des Saarlandes Saarbrücken in Saarbrücken;Uni Saarbrücken;;Campus, 66123 Saarbrücken;Universitäten ;7039295;49254075;Saarland;staatlich;53032280;15562226;81683799;28624766;58467936;12008970;68394557;14664357;60507688;11345765;73231033;13118289;71310708;13383135;72637437;19206496;71.219.895;17.492.006;;
1369;Universität des Saarlandes Saarbrücken, Homburg/Saar;;;None;Unikliniken ;7037709;49254279;Saarland;staatlich;0;0;0;0;0;0;0;0;0;0;0;0;0;0;0;0;;;;
1381;FU Berlin;Freie Universität Berlin;"Die Freie Universität Berlin hat eine umfangreiche Datenbank über Drittmittelprojekte (https://serrata.elsa.fu-berlin.de/dmv#), in der differenziert auch  Kooperationen mit Wirtschaftsunternehmen oder Verbänden nachgewiesen werden, allerdings ohne Angaben zum Budget.<br>
Über berliner Universitäten werden keine Sponsoringberichte veröffentlicht.";Kaiserswerther Straße 16/18, 14195 Berlin;Universitäten ;13286075;52448125;Berlin;staatlich;111447759;9651555;107754757;11818420;114347878;10947639;113173680;5601989;130703127;6364810;115034819;5953640;128336882;5651983;133347114;4685678;137.769.653;5.138.244;;
1390;Universitätsmedizin der Johannes Gutenberg-Universität Mainz;;;Langenbeckstraße 1, 55131 Mainz;Unikliniken ;8259787;49993079;Rheinland-Pfalz;staatlich;41256472;17774535;47367071;18723106;44548893;15241972;54261294;17959895;55405647;19321109;54490818;18084244;45669674;15193843;49475147;15147643;58.884.153;20.589.256;;
1430;TU Braunschweig;Technische Universität Carolo-Wilhelmina zu Braunschweig;;Bültenweg 88, 38106 Braunschweig;Universitäten ;10533559;52273004;Niedersachsen;staatlich;73359357;17295152;76681446;21142242;76788879;23162334;80781125;24693430;81466975;21751561;82243683;21531446;88737517;22360178;92527240;22088924;100.397.482;23.574.185;;
1440;TU Clausthal;Technische Universität Clausthal;;Adolph-Roemer-Straße 2a, 38678 Clausthal-Zellerfeld;Universitäten ;10333893;51804802;Niedersachsen;staatlich;25542416;9333202;27259209;12363664;29723122;12973066;36268779;12136497;32812680;12693903;31273914;12301290;26312066;10586743;28808622;9534991;29.529.856;10.102.555;;
1450;Universität Hannover;Gottfried Wilhelm Leibniz Universität Hannover;;Welfengarten 1, 30167 Hannover ;Universitäten ;9722682;52378853;Niedersachsen;staatlich;79326093;21427888;86092609;25874267;89936902;27344875;102561348;28274076;109684876;28574846;105880105;26770559;107653551;25752781;112661009;25875717;122.126.664;25.172.530;;
1481;RWTH Aachen (ohne Klinikum);Rheinisch-Westfälische Technische Hochschule Aachen (ohne Klinikum);"Das Institut für Kraftfahrzeuge der RWTH Aachen ika wird größtenteils finanziert von der Fahrzeugindustrie. Ihm wird vorgeworfen, industriefreundliche Ergebnisse zu produzieren.<br><br> Der Lehrstuhl für Verbrennungskraftmaschinen steht seit der Gründung des Unternehmens durch den damaligen Lehrstuhlinhaber Franz Pischinger in enger Verbindung zur FEV GmbH. 1997 folgte auf dem Lehrstuhl dem Gründer der eigene Sohn Stefan Pischinger, der derzeit zugleich Vorsitzender der Geschäftsführung der FEV GmbH ist..<br><br>Hörsaalbenennung nach Sponsoren hat an der RWTH eine lange Tradition. So heißt die Aula im Hauptgebäude seit langem Aachener-und-Münchener-Halle nach der gleichnamigen Versicherung. Dem inzwischen zum Generali-Konzern gehörenden Versicherer bleibt man verbunden: Im benachbarten Hochschulgebäude Super C heißt einer der Säle Generali-Saal, der andere heißt nach dem amerikanischen Automobilkonzern Ford-Saal. <br><br>Das Projekt des RWTH Campus strebt eine noch engere Verzahnung von Hochschule und Unternehmen an; bis 250 Unternehmen bekommen hier ''die Möglichkeit, sich mit eigenen Forschungs- und Entwicklungskapazitäten auf dem Campus anzusiedeln und sich über einzelne Forschungskooperationen hinaus langfristig in die Forschungs- und Weiterbildungsaktivitäten der Hochschule einzubringen.'' ''Dabei erhalten die auf dem Campus ansässigen Unternehmen besonderen Zugang zu der auf dem RWTH Aachen Campus vorhandenen Infrastruktur(z.B. Nutzung von Mess- und Prüfständen) sowie zu Fort- und Weiterbildungsangeboten und zum dringend benötigten akademischen Nachwuchs.''";Templergraben 55, 52056 Aachen;Universitäten ;6078437;50777689;Nordrhein-Westfalen;staatlich;234738633;72930445;232232427;57096568;259958430;67370095;262640614;76878626;300198857;110292378;296931741;73683776;297500000;73821073;65934141;10847796;325.929.336;85.296.252;;
1489;RWTH Aachen (Klinikum);Rheinisch-Westfälische Technische Hochschule Aachen (Klinikum);;Pauwelsstraße 30, 52074 Aachen;Unikliniken ;604392;50775633;Nordrhein-Westfalen;staatlich;32299936;6907640;32534963;6779705;33440329;7628486;33833266;8207698;41007202;7027773;34122818;9470428;38708401;7904234;42674604;7217932;45.298.221;9.436.720;;
1530;TU Darmstadt;Technische Universität Darmstadt;'Mit der Technischen Universität Darmstadt verbindet die Continental Division Chassis & Safety eine langjährige Partnerschaft. Das erste gemeinsame Forschungsprojekt mit dem Fachgebiet Fahrzeugtechnik begann schon in den 80er Jahren.''<br>In Kooperation mit Intel wurde das Intel Collaborative Research Institute for Secure Computing (ICRI-SC) gegründet.<br>In Kooperation mit SAP wurde das CEC Darmstadt, auch Global Research and Business Incubation Darmstadt genannt, gegründet: Global Research and Business Incubation Darmstadt.<br>Die TU forschte von 2009 bis 2011 im Auftrag der amerikanischen Streitkräfte.;Karolinenplatz 5, 64289 Darmstadt;Universitäten ;8655468;49874578;Hessen;staatlich;115425255;24461030;119483442;34053229;117259727;34247419;128211912;31765814;126677941;29683004;131039771;35195681;137075623;33147564;138379162;30121494;142.540.992;28.885.706;;
1580;Karlsruher Institut für Technologie (KIT) - Bereich Hochschule;;Nachwuchswissenschaftler am KIT sind auch für Wirtschaftsunternehmen tätig. Die sogenannten Shared Professorships sind auf vier Jahre angelegt und werden zu gleichen Teilen vom KIT und jeweils einem Unternehmen, wie zum Beispiel der Daimler AG, finanziert. Um unternehmerischer Einflussnahme vorzubeugen, seien die Forschungsthemen grundlegend und langfristig angelegt.;Kaiserstraße 12, 76131 Karlsruhe;Universitäten ;8413998;49009202;Baden-Württemberg;staatlich;137087263;21962248;157527855;34191130;160421218;23896639;166065315;24946365;143229527;25537158;146051560;33799657;138526564;28283123;145906003;26876953;145.482.601;28.713.078;;
1590;Universität Stuttgart;Uni Stuttgart;;Keplerstraße 7, 70174 Stuttgart;Universitäten ;9175758;48781934;Baden-Württemberg;staatlich;128850094;32854604;145617109;30724749;161872602;33358677;178569217;35198075;145475665;34011596;159570878;34894561;161564255;35345952;176416825;32738069;166.729.743;34.992.168;;
1633;TU München (ohne Klinikum);Technische Universität München (ohne Klinikum);"Aus der Pressemitteilung der TUM vom 7.10.2019:  Als Teil des 2012 eingerichteten Munich Center for Technology in Society (MCTS) konzentriert sich das TUM Institute for Ethics in Artificial Intelligence (IEAI) auf die ethischen Implikationen der Künstlichen Intelligenz. Das US-amerikanische Unternehmen Facebook unterstützt jetzt die TUM-Initiative mit 6,5 Millionen Euro. Quelle <br>Heise Online schreibt:""Für die ersten Förderprojekte wurden 2,3 Millionen Euro veranschlagt. Dabei soll zum Beispiel erkundet werden, welche Rolle die Algorithmen von Online-Plattformen bei der Verbreitung von Hassrede und ""Fake News"" haben. Dafür werde die Dynamik der Meinungsbildung mathematisch modelliert, erläuterte das Institut. Ein weiteres Projekt geht der Frage nach, ob Nutzer durch personalisierte Ansprache dazu bewegt werden können, ihr Verhalten beim Verbreiten gefälschter Nachrichten zu ändern."" Quelle Heise";Arcisstraße 21, 80333 München;Universitäten ;11568492;48148338;Bayern;staatlich;211655082;72325962;225622726;76774432;271883010;86547375;261670728;77714612;250522142;72160520;255928791;72917746;273285288;72831539;293937248;79129722;315.511.088;93.442.712;;
1639;TU München (Klinikum);Technische Universität München (Klinikum);;Ismaninger Straße 22, 81675 München;Unikliniken ;11598654;48136885;Bayern;staatlich;43195738;10388452;43782073;11491352;39526230;8911341;41191074;10628715;40035038;10320913;41494382;11601009;45585390;15058787;49958111;15396010;54.855.445;12.314.137;;
1690;TU Berlin;Technische Universität Berlin;Ein großer Teil der Kooperationen mit Wirtschaftsunternehmen wird auch von der TU Berlin mit An-Instituten durchgeführt, z.B. mit Daimler und der Telekom, siehe: https://www.tu-berlin.de/praesidialbereich/institutionelle_kooperationen/menue/an_institute/ ;Straße des 17. Juni 135, 10623 Berlin;Universitäten ;13326346;52512698;Berlin;staatlich;146189000;23990000;158943000;19985000;153010000;20290000;175007000;25849000;173847926;19265087;175250091;20533092;149543469;19981168;155320478;20500853;173.552.477;20.747.932;;
1739;Medizinische Hochschule Hannover;;;Carl-Neuberg-Str. 1, 30625 Hannover;Unikliniken ;9806692;52383767;Niedersachsen;staatlich;84564595;22576207;90596900;23048970;90670846;23005961;86548441;23848227;90355764;27558197;94806499;25901380;91367557;25487433;93725082;25538108;;;;
1800;Universität Hohenheim;Uni Hohenheim;;Garbenstraße 30, 70599 Stuttgart;Universitäten ;9208876;48711233;Baden-Württemberg;staatlich;30964133;3276483;28056611;3112144;26961695;3229547;33054870;3521752;30357474;3767086;31385743;3989809;28975675;6431238;33060327;4847965;32.654.801;4.920.489;;
1810;Universität Mannheim;Uni Mannheim;An der Mannheimer Universität beteiligten sich Unternehmen mit Spenden zwischen 2.000 und 300.000 Euro bei der Renovierung des Barockschlosses. So erhielt der Hörsaal M 003 nach der Wirtschaftsprüfungsgesellschaft PricewaterhouseCoopers (PwC), die dafür 300.000 Euro bezahlten, den Beinamen PwC-Hörsaal. Auf den Spender weise eine dezente Tafel vor dem Hörsaal hin. Schriftgröße und Stil seien immer gleich, Logos tabu. Im Hörsaal selbst gebe es höchstens indirekte Hinweise wie ein Band in der Unternehmensfarbe des Spenders. Elf der 21 umbenannten Hörsäle gehören zur betriebswirtschaftlichen Fakultät.<br>Der Kontakt zwischen Wirtschaft und Lehre ist besonders an dieser Fakultät stark ausgeprägt.<br><br>Darüber hinaus verfügt die betriebswirtschaftliche Fakultät mit dem Lehrstuhl für Angewandte BWL über einen von der Ernst&Young Stiftung finanzierten Lehrstuhl. Auch andere Unternehmen finanzieren Stiftungslehrstühle an der Universität.<br><br>Auch im Bereich Campus-Marketing sind Sponsorengelder aus der Privatwirtschaft gerne gesehen. Die Universität wirbt auf ihrer Homepage um neue Geldgeber: ''Der Campus der Universität Mannheim ist die optimale Plattform für aktives Employer Branding, Personalmarketing oder Produktmarketing. Durch angepasste Maßnahmen können Ihre Ziele einfach und effizient umgesetzt werden. Wir stellen Ihre Botschaft in den Mittelpunkt und verschaffen Ihnen direkten Kontakt zu Ihrer Zielgruppe.''<br><br>In der Zentralmensa gibt es seit 2011 eine ''FAZ-Lounge''. ''Die auf fünf Jahre angelegte Kooperation zwischen Frankfurter Allgemeine Zeitung und Studentenwerk Mannheim soll Studenten Lesekompetenz und Leselust ermöglichen.'';Schloss, 68131 Mannheim;Universitäten ;7743203;49805666;Baden-Württemberg;staatlich;17320717;3146572;19940721;3559001;19790903;3177292;21994145;4016958;25448168;2628654;21416733;2785205;21583748;3325179;23072529;2409412;25.706.011;1.892.055;;
1821;Universität Ulm (ohne Klinikum);Uni Ulm (ohne Klinikum);;Albert-Einstein-Allee 11, 89081 Ulm;Universitäten ;9952948;48424537;Baden-Württemberg;staatlich;30229464;9187346;31591595;7284541;29784083;6833250;35758491;7090157;43166573;7109789;36237915;7170100;34812888;7196612;36657483;6942810;42.633.052;6.943.038;;
1829;Universität Ulm (Klinikum);Uni Ulm (Klinikum);;Albert-Einstein-Allee 7, 89081 Ulm;Unikliniken ;9954443;48425097;Baden-Württemberg;staatlich;40550629;10762227;45779171;10641858;48953719;12961486;50896906;11669224;54000702;16255234;56728274;17242621;53657493;17146797;54390603;18220541;65.411.312;22.288.463;;
3100;Universität Flensburg;Uni Flensburg;;Auf dem Campus 1, 24943 Flensburg;Universitäten ;9458917;54776609;Schleswig-Holstein;staatlich;2153063;567819;3714623;3709953;3130589;101499;4403642;120689;4110885;86235;3223745;171529;3876677;156236;3717897;64978;3.008.144;20.050;;
3500;Universität Potsdam;Uni Potsdam;;Am Neuen Palais 10, 14469 Potsdam;Universitäten ;13013884;52398711;Brandenburg;staatlich;36578970;2774166;44549672;3045416;49759875;4891525;51435626;5328101;48646029;4099950;56720508;4064092;49214894;3972383;56348262;4779816;58.908.557;5.984.010;;
