Bundesland;Uni;Name;Funktion;Unternehmen;Alternativname
Nordrhein-Westfalen;Hochschule Hamm-Lippstadt;Gertjan van der Ven;;Emerson Deutschland;
;;Jörg Hegemann;stellvertretender Vorsitzender;Stadtwerke Hamm GmbH;
;;Wilhelm Dresselhaus;;Alcatel-Lucent Deutschland AG;
;;Robert Heggemann;;HEGGEMANN AG;
;Hochschule Niederrhein;Herr Professor Dr. Sebastian M. Schmidt;stellvertretender Vorsitzender;Forschungszentrum Jülich GmbH;
;;Frau Jutta Zülow;;Zülow AG;
;FH Westliches Ruhrgebiet;Dipl.-Ing. Gabriele Riedmann de Trinidad;Vorsitzende;Deutsche Telekom;T-Systems International GmbH
;;Burkhard Drescher;stellvertretender Vorsitzender;"InnovationCity Management GmbH; BDC Consulting GmbH & Co.KG";
;Hochschule Ostwestfalen-Lippe;Ernst-Michael Hasse;;Schwering & Hasse Elektrodraht GmbH;
;;Professorin Dr. Marianne Reeb;;Daimler;Daimler Society and Technology Research Group
;;Dr. Ulrich Stiebel;;Stiebel Eltron;
;RWTH Aachen (ohne Klinikum);Dr.-Ing. Bernd Bohr;stellvertretender Vorsitzender;Bosch;
;;Prof. Dr. Siegfried Russwurm;;Siemens;CEO Industry Sector Siemens AG
;Universität Wuppertal;Josef Beutelmann;Vorsitzender;Barmenia Versicherungen;
;Universität Siegen;Arndt G. Kirchhof;Vorsitzender;KIRCHHOFF Gruppe;
;Universität Paderborn;Hubertus Benteler;;Benteler International AG ;
;;Herbert Hanselmann;;dSPACE GmbH;
;Universität Bielefeld;Dirk Hindric;;Schüco International KG;
;Universität Düsseldorf (ohne Klinikum);Patrick Schwarz-Schütte;stellvertretender Vorsitzender;Black Horse Investments GmbH;
;;Dr. Simone Bagel-Trah;;Henkel AG;
;Universität Köln (ohne Klinikum);Dr. Richard Pott;Vorsitzender;Bayer AG;
;;Dr. Barbara Bludau;;Kanzlei P+P Pöllath und Partners;
;;Claudia Nemat;;Deutsche Telekom;
;Universität Duisburg-Essen (ohne Klinikum);Doris König;;InterRex GmbH;
;Universität Bochum (ohne Klinikum);Birgit Fischer;;Verband der forschenden Pharmaunternehmen;
;Technische Universität Dortmund;Hans Jaeger;;Jaeger Ausbau Beteiligung GmbH & Co.;
;;Ulrich Reitz;;Chefredakteur der „WAZ Westdeutsche Allgemeine Zeitung“;
;;Reinhold Schulte;;"SIGNAL Versicherungen; SIGNAL IDUNA Gruppe";
;;Edwin Eichler;;ThyssenKrupp;
;Fachhochschule Bielefeld;Lothar Kriszun;stellv. Vorsitzender;CLAAS KGaA mbH;
;;Anja-Christina Horstmann;;KG transmitter components GmbH;
;;Dr. Eduard Sailer;;Miele & Cie. KG;
;Fachhochschule Dortmund;Angela Feuerstein;Vorsitzende;SMF KG, merkarion GmbH, Nicolai GmbH Dortmund;
;Fachhochschule Düsseldorf;Ina Kirchhof;Stellvertretende Vorsitzende;ERGO Versicherungsgruppe AG;
;Fachhochschule Köln;Achim Berg;;Microsoft Deutschland GmbH;
;;Uwe Kotz;;BPW Bergische Achsen KG;
;Fachhochschule Münster;Magdalena Münstermann;;Bernd Münstermann GmbH & Co. KG;
;Fachhochschule Südwestfalen;Peter Gasse;;Hüttenwerke Krupp Mannesmann;
;;Dr. Johannes Kirchhoff;;FAUN Umwelttechnik GmbH & Co.KG;
;;Horst-Werner Maier-Hunke -Vorsitzender-;;DURABLE Hunke & Jochheim GmbH & Co. KG;
;Fachhochschule Südwestfalen;Peter Gasse;;Hüttenwerke Krupp Mannesmann GmbH;
;;Dr. Johannes Kirchhoff;;FAUN Umwelttechnik GmbH & Co.KG;
;;Horst-Werner Maier-Hunke -Vorsitzender-;;DURABLE Hunke & Jochheim GmbH & Co. KG;
;Fernuniversität Hagen;Manfred Scholle;;GELSENWASSER;
;FH Aachen;Stefanie Peters;;NEUMAN & ESSER;
Saarland;Universität des Saarlandes;Prof. Dr.-Ing. Klaus Henning;;OSTO Systemberatung GmbH;
;;Prof. Dr. Norbert Bannenberg;;Technischer Vorstand Dillinger Hüttenwerke AG;
Niedersachsen;Hochschule Emden/Leer (FH);Dr. Eckel;;TKMS Blohm + Voss Nordseewerke GmbH;
;Hochschule für Bildende Künste Braunschweig;Norbert Gabrysch;;wirDesign Communications AG;
;Hochschule Osnabrück;Dr. Andreas Mainka;;August Mainka GmbH & Co;
;Hochschule Wilhelmshaven/Oldenburg/Elsfleth (FH);Prof. Dr. Gerd Buziek;;Esri Deutschland GmbH;
;;Tom Nietiedt;;Nietiedt-Gruppe;
;Technische Universität Braunschweig;Prof. Dr. Heinz Jörg Fuhrmann;;Salzgitter AG;
;;Prof. Dr. Martin Winterkorn;;Volkswagen;Volkswagen AG
;Technische Universität Clausthal;Dr. Jürgen Großmann;;Georgsmarienhütte GmbH;
;;Dr. Harald Ludanek;;Scania;
;;Agnes Tistler-Kachel;;LogoSensus Management Consultants GmbH;
;Universität Göttingen (ohne Klinikum);Dr. Wilhelm Krull;;Volkswagen;VolkswagenStiftung
;Universität Osnabrück;Hans-Wolf Sievert;;Sievert AG;
;Universität Hannover;Sepp Dieter Heckmann;;Deutschen Messe AG;
;Universität Oldenburg;Jörg Waskönig;Vorsitzender;Fa. Waskönig + Walter Kabelwerke;
Rheinland-Pfalz;Fachhochschule Bingen;Michael Heß;;BASF SE;
;Fachhochschule Worms;Dr. Robert Blackburn;;BASF SE;
;;Dominique Döttling;;Döttling & Partner Beratungsgesellschaft mbH;
;;Michael Suden;;Fiege Logistik Stiftung & Co. KG;
;Hochschule Ludwigshafen;Marco Esser;stellvertretender Vorsitzender;Commerzbank;
;Hochschule Trier;Theo Scholtes;Vorsitzender;Bitburger Braugruppe GmbH;
;;Holger von Keutz;Stellvertr. Vorsitzender;PricewaterhouseCoopers;
;Universität Mainz (ohne Klinikum);Prof. Dr. Dr. Andreas Barner;Vorsitzender;Boehringer Ingelheim;
;;Dr. Leopold von Heimendahl;;Schott Glas Konzerns;
Sachsen;Westsächsische Hochschule Zwickau;Frank Löschmann;;SisTeam Group;
;Hochschule Mittweida;Georg Kuka;;advanced fiber tools GmbH;
;;Sabine Sändig;;ifw optronics GmbH;
;Technische Universität Bergakademie Freiberg;Herr Dipl.-Ing. Mario Behrendt;;Deutsche Solar GmbH;
;;Herr Prof. Karl-Ulrich Köhler;;Tata Steel Europe;
;;Herr Prof. Dr. Burkhard Schwenker;;Roland Berger Strategy Consultants GmbH;
;Hochschule Zittau/Görlitz;Herr Dr.-Ing. Roman Müller;;Bombardier Transportation;
;Technische Universität Dresden (ohne Klinikum);Gunda Röstel ;Vorsitzende;GELSENWASSER;
;;Prof. Klaus Raps;Stellvertr. Vorsitzender;Bilfinger Berger;
;;Prof. Dr. sc. nat. Knut Löschke ;;Deutsche Bahn;Deutsche Bahn AG
;;Dipl.-Ing. Jörg Thiele ;;iproplan Planungsgesellschaft mbH;
;;Prof. Martin Winterkorn  ;;Volkswagen;Volkswagen AG
;Technische Universität Chemnitz;Hans J. Naumann;;NILES-SIMMONS-HEGENSCHEIDT GmbH;
;;Dr.-Ing. E. h. Gunnar Grosse;;KOMSA Kommunikation Sachsen AG;
;;Dipl.-Kfm. Bodo Finger;;Chemnitzer Zahnradfabrik GmbH & Co. KG;
;Universität Leipzig (ohne Klinikum);Knut Löschke;;"PC-Ware Information Technologies GmbH/AG; Comparex";
Schleswig-Holstein;Fachhochschule Kiel;Katrin Birr;;Gebr. Friedrich GmbH & Co KG;
;Fachhochschule Westküste;Gunnar Liehr;Vorsitzender;Siemens;
;;Dr. Regina Buhr;;VDI/VDE Innovation + Technik GmbH;
;Fachhochschule Lübeck;Dr. Erik Larsson;Vorsitzender;Glaxo Wellcome GmbH & Co., Bad Oldesloe;
;;Max Schön;;Max & Co Küchenhandelsgesellschaft mbH, Lübeck;
;Musikhochschule Lübeck;Renate Menken;;Possehl-Stiftung;
;Universität Flensburg;Andreas Dethleffsen;;Hermann G. Dethleffsen-Familienholding;
Sachsen-Anhalt;Hochschule Harz;Dr. Franz Mnich;Vorsitzender;Microvista GmbH;
;;Gerhard Bürger;;Bürger AG;
;;Prof. Dr. Hartmut Dannenberg;;HaCon Ingenieurgesellschaft mbH;
;;Dr. Dieter Nirschl;;TUI;TUIfly GmbH
;Universität Magdeburg (ohne Klinikum);Herr Günther Troppmann;;Deutsche Kreditbank;
;;Herr Dipl.-Ing. Helmut Gierse;;Siemens;
;;Herr Prof. Dr.-Ing. Ulf Plöcker;;Evonik;Evonik Degussa GmbH
;Hochschule Anhalt;Matthias Gabriel;;P-D ChemiePark Bitterfeld Wolfen GmbH;
;;Dr. Helge Fänger;;Serumwerk Bernburg AG;
;Hochschule Magdeburg-Stendal;Dr. Lutz Petermann;;FAM Magdeburger Förderanlagen und Baumaschinen GmbH;
;;Klemens Gutmann;;regiocom GmbH;
;Universität Halle (ohne Klinikum);Wilfried Klose;;Abfallwirtschaft Gmb;
Thüringen;Universität Jena (ohne Klinikum);Jürgen Radomski;;Siemens;
;;Prof. Dr. Michael Kaschke;;Carl Zeiss;Carl Zeiss AG
;Ernst Abbe Fachhochschule Jena;Klaus Berka;Vorsitzender;Analytik Jena AG;
;;Dr. Ute Bergner;;VACOM Vakuum Komponenten & Messtechnik GmbH;
;;Dr. Fred Grunert;;MAZeT GmbH;
;;Peter Popp;;Carl Zeiss;Carl Zeiss Jena GmbH
;Fachhochschule Erfurt;Herr Frank Belkner;;ERFURT Bildungszentrum GmbH;
;;Herr Dr. Jan Kemper;;CFO Zalando GmbH;
;Fachhochschule Nordhausen;Nadine Henkel;;EPC Technology GmbH;
;FH Schmalkalden;Siegbert Lapp;;Lapp Holding AG;
;Hochschule fÃ¼r Musik Franz Liszt Weimar;Georg Krupp;Vorsitzender;Deutsche Bank;
;;August-Wilhelm Scheer;;IDS Scheer AG;
;Technische Universität Ilmenau;Dr. Michael Mertin;;Jenoptik AG;
;;Dr. Edgar Most;;Deutsche Bank;
;Universität Erfurt;Wolfgang Kühnhold;;Lufthansa;Lufthansa AG
Mecklenburg-Vorpommern;Hochschule Neubrandenburg;Dipl.-Ing. Bernd Arnold;;Wilhelm Brandenburger GmbH u. Co. OHG;
;;Dipl.-Ing. Lutz Braun;;Architekturfabrik Neubrandenburg;
;;Roland Eifel;;Barmer Ersatzkasse;
;;Dr. rer.pol. Christine Färber;;Competence Consulting;
;Hochschule Wismar;Herr Dr.-Ing. Ulrich Förster;Vorsitzender;Lloyd's Register EMEA;
;;Herr David Pangerl, Master of Laws (LL.M.);;Buckstay GmbH;
;;Herr Tom Streicher, Dipl.-Ing.;;ECOVIS Grieger Mallison Management AG;
Berlin;FU Berlin;Dr. Johannes Evers;;Landesbank Berlin AG;
;Hochschule für Technik und Wirtschaft Berlin;Mathis Kuchejda;Vorsitzender;Schmidt + Haensch GmbH & Co.;
;HU Berlin;Burkhard Ischler;;Siemens;
;WeiÃŸensee Kunsthochschule Berlin;Dieter Puchta;;Investitionsbank Berlin;
;Technische Universität Berlin;Konrad Nassauer;;Borsig GmbH;
;;Dietrich Wörner;;Deutsches Zentrum für Luft- und Raumfahrt;
;SRH Hochschule Berlin;PROF. KLAUS HEKKING;Vorsitzender;SRH Holding;
;;DR. HANS-JÜRGEN AHLBRECHT;;debis Immobilienmanagement;
;;BERND EULER;;Siemens;
;;DR. ARMGARD VON REDEN;;IBM;
;;DR. HERBERT RISCHE;;Deutsche Rentenversicherung Bund;
;;GRÄFIN ANNETTE VON WEDEL;;Deutsche Bahn;Deutsche Bahn AG
;Hochschule für Musik Berlin;Thomas Greiner;;DUSSMANN AG & Co. KgaA;
;;Christian Töpper;;Taxxus Media GmbH;
;Beuth-Hochschule für Technik Berlin;Knauer, Alexandra;;Koenig & Bauer AG;
;;Kossack, Gabriele, Dipl.-Ing.;;Deloitte & Touche;
;;Uppenkamp, Reinhard, Dr.;;Berlin-Chemie AG;
Bayern;Technische Universität München (ohne Klinikum);Susanne Klatten;;BMW;
;;;;SGL Carbon GmbH;
;;;;Altana AG;
;;Dr. Nicola Leibinger-Kammüller;;Trumpf;
;;Peter Löscher;;Siemens;
;;Dr.-Ing. Dr.-Ing. E.h. Norbert Reithofer;;BMW;
;;Dr. med. Matthias Wilkening;;Klinikum Wahrendorff GmbH;
;;Prof. Dr. Eva-Maria Neher;;XLAB Göttingen;
;Universität Würzburg (ohne Klinikum);Claus Bolza-Schünemann;;Koenig & Bauer AG;
;;Prof. Dr. Wolfgang Grewe;;Deloitte & Touche;
;;Ingrid Hunger;;Walter Hunger GmbH & Co.KG;
;;Dipl.-Kfm. Baldwin Knauf;;Knauf Unternehmensgruppe;
;;Dipl.-Kfm. Jürgen Otto;;Brose Gruppe;
;Hochschule fÃ¼r angewandte Wissenschaften WÃ¼rzburg-Schweinfurt (FHWS);Rainer Hundsdörfer;;ebm-papst;
;;Dieter Landgraf;;ESN Deutsche Tischtennistechnologie GmbH;
;;Angelique Renkhoff-Mücke;;WAREMA Renkhoff;
;;Widmaier;;Schaeffler Gruppe;
;Hochschule Amberg-Weiden;Dipl.-Ing. Manfred Baumann;;Gerresheimer Regensburg GmbH;
;;Dipl.-Kfm. Christian Engel;Vorsitzender;BHS Corrugated GmbH;
;;Dr.-Ing. E.h. Dipl.-Ing. Hans G. Huber;;Huber SE;
;;Prof. Dr.-Ing. Erich Voss;;Siemens;
;Hochschule Ansbach;Christoph Faßhauer;;OECHSLER AG;
;;Manfred Geyer;;Raiffeisen Volksbank eG;
;;Gabriela Gottwald;;Bayerische BauAkademie;
;;Max Heller;;Möbelwerke Schüller;
;;Dr. Werner Lang;;MEKRA Lang;
;;Roland Moritzer;;Ansbacher Versorgungs- und Verkehrsholding GmbH;
;;Udo Noack;;Bosch;
;;Johann Reindl;;Electrolux Rothenburg GmbH;
;;Gisela Schellenberger;;Schellenberger Bürstenfabrik GmbH;
;Hochschule Coburg;Manuel Hartung, M.A., MPA (Harvard);;TEMPUS CORPORATE GmbH;
;;Dipl.-Wirt.-Ing. Klaus Jürgen Heitmann;;HUK-COBURG Versicherungsgruppe;
;;Dipl.-Ing. (TU) Martin Kapp;;Kapp-Niles Unternehmensgruppe;
;Hochschule für Fernsehen und Film München;Christian Becker;;Rat Pack Filmproduktion;
;;Jan Mojto;Vorsitzender;EOS GmbH;
;;Sigrid Narjes;;Agentur ABOVE THE LINE;
;;Mariette Rissenbeck;;GERMAN FILMS;
;;Achim Rohnke;;Bavaria Film GmbH;
;;Brigitte von Welser;;Gasteig München GmbH;
;;Joseph Vilsmaier;;perathon Medien GmbH;
;Hochschule für Musik und Theater München;Prof. Dr.h.?c. Roland Berger;;Roland Berger Strategy Consultants GmbH;
;;Dr. Wolf-Dieter Seiffert;;G. Henle Verlag;
;;Brigitte von Welser;;Gasteig München GmbH;
;Hochschule Kempten;Schultz, Wolfgang E.;Vorsitzender;Fa. MAGNET-SCHULTZ GmbH & Co. Fabrikations- und Vertriebs-KG;
;;Brehm, Markus;;Allgäuer Zeitungsverlag GmbH;
;;Fäßler, Anna-Maria, Dr.;;Hotel & Resort Sonnenalp;
;;Froschmayer, Andreas, Dr.;;Dachser GmbH & Co. KG;
;;Hauke , Michael;;Allgäuer Werkstätten GmbH;
;;Hesemann, Friedrich;;Liebherr-Verzahntechnik GmbH;
;;Höhn, Michael, Dr.-Ing.;;Bosch;
;;Traumann, Christian;;Fa. Multivac Sepp Haggenmüller GmbH & Co. KG;
;Hochschule Landshut;Dr. Karl Ambrus;;EADS;
;;Barbara Bergmeier;;BMW;
;;Prof. Dr. Jörg M. Elsenbach;;Dräxlmaier Group;
;;Dr. Lothar Enders;;enders Ingenieure GmbH;
;;Dr. Marlies Flieser-Hartl;;LAKUMED Landshut;
;;Brigitte Zeier;;Siemens;
;Hochschule München;Ulrich Bach;;Joh. Winklhofer Beteiligungs GmbH & Co. KG;
;;Prof. Elmar F. Baur;;Baur & Company;
;;Dr. Thomas Berden;;Geschäftsführer der Hilti GmbH;
;Hochschule Rosenheim;Walter Schatt;Vorsitzender;Schattdecor AG Thansau;
;;Dr. Wolfgang Friedrich;;MBM Maschinenbau Mühldorf GmbH;
;;Prof. Dr. Thomas Sesselmann;;Johannes Heidenhain GmbH;
;;Katharina König;;Spinner GmbH;
;Hochschule Weihenstephan-Triesdorf;Claus Haberda;;Roche;
;;Bernhard Hönig;;Dehner GmbH&Co.KG;
;;Dr. Josef Krapf;;BayWa AG;
;FH Regensburg;Hans-Jürgen Thaus;Vorsitzender;Krones AG;
;;Thomas Hanauer;;Hanauer GmbH  Co. KGaA;
;;Wolfgang Kelch;;KLEBL Baulogistik GmbH;
;;Helmut Matschi;;Continental;
;;Michael Rohde;;Maschinenfabrik Reinhausen GmbH;
;Technische Hochschule Deggendorf;Herr Dipl.-Ing. Karl Wißpeintner;Vorsitzender;Micro Epsilon;
;;Herr Dr. Andreas Buske;;Zwiesel Kristallglas AG;
;;Herr Dr. Jürgen Dornbach;;Deutsche Bahn;"DB RegioNetz Verkehrs GmbH; DB RegioNetz Infrastruktur GmbH"
;;Frau Veronika Lindner;;Lindner Group KG;
;;Herr Manfred Zollner;;Zollner Elektronik AG;
;Hochschule fÃ¼r angewandte Wissenschaft Ingolstadt;Dipl.-Ing. Reinhard Büchl;Vorsitzender;Büchl Entsorgungswirtschaft GmbH;
;;"Prof. Dr.-Ing. Sebastian Bauer;";;Bauer Maschinen GmbH;
;;Dipl.-Ing. Frank Dreves;;AUDI AG;
;;Dr. Gerlinde Honold;;Eurocopter Deutschland GmbH;
;;Walter Huber;;Siemens;
;;Stephanie Spinner-König;;Spinner GmbH;
;;Leopold Stiefel;;Media-Saturn-Holding GmbH;
;Technische Hochschule Nürnberg Georg Simon Ohm;Corinna Diederichs;;cd Personalmanagement;
;;Josef Hasler;;N-ERGIE AG;
;Technische Universität München (ohne Klinikum);Susanne Klatten;;BMW;
;;;;SGL Carbon GmbH;
;;;;Altana AG;
;;Dr. Nicola Leibinger-Kammüller;;Trumpf;
;;Peter Löscher;;Siemens;
;;Dr.-Ing. Dr.-Ing. E.h. Norbert Reithofer;;BMW;
;Universität Augsburg;Dr. Reinhard Janta;;SGL Carbon GmbH;
;;Dr. Hartmut Wurster;;UPM-Kymmene Corporation;
;Hochschule Augsburg;Michael Grandel;Vorsitzender;Dr. Grandel-Gruppe;
;;Roland Kreitmeier;;Siemens;
;;Paul Waning;;Lechwerke AG;
;;Klaus Weinmann;;CANCOM SE;
;Universität Bamberg;Dr. Jürgen Ederleh;;HIS GmbH;
;;Dr. Wolf-Rüdiger Knocke;;Nürnberger Versicherungsgruppe;
;Universität Bayreuth;Dr. Stephan Bieri;Vorsitzender;BIPP GmbH;
;;Dr. Hans Jürgen Wernicke;;Südchemie AG;
;Universität Erlangen-Nürnberg (ohne Klinikum);Prof. Dr. Hermann Requardt;;Siemens;
;;Dr. Bernd Rödl;;Rödl & Partner;
;;Maria-Elisabeth Schaeffler;;Schaeffler Gruppe;
;;Prof. Dr. Klaus Wucherer;;Festo;
;Universität München (ohne Klinikum);Prof. Dr. h.c. Roland Berger;;Roland Berger Strategy Consultants GmbH;
;Universität Passau;Dr. Dierk Ernst;Vorsitzender;Hannover Leasing GmbH;
;;Dr. Axel Diekmann;;Neue Presse Verlags-GmbH;
;;Dr. Manfred Schwab;;ZF Passau GmbH;
;Universität Regensburg (ohne Klinikum);Ernst Baumann;Vorsitzender;Krones AG;
;;Thierry Tricot;;Schneider Electric Sachsenwerk GmbH;
Hamburg;Technische Universität Hamburg-Harburg;Walter Conrads;Vorsitzender;Philips;
;;August-Wilhelm Henningsen;;Lufthansa;Lufthansa Technik
;;Sibylle Stauch-Eckmann;;Endo-Klinik;
;;Michael Westhagemann;;Siemens;
;Hochschule für Musik und Theater Hamburg;Hermann Ebel;;HANSA TREUHAND Holding AG;
;Hochschule für Bildende Künste Hamburg;Konstantin Kleffel;Vorsitzender;Architekturbüro Kleffel;
;;Nikolaus W. Schües;;Reederei F. Laeisz;
;;Heike Catherina Mertens;;Bayer;Schering Stiftung
;Hafencity Universität Hamburg;Leo Mittelholzer;Vorsitzender;Holcim AG;
;;Kirsten Wagner;;Nordmetall;Nordmetall-Stiftung
Hessen;Universität Mannheim;Dr. John Feldmann;Vorsitzender;BASF SE;
;;Dr. h.c. Eggert Voscherau;;BASF SE;
;Technische Hochschule Mittelhessen;Dipl.-Betriebswirtin Sabine Bender-Suhr;Vorsitzender;Bender Group;
;;Dipl.-Kfm. Ulrich Schoof;;Linde + Wiemann;
;Universität Frankfurt a.M. (ohne Klinikum);Rolf-E. Breuer;;Deutsche Bank;
;Universität Gießen;Dr. Wolfgang Maaß;;Gießener Anzeiger Verlags GmbH & Co KG;
;Universität Kassel;Dr.-Ing. Günther Cramer;;SMA Solar Technology AG;
;;Prof. Dr. Ing. Werner Neubauer;;Volkswagen;Volkswagen AG
;FH Frankfurt a.M.;Uwe Großmann;stellv. Vorsitzender;Siemens;
;;Barbara David;;Commerzbank;
;;Dr. jur. Helmut Rothenberger;;Dr. Helmut Rothenberger Holding GmbH;
;Hochschule Bochum;Christina Philipps;;Philips;
;;Angelika Rheinländer;;Gebr. Eickhoff Maschinenfabrik und Eisengießerei GmbH;
;Technische Hochschule Mittelhessen;Dipl.-Betriebswirtin Sabine Bender-Suhr;Vorsitzender;Bender Group;
;;Dipl.-Kfm. Ulrich Schoof;;Linde + Wiemann;
;h_da - Hochschule Darmstadt (FH);Dipl.-Kfm. Albert Filbert;Vorsitzender;Bilfinger Berger;
;;Dipl.-Volkswirt Ralf W. Dieter;;Dürr AG;
;;Thorsten Muntermann;;koziol »ideas for friends GmbH;
;Hochschule für Gestaltung Offenbach;Dr. h.c. Udo Corts;Vorsitzender;DVAG Deutsche Vermögensberatung;
;;Alfred Clouth;;Alfred Clouth Lackfabrik;
;;Sylvia von Metzler;;Bankhaus Metzler seel. Sohn & Co. KGaA;
;Hochschule RheinMain;Herr Dr. Tobias Sünner;;Opel;
;Technische Universität Darmstadt;Herr Professor Dr. Bernd Reckmann;;Merck Group;
;;Herr Professor Dr. Georg Winckler;;"Erste Group Bank; UNIQA Versicherungen AG";
;;Herr Dr. Holger Zinke;stellv. Vorsitzender;Technologieunternehmen BRAIN;
;Hochschule Mannheim;Dr. Bernhard Haas;;Deere & Company;
;;Dr.-Ing. Gunther Kegel;;Pepperl + Fuchs GmbH;
;;Herr Dr. Holger Zinke;;B.R.A.I.N. AG;
;Universität Marburg;Prof. Dr. Dr. Dr. h.c. Uwe Bicker;;Sanofi Aventis;
;;Dr. h. c. Dipl.-Kfm. Beate Heraeus;;Bertha Heraeus und Kathinka Platzhoff Stiftung;
;;Prof. Dr. Jochen Maas;;Sanofi-Aventis Deutschland GmbH;
;Universität Gießen;Dr. Wolfgang Maaß;;Gießener Anzeiger Verlags GmbH & Co KG;
Baden-Württemberg;Universität Heidelberg (ohne Klinikum);Prof. Dr. Hanns-Peter Knaebel;;Aesculap AG;
;;Margret Suckale;;BASF SE;
;Duale Hochschule Baden Württemberg;Prof. Edgar Bohn;Vorsitzender;BGV / Badische Versicherungen;
;;Gabrielle Kellermann;;BBBank eG;
;;Marcus Blümle;;E.G.O. Elektro-Gerätebau GmbH;
;;Markus Scheib;;MiRO Mineraloelraffinerie Oberrhein GmbH & Co. KG;
;;Christian Stäblein;;Filiadata GmbH;
;;Lars Mackel;;Zettwerk Software Engineering GmbH;
;;Lorenz Freudenberg;Vorsitzender;Freudenberg & Co. KG;
;;Dr.-Ing. Elke Schwing;;Roche;
;;Markus Ochsner;;ABB;
;;Günther Siegl;;Daimler;Daimler AG
;;Ralf Blasek;;IBM;
;Hochschule Biberach;Dr. Nikolaus F. Rentschler;Vorsitzender;Dr. Rentschler Holding GmbH & Co.KG;
;;Dr. Dorothee Ambrosius;;Boehringer Ingelheim;
;;Dr. Wolfram Münch;;EnBW;
;Hochschule Albstadt-Sigmaringen;Udo J. Vetter;;Firmengruppe VETTER;
;;Dr. Thomas Lindner;;Groz-Beckert KG;
;;Dr. rer. nat. Sophie Schwörer;;SchwörerHaus KG;
;Hochschule Aalen;Prof. Dr. Michael Kaschke;;Carl Zeiss;Carl Zeiss AG
;;Martin Hennerici;;Voith Industrial Service Holding GmbH;
;;Dr. Dieter Kress;;MAPAL Präzisionswerkzeuge KG;
;;Dr. Stefan Kampmann;;Bosch;
;;Franziska Eichel;;LMT Leading Metalworking Technologies Group;
;Hochschule für öffentliche Verwaltung und Finanzen Ludwigsburg;Hans-Joachim Haug;;WGV Stuttgart;
;;Frederic Gellert;;MWK Baden-Württemberg;
;Hochschule für Wirtschaft und Umwelt Nürtingen;Horst Keller;;Keller Lufttechnik;
;;Siegfried Knoll;;knoll.neues.gruen.gmbhn;
;;Roland Schuler;;BayWa AG;
;Hochschule für Gestaltung Schwäbisch Gmünd;Prof. Uli Mayer-Johanssen;;Meta-Design AG;
;;Jörn Petersen;;Daimler;Daimler AG
;;Bernd Richter;;Richter Lighting Technologies;
;;Dr. Jörg Steffen Rieger;;RUD Ketten Rieger & Dietz GmbH u. Co. KG;
;Hochschule für Forstwirtschaft Rottenburg;Gräfin Bettina Bernadotte;;Mainau GmbH;
;;RA Stephan Meißner;Vorsitzender;Papierzentrum Gernsbach;
;;Dr. Udo Hartmann;;Daimler;Daimler AG
;;Max Reger;;ForstBW ;
;Hochschule Furtwangen;Dr. Eugen Göller;Vorsitzender;Trumpf;
;;Silke Burger;;SBS-Feintechnik GmbH & Co. KG;
;;Ulrich van der Meer;;Hewlett-Packard GmbH;
;;Gabriele Siedle;;S. Siedle & Söhne;
;;Dr. Lothar Ulsamer;;Daimler;Daimler AG
;;Prof. Dr. Dr. Dr. h.c. Michael Ungethüm;;B. Braun Melsungen AG;
;Hochschule Esslingen;Klaus Freytag;Vorsitzender;Siemens;
;;Markus Heßbrüggen;;EMAG Holding GmbH;
;;Heidi Stock ;;Bosch;
;;Georg Weiberg;;Daimler;Daimler AG
;FH Stuttgart, H der Medien;Dr. Jürgen Rautert;Vorsitzender;WashTec AG;
;;Dr. Friedrich Wehrle;;Motor Presse Stuttgart;
;Universität Ulm (ohne Klinikum);Dr. Dr. h.c. Klaus Bleyer;Vorsitzender;Mahle GmbH;
;;Eduard Schleicher;;Schwenk;
;;Renate Pilz;;Pilz GmbH & Co.KG;
;;Ruth Martin;;Württ. Lebensversicherung AG, Vorstandsmitglied Württ. Versicherung AG, Vorstandsmitglied Württ. Krankenversicherung AG;
;;Dr. Ingrid Wünning Tschol;;Bosch;Robert-Bosch-Stiftung
;Hochschule Neu-Ulm;Dr. Jörg Hanisch;Vorsitzender;Wieland-Werke;
;;Monika Garske;;Deutsche Bank;
;;Dipl.-Kffr. Ulrike Hudelmaier;;TFU Gründer- und Technologiezentrum der Region Ulm/Neu-Ulm;
;;Dr. Dr. h.c. Michael Krause;;Commerzbank;
;;Dipl.-Ing. Christiane Schossig;;Wieland-Werke;
;Universität Tübingen (ohne Klinikum);Professor Dr. Andreas Busch;;Bayer;Bayer Schering Pharma AG
;;Dr. Albrecht Hauff;;Georg Thieme-Verlag KG;
;;Bettina Würth;;Würth;Adolf Würth GmbH & Co. KG
;Universität Stuttgart;Dr. Barbara Bludau;;Pöllath+Partners;
;;Dr. Siegfried Dais;;Bosch;Robert Bosch Industrietreuhand KG
;;Martina Koederitz;;IBM;
;;Prof. Dr. Thomas Weber;;Daimler;Daimler AG
;Hochschule Heilbronn;Tilmann Distelbarth;;Heilbronner Stimme GmbH & Co. KG;
;;Ralf Klenk;;b.i.g.-Gruppe;
;;Karl Schäuble;;Adolf Illig GmbH & Co.;
;;Ehrhard Steffen;Vorsitzender;Schwäbisch Hall Kredit Service AG;
;;Bettina Würth;;Würth;Würth-Gruppe
;Hochschule Karlsruhe;Brigitte Almaschi;stellvertr. Vorsitzende;Hewlett-Packard GmbH;
;;Bernd Bechtold;stellvertr. Vorsitzender;b.i.g.-Gruppe;
;;Hans Dietrich;;DV Bern Holding AG;
;;Lorenz Kohlbecker;;Bilfinger Berger;
;;Gerhard Oswald;;SAP;
;;Frithjof Punke;;Daimler;Daimler AG
;;Dr. Sabine Röser;;Rudolf Röser Verlag und Informationsdienste AG;
;Hochschule Konstanz;Prof. h. c. Thomas Sigi;Vorsitzender;AUDI AG;
;;Jaimi Cyrus;stellvertr. Vorsitzende;Hewlett-Packard GmbH;
;;Christian Böllhoff;;Geschäftsführer Prognos AG;
;;Dr. Andrea Leu;;Leu & Partner AG;
;Hochschule Offenburg;Dr. Winfried Blümel;;Progress-Werk Oberkirch AG;
;;Dr. Nicola M. Osypka;;CEO Osypka AG;
;;Dr.-Ing. Stefan Scheringer;;MEIKO Maschinenbau GmbH & Co. KG;
;;Dipl.-Ing. Bruno Schnekenburger;;Parker Hannifin GmbH+Co KG;
;Hochschule Pforzheim;Christine Kienhöfer;;Unternehmensgruppe Felss;
;;Dr. Hans-Eberhard Koch;;Witzenmann GmbH;
;;Dipl.-Kaufmann Frank Straub;Vorsitzender;BLANCO Gruppe;
;Hochschule Reutlingen;Andreas Renschler;Vorsitzender;Daimler;Daimler AG
;;Martina Koederitz;;IBM;
;;Christoph Kübel;;Bosch;
;;Andreas Kurtz;;PANDA GmbH Reutlingen;
;;Karl Schmauder;;Elring Klinger AG;
;;Kerstin Wagner;;Deutsche Bahn;DB Mobility Logistics AG
;Hochschule Ulm;Jürgen Mohilo;Vorsitzender;Daimler;Daimler Financial Services
;;Dr. Ulrich Hartmann;;Wieland-Werke;
;;Bärbel Hörger;;Mercedes-Benz Vans;
;;Dr. Martina Burgetsmeier;;eXXcellent solutions;
;Duale Hochschule Baden Württemberg;Lorenz Freudenberg;Vorsitzender;Freudenberg & Co. KG;
;;Dr.-Ing. Elke Schwing;;Roche;
;;Markus Ochsner;;ABB;
;;Günther Siegl;;Daimler;Daimler AG
;;Ralf Blasek;;IBM;
;;Prof. Edgar Bohn;Vorsitzender;BGV / Badische Versicherungen;
;;Gabrielle Kellermann;;BBBank eG;
;;Marcus Blümle;;E.G.O. Elektro-Gerätebau GmbH;
;;Markus Scheib;;MiRO Mineraloelraffinerie Oberrhein GmbH & Co. KG;
;;Christian Stäblein;;Filiadata GmbH;
;;Lars Mackel;;Zettwerk Software Engineering GmbH;
;Karlsruher Institut für Technologie;Dr. Andreas Kreimeyer;Stellvertr. Vorsitzender;BASF SE;
;;Susanne Kunschert;;Pilz GmbH & Co. KG;
;;Stefan Quandt;;AQTON SE;
;;Dr. Dieter Zetsche;;Daimler;Daimler AG
;Pädagogische Hochschule Freiburg;Anne-Kathrin Deutrich;Vorsitzende;Testo AG;
;;Dr. Anja Bauer-Harz;;Elektro-Schillinger GmbH;
;Staatliche Akademie der Bildenden Künste Stuttgart;Dr. Petra Kiedaisch;;avedition GmbH;
;;Dr. Volker Gerstenmaier;;Bankhaus Ellwanger & Geiger KG;
;Universität Freiburg (ohne Klinikum);Prof. Burkart Knospe;Vorsitzender;Testo AG;
;;Anne-Kathrin Deutrich;;Testo AG;
;;Dr. Christian Fischer;;BASF SE;
;;Dr. Dieter Pauschinger;;Trumpf;
;Universität Hohenheim;Dr. Wolfgang Kuhn;;Südwestbank AG;
;;Prof. Dr. Wolfgang Plischke;;Bayer;Bayer AG
;Universität Konstanz;Prof. Dr. Dieter Jahn;Vorsitz;BASF SE;
;;Ursula Schwarzenbart;Stellv. Vorsitz;Daimler;Daimler AG
