uID;Name;Förderer;Wert;Hinweis;Alternativname;Quelle;Quelle2;;;
180;Charite - Universitätsmedizin Berlin;3M Deutschland GmbH;;3M IAD;;https://www.charite.de/forschung/kooperationen/industriekooperationen/;;;;
261;Universität Rostock (ohne Klinikum);50Hertz Transmission GmbH;50000;Drittmittel in den Jahren 2013 und 2014 (mindestens 50.000 Euro);;https://fragdenstaat.de/anfrage/drittmittel-universitat-rostock/#nachricht-23606;;;;
1121;WWU Westfälische Wilhems-Universität Münster (ohne Klinikum);52' North Initiative for Geospatial Open Source Softw. GmbH;;Beteiligung;;;;;;
180;Charite - Universitätsmedizin Berlin;A.D.I.R.;;Verbesserung der Osteoporoselangzeittherapie;;https://www.charite.de/forschung/kooperationen/industriekooperationen/;;;;
1481;RWTH Aachen (ohne Klinikum);Aachener Kompetenzzentrum Medizintechnik AKM e.V.;;Förderer;;http://www.rwth-aachen.de/cms/root/Wirtschaft/Fundraising/~bamh/Partnerschaften_Foerdernde/; ;;;
1481;RWTH Aachen (ohne Klinikum);AachenMünchener Versicherung AG;;Hörsaalsponsoring;;http://www.rwth-aachen.de/cms/root/Wirtschaft/Campusprojekt/~elf/RWTH_Aachen_Campus/;;;;
1481;RWTH Aachen (ohne Klinikum);AachenMünchener Versicherung AG;;Förderer;;http://www.rwth-aachen.de/cms/root/Wirtschaft/Fundraising/~bamh/Partnerschaften_Foerdernde/; ;;;
1481;RWTH Aachen (ohne Klinikum);ABB;;Förderer;;http://www.rwth-aachen.de/cms/root/Wirtschaft/Fundraising/~bamh/Partnerschaften_Foerdernde/; ;;;
261;Universität Rostock (ohne Klinikum);ABB;50000;Drittmittel in den Jahren 2013 und 2014 (mindestens 50.000 Euro);;https://fragdenstaat.de/anfrage/drittmittel-universitat-rostock/#nachricht-23606;;;;
1381;FU Berlin;Abbot Laboratories GmbH;;Creon New Formulation: development support;;https://serrata.elsa.fu-berlin.de/dmv#;;;;
180;Charite - Universitätsmedizin Berlin;AbbVie Deutschland GmbH & Co. KG;;RA-Express;;https://www.charite.de/forschung/kooperationen/industriekooperationen/;;;;
201;Humboldt-Universität zu Berlin;ABIDA – Assessing Big Data;20000 (2018);Alexander von Humboldt Institut für Internet und Gesellschaft (HIIG) ;HIIG;https://hiig.de/wp-content/uploads/2019/01/encore2018_report_digital.pdf;;;;
1161;Universität Frankfurt a.M. (ohne Klinikum);Adolf Messer Stiftung;1000000;Förderer (mindestens 1.000.000 Euro); Mitglied im Stiftungskuratorium;;http://www.uni-frankfurt.de/51849455/2014;;;
201;Humboldt-Universität zu Berlin;Advocate Europe;40000 (2018);Alexander von Humboldt Institut für Internet und Gesellschaft (HIIG) ;HIIG;https://hiig.de/wp-content/uploads/2019/01/encore2018_report_digital.pdf;;;;
180;Charite - Universitätsmedizin Berlin;AiF Projekt GmbH;;Textilsystem mit Notruffunktion;;https://www.charite.de/forschung/kooperationen/industriekooperationen/;;;;
371;TU Dresden (ohne Klinikum);Airbus Group;EADS;;;;;;;
1260;Universität Konstanz;Airbus Group;;Kooperation; Stiftung Forschungspreis;;http://cms.uni-konstanz.de/zivilklausel/pressespiegel/;;;
261;Universität Rostock (ohne Klinikum);Airbus Group;50000;Drittmittel in den Jahren 2013 und 2014 (mindestens 50.000 Euro);;https://fragdenstaat.de/anfrage/drittmittel-universitat-rostock/#nachricht-23606;;;;
1481;RWTH Aachen (ohne Klinikum);aixigo AG;;Förderer;;http://www.rwth-aachen.de/cms/root/Wirtschaft/Fundraising/~bamh/Partnerschaften_Foerdernde/; ;;;
1381;FU Berlin;Ajinomoto GmbH;;Aminosäurenversorgung von Schweinen und Broilern;;https://serrata.elsa.fu-berlin.de/dmv#;;;;
1381;FU Berlin;Ajinomoto GmbH;;Effect of amino acid supplementation in combination with tannins on perfomance;;https://serrata.elsa.fu-berlin.de/dmv#;;;;
1121;WWU Westfälische Wilhems-Universität Münster (ohne Klinikum);Akademie für Manuelle Medizin GmbH an der WWU;;Beteiligung;;;;;;
1481;RWTH Aachen (ohne Klinikum);Aker Wirth GmbH;;Förderer;;http://www.rwth-aachen.de/cms/root/Wirtschaft/Fundraising/~bamh/Partnerschaften_Foerdernde/; ;;;
1161;Universität Frankfurt a.M. (ohne Klinikum);Alfons und Gertrud Kassel-Stiftung;1000000;Förderer (mindestens 1.000.000 Euro); Mitglied im Stiftungskuratorium;;http://www.uni-frankfurt.de/51849455/2014;;;
1580;Karlsruher Institut für Technologie (KIT) - Bereich Hochschule;Altana AG;;Theory-To-Practice Course;;;;;;
371;TU Dresden (ohne Klinikum);Altana AG;;;;;;;;
1481;RWTH Aachen (ohne Klinikum);Amazon USA;40000 (2018);Hörsaalsponsoring;;https://www.rwth-aachen.de/cms/root/Wirtschaft/Sponsoring/Meldungen/~qyfi/Amazon-ist-neuer-Hoersaalsponsor-im-C-A-/;https://www.aachener-nachrichten.de/lokales/aachen/unternehmen-zahlen-40000-euro-fuer-reklame-vor-rwth-hoersaelen_aid-30779249;;;
1271;Universität Tübingen (ohne Klinikum);Amazon USA und 7 Industriepartner;7500000;Cyber Valley zur KI-Forschung;;https://uni-tuebingen.de/forschung/kooperationspartner/cyber-valley/faq-cyber-valley/#c715331;https://www.gruenderszene.de/technologie/amazon-ki-zentrum-tuebingen;;;
180;Charite - Universitätsmedizin Berlin;analyze & realize ag;;HEILWASSER BEI NERD;;https://www.charite.de/forschung/kooperationen/industriekooperationen/;;;;
371;TU Dresden (ohne Klinikum);APOGEPHA Arzneimittel GmbH;;;;;;;;
1321;Universität München (ohne Klinikum);Arbeitgeberverband der baden-württembergischen Metallindustrie;18000000;An-Institut Zentrum für Arbeitsbeziehungen und Arbeitsrecht ZAAR;;https://www.zaar.uni-muenchen.de/organisation/index.html;;;;
1321;Universität München (ohne Klinikum);Arbeitgeberverband der bayerischen Metallindustrie;18000000;An-Institut Zentrum für Arbeitsbeziehungen und Arbeitsrecht ZAAR;;https://www.zaar.uni-muenchen.de/organisation/index.html;;;;
180;Charite - Universitätsmedizin Berlin;AstraZeneca GmbH;;AstraTech Implants;;https://www.charite.de/forschung/kooperationen/industriekooperationen/;;;;
1349;Universität Regensburg (Klinikum);Audi;;;AUDI ACCIDENT RESEARCH UNIT (AARU);https://www.ukr.de/wissenschaftler/Forschung/Drittmittelprojekte/index.php;;;;
980;Universität Hildesheim;AWD;;Spenden von Carsten Maschmeyer;;http://www.fr-online.de/politik/in--unwuerdig-und-unanstaendig-;1472596;;;
1161;Universität Frankfurt a.M. (ohne Klinikum);Bankhaus Metzler seel. Sohn & Co. KGaA;1000000;Förderer (mindestens 1.000.000 Euro); Mitglied im Stiftungskuratorium;;http://www.uni-frankfurt.de/51849455/2014;;;
1690;TU Berlin;BASF;13000000;gemeinsames Labor BASLO Katalyseforschung;;https://www.bascat.tu-berlin.de/;;;;
1690;TU Berlin;BASF;2500000;BASLEARN „Mschinelles Lernen“;;https://www.tu-berlin.de/?207463;;;;
1690;TU Berlin;BASF SE;;Förderer;BASF;https://www.tu-berlin.de/praesidialbereich/institutionelle_kooperationen/menue/weitere_strategische_kooperationen/#c427283;;;;
180;Charite - Universitätsmedizin Berlin;Basilea Inc.;;WSA-CS-004/008;;https://www.charite.de/forschung/kooperationen/industriekooperationen/;;;;
180;Charite - Universitätsmedizin Berlin;Baxter AG;;Rolle von CD8+ Helfer T-Zellen in Immunantantworten;;https://www.charite.de/forschung/kooperationen/industriekooperationen/;;;;
180;Charite - Universitätsmedizin Berlin;Baxter Deutschland GmbH;;Train the Trainer;;https://www.charite.de/forschung/kooperationen/industriekooperationen/;;;;
1111;Universität zu Köln (ohne Klinikum);Bayer;;nicht offengelegter Forschungsvertrag mit der Bayer AG;Bayer AG;http://www.zeit.de/studium/hochschule/2012-01/uni-koeln-bayer/komplettansicht;http://www.cbgnetwork.org/2730.html;;;
180;Charite - Universitätsmedizin Berlin;Bayer AG;;Impact of LOX-inhibitors on cellular oxidation of LDL;;https://www.charite.de/forschung/kooperationen/industriekooperationen/;;;;
180;Charite - Universitätsmedizin Berlin;Bayer Schering Pharma AG;;Aspirin und CRC;;https://www.charite.de/forschung/kooperationen/industriekooperationen/;;;;
180;Charite - Universitätsmedizin Berlin;Bayer Schering Pharma AG;;Funktionsanalyse von Genen mit Hilfe von knockout Mäusen;;https://www.charite.de/forschung/kooperationen/industriekooperationen/;;;;
180;Charite - Universitätsmedizin Berlin;Bencard Allergie GmbH;;Prognosefaktoren der Insektengiftallergie;;https://www.charite.de/forschung/kooperationen/industriekooperationen/;;;;
261;Universität Rostock (ohne Klinikum);Berlin Heart GmbH;50000;Drittmittel in den Jahren 2013 und 2014 (mindestens 50.000 Euro);;https://fragdenstaat.de/anfrage/drittmittel-universitat-rostock/#nachricht-23606;;;;
1690;TU Berlin;Berlin Partner GmbH ;;Förderer;;https://www.tu-berlin.de/praesidialbereich/institutionelle_kooperationen/menue/weitere_strategische_kooperationen/#c427274;;;;
1690;TU Berlin;BerlinCert ;;Förderer;;https://www.tu-berlin.de/praesidialbereich/institutionelle_kooperationen/menue/weitere_strategische_kooperationen/#c427273;;;;
1690;TU Berlin;beSpace GmbH ;;Förderer;;https://www.tu-berlin.de/praesidialbereich/institutionelle_kooperationen/menue/weitere_strategische_kooperationen/#c427275;;;;
1481;RWTH Aachen (ohne Klinikum);BET - Büro für Energiewirtschaft und technische Planung GmbH;;Förderer;;http://www.rwth-aachen.de/cms/root/Wirtschaft/Fundraising/~bamh/Partnerschaften_Foerdernde/; ;;;
1481;RWTH Aachen (ohne Klinikum);Bilfinger;;Förderer;;http://www.rwth-aachen.de/cms/root/Wirtschaft/Fundraising/~bamh/Partnerschaften_Foerdernde/; ;;;
180;Charite - Universitätsmedizin Berlin;Biogen GmbH;;Immunologische Veränderungen in Psoriasis;;https://www.charite.de/forschung/kooperationen/industriekooperationen/;;;;
180;Charite - Universitätsmedizin Berlin;Biogen Idec Ltd.;;Biogen Engaged;;https://www.charite.de/forschung/kooperationen/industriekooperationen/;;;;
180;Charite - Universitätsmedizin Berlin;Biogen Idec Ltd.;;BiogenTAU;;https://www.charite.de/forschung/kooperationen/industriekooperationen/;;;;
180;Charite - Universitätsmedizin Berlin;bioskin GmbH;;Cassiopea AGA;;https://www.charite.de/forschung/kooperationen/industriekooperationen/;;;;
371;TU Dresden (ohne Klinikum);BITZER Kühlmaschinenbau GmbH;;;;;;;;
180;Charite - Universitätsmedizin Berlin;Bode Chemie GmbH & Co.;;Rückstandsmessung an Endoskopen gemäß DIN EN ISO 15883;;https://www.charite.de/forschung/kooperationen/industriekooperationen/;;;;
1223;Universität Mainz;Boehringer Ingelheim;54000000;2020 bis 2027 für Institut für Molekulare Biologie (IMB) ;;https://www.uni-mainz.de/presse/aktuell/4914_DEU_HTML.php ;https://www.spiegel.de/lebenundlernen/uni/uni-mainz-muss-vertraege-mit-boehringer-ingelheim-stiftung-offenlegen-a-1091956.html;;;
371;TU Dresden (ohne Klinikum);Bosch;;;;;;;;
261;Universität Rostock (ohne Klinikum);Bosch;50000;Drittmittel in den Jahren 2013 und 2014 (mindestens 50.000 Euro);;https://fragdenstaat.de/anfrage/drittmittel-universitat-rostock/#nachricht-23606;;;;
1039;Universität Göttingen (Klinikum);BP;;Auftragsforschung zu Bürgerprotesten;;http://www.demokratie-goettingen.de/aktuelles/studie-burgerproteste-in-deutschland;https://www.lobbycontrol.de/2013/02/bp-lasst-burgerproteste-untersuchen-was-steckt-dahinter/;;;
180;Charite - Universitätsmedizin Berlin;Brahms Diagnostika;;COC;;https://www.charite.de/forschung/kooperationen/industriekooperationen/;;;;
180;Charite - Universitätsmedizin Berlin;Brahms Diagnostika;;Biomarker Levels in Patients with Congestive Heart Failure;;https://www.charite.de/forschung/kooperationen/industriekooperationen/;;;;
180;Charite - Universitätsmedizin Berlin;Bristol Myers Squibb Int. Corporation;;Abatacept sc. bei polyartikulärer JIA;;https://www.charite.de/forschung/kooperationen/industriekooperationen/;;;;
261;Universität Rostock (ohne Klinikum);British American Tobacco Ltd. Grossbritannien;50000;Drittmittel in den Jahren 2013 und 2014 (mindestens 50.000 Euro);;https://fragdenstaat.de/anfrage/drittmittel-universitat-rostock/#nachricht-23606;;;;
1316;Universität Erlangen-Nürnberg;Brose Gruppe;;Hörsaalsponsoring - 1 Jahr bis 2014; Malerarbeiten; Infotafel;;;;
1481;RWTH Aachen (ohne Klinikum);Brunel;;Förderer;;http://www.rwth-aachen.de/cms/root/Wirtschaft/Fundraising/~bamh/Partnerschaften_Foerdernde/; ;;;
1321;Universität München (ohne Klinikum);Bundesarbeitgeberverband Chemie;18000000;An-Institut Zentrum für Arbeitsbeziehungen und Arbeitsrecht ZAAR;;http://www.taz.de/1/archiv/digitaz/artikel/?ressort=a2&dig=2011%2F07%2F02%2Fa0034&cHash=bcc251bf29;;;;
1161;Universität Frankfurt a.M. (ohne Klinikum);Bundesverband Investment- und Asset Management;1000000;Förderer (mindestens 1.000.000 Euro); Mitglied im Stiftungskuratorium;;http://www.uni-frankfurt.de/51849455/2014;;;
261;Universität Rostock (ohne Klinikum);Bundeswehr/Wehrtechn. Dienststelle für Schiffe u. Marinewaffen;50000;Drittmittel in den Jahren 2013 und 2014 (mindestens 50.000 Euro);;https://fragdenstaat.de/anfrage/drittmittel-universitat-rostock/#nachricht-23606;;;;
201;Humboldt-Universität zu Berlin;Bundeszentrale für politische Bildung (bpb);77000 (2018);Alexander von Humboldt Institut für Internet und Gesellschaft (HIIG) ;HIIG;https://hiig.de/wp-content/uploads/2019/01/encore2018_report_digital.pdf;;;;
1481;RWTH Aachen (ohne Klinikum);BWG Bergwerk- und Walzwerk-Maschinenbau GmbH;;Förderer;;http://www.rwth-aachen.de/cms/root/Wirtschaft/Fundraising/~bamh/Partnerschaften_Foerdernde/; ;;;
180;Charite - Universitätsmedizin Berlin;Camlog Biotechnologies AG;;Camlog SFEA;;https://www.charite.de/forschung/kooperationen/industriekooperationen/;;;;
1481;RWTH Aachen (ohne Klinikum);car e.V.;;Förderer;;http://www.rwth-aachen.de/cms/root/Wirtschaft/Fundraising/~bamh/Partnerschaften_Foerdernde/; ;;;
1161;Universität Frankfurt a.M. (ohne Klinikum);Carlo und Karin Giersch-Stiftung;1000000;Förderer (mindestens 1.000.000 Euro); Mitglied im Stiftungskuratorium;;http://www.uni-frankfurt.de/51849455/2014;;;
1481;RWTH Aachen (ohne Klinikum);cdwuppermann innovation + strategy CDWIS;;Förderer;;http://www.rwth-aachen.de/cms/root/Wirtschaft/Fundraising/~bamh/Partnerschaften_Foerdernde/; ;;;
180;Charite - Universitätsmedizin Berlin;Celgene Int.;;ABI-007-PANC-003;;https://www.charite.de/forschung/kooperationen/industriekooperationen/;;;;
180;Charite - Universitätsmedizin Berlin;CellAct Pharma GmbH;;Analysis of CAP7-1;;https://www.charite.de/forschung/kooperationen/industriekooperationen/;;;;
1481;RWTH Aachen (ohne Klinikum);CENTA Antriebe Kirschey GmbH;;Förderer;;http://www.rwth-aachen.de/cms/root/Wirtschaft/Fundraising/~bamh/Partnerschaften_Foerdernde/; ;;;
1121;WWU Westfälische Wilhems-Universität Münster (ohne Klinikum);CeNTech GmbH;; Center for NanoTechnology;Beteiligung;;;;;
1690;TU Berlin;Center for Knowledge Interchange – CKI;;Förderer; Siemens AG;https://www.tu-berlin.de/praesidialbereich/institutionelle_kooperationen/menue/weitere_strategische_kooperationen/#c427276;;;;
1690;TU Berlin;Charlottenburger Innovations-Centrum - CHIC ;;Förderer;;https://www.tu-berlin.de/praesidialbereich/institutionelle_kooperationen/menue/weitere_strategische_kooperationen/#c427277;;;;
180;Charite - Universitätsmedizin Berlin;CHDI Management, Inc.; Inc.;;Astrocyte-Synapse interactions in Huntington's disease;;https://www.charite.de/forschung/kooperationen/industriekooperationen/;;;
201;Humboldt-Universität zu Berlin;Cisco;8428 (2018);Alexander von Humboldt Institut für Internet und Gesellschaft (HIIG) ;HIIG;https://hiig.de/wp-content/uploads/2019/01/encore2018_report_digital.pdf;;;;
1317;Universität Erlangen-Nürnberg;Clear Group;;Hörsaalsponsoring - 3 Jahre bis 2015; Infotafel;;http://www.handelsblatt.com/politik/oekonomie/nachrichten/sponsoring-hoersaele-werden-zu-werbeflaechen/2807452.html;;;
1271;Universität Tübingen (ohne Klinikum);CMS Hasche Sigle;;Spende Zivilrecht-Hörsaal;;http://www.jura.uni-tuebingen.de/fakultaet/nachrichten/grossspende-ermoeglicht-modernisierung-im-juristischen-seminar?searchterm=lesesaal;;;;
180;Charite - Universitätsmedizin Berlin;Cochlear Europe Limited;;Tinnitus suppression;;https://www.charite.de/forschung/kooperationen/industriekooperationen/;;;;
1481;RWTH Aachen (ohne Klinikum);COHAUSZ & FLORACK Patent- und Rechtsanwälte;;Förderer;;http://www.rwth-aachen.de/cms/root/Wirtschaft/Fundraising/~bamh/Partnerschaften_Foerdernde/; ;;;
1481;RWTH Aachen (ohne Klinikum);Cologne Chip AG;;Förderer;;http://www.rwth-aachen.de/cms/root/Wirtschaft/Fundraising/~bamh/Partnerschaften_Foerdernde/; ;;;
1161;Universität Frankfurt a.M. (ohne Klinikum);Commerzbank;1000000;Förderer (mindestens 1.000.000 Euro); Mitglied im Stiftungskuratorium;;http://www.uni-frankfurt.de/51849455/2014;;;
1121;WWU Westfälische Wilhems-Universität Münster (ohne Klinikum);Commerzbank;;Termingeld;;;;;;
201;Humboldt-Universität zu Berlin;Commerzbank Stiftung;20667 (2018);Alexander von Humboldt Institut für Internet und Gesellschaft (HIIG) ;HIIG;https://hiig.de/wp-content/uploads/2019/01/encore2018_report_digital.pdf;;;;
1481;RWTH Aachen (ohne Klinikum);Continental;;Förderer;;http://www.rwth-aachen.de/cms/root/Wirtschaft/Fundraising/~bamh/Partnerschaften_Foerdernde/; ;;;
1530;TU Darmstadt;Continental;;Gemeinsame Forschungsprojekte seit den 80ern;;http://www.proreta.tu-darmstadt.de/proreta_1/startseite_proreta/index.de.jsp ;;;;
180;Charite - Universitätsmedizin Berlin;Covance Inc. / USA;;AGA Polichem;;https://www.charite.de/forschung/kooperationen/industriekooperationen/;;;;
261;Universität Rostock (ohne Klinikum);Cremer Oleochemicals;50000;Drittmittel in den Jahren 2013 und 2014 (mindestens 50.000 Euro);;https://fragdenstaat.de/anfrage/drittmittel-universitat-rostock/#nachricht-23606;;;;
1481;RWTH Aachen (ohne Klinikum);Currenta GmbH & Co. OHG;;Förderer;;http://www.rwth-aachen.de/cms/root/Wirtschaft/Fundraising/~bamh/Partnerschaften_Foerdernde/; ;;;
180;Charite - Universitätsmedizin Berlin;CymaBay Therapeutics Inc.;;pr. biliäre Zirrhose;;https://www.charite.de/forschung/kooperationen/industriekooperationen/;;;;
1580;Karlsruher Institut für Technologie (KIT) - Bereich Hochschule;Daimler AG;;Schnittstelle zwischen Fahrzeug- und Produktionstechnologie;Daimler AG;https://www.kit.edu/kit/pi_2014_15092.php ;;;;
1481;RWTH Aachen (ohne Klinikum);DASGIP AG;;Förderer;;http://www.rwth-aachen.de/cms/root/Wirtschaft/Fundraising/~bamh/Partnerschaften_Foerdernde/; ;;;
261;Universität Rostock (ohne Klinikum);Dataport;50000;Drittmittel in den Jahren 2013 und 2014 (mindestens 50.000 Euro);;https://fragdenstaat.de/anfrage/drittmittel-universitat-rostock/#nachricht-23606;;;;
261;Universität Rostock (ohne Klinikum);DBFZ gGmbH;50000;Drittmittel in den Jahren 2013 und 2014 (mindestens 50.000 Euro);;https://fragdenstaat.de/anfrage/drittmittel-universitat-rostock/#nachricht-23606;;;;
1161;Universität Frankfurt a.M. (ohne Klinikum);DekaBank;1000000;Förderer (mindestens 1.000.000 Euro); Mitglied im Stiftungskuratorium;;http://www.uni-frankfurt.de/51849455/2014;;;
371;TU Dresden (ohne Klinikum);DEKRA;DEKRA e.V. ;;;;;;;
1481;RWTH Aachen (ohne Klinikum);Derichs & Konertz GmbH & Co. KG;;Förderer;;http://www.rwth-aachen.de/cms/root/Wirtschaft/Fundraising/~bamh/Partnerschaften_Foerdernde/; ;;;
1161;Universität Frankfurt a.M. (ohne Klinikum);Deufol SE;1000000;Förderer (mindestens 1.000.000 Euro); Mitglied im Stiftungskuratorium;;http://www.uni-frankfurt.de/51849455/2014;;;
261;Universität Rostock (ohne Klinikum);Deutsch-Polnische Wissenschaftsstiftung;50000;Drittmittel in den Jahren 2013 und 2014 (mindestens 50.000 Euro);;https://fragdenstaat.de/anfrage/drittmittel-universitat-rostock/#nachricht-23606;;;;
1690;TU Berlin;Deutsche Akkreditierungsstelle GmbH – DakkS;;Förderer;;https://www.tu-berlin.de/praesidialbereich/institutionelle_kooperationen/menue/weitere_strategische_kooperationen/#c427278;;;;
1161;Universität Frankfurt a.M. (ohne Klinikum);Deutsche Bank;1000000;Förderer (mindestens 1.000.000 Euro); Mitglied im Stiftungskuratorium;;http://www.uni-frankfurt.de/51849455/2014;;;
1121;WWU Westfälische Wilhems-Universität Münster (ohne Klinikum);Deutsche Bank;;Vorstandsmitglied und Schatzmeister der Förderergesellschaft;;https://www.foerderergesellschaft-fcm.de/vorstand;;;;
261;Universität Rostock (ohne Klinikum);Deutsche Bundesstiftung Umwelt;50000;Drittmittel in den Jahren 2013 und 2014 (mindestens 50.000 Euro);;https://fragdenstaat.de/anfrage/drittmittel-universitat-rostock/#nachricht-23606;;;;
1690;TU Berlin;Deutsche Forschungszentrum für Künstliche Intelligenz (DFKI);;Förderer;;https://www.tu-berlin.de/praesidialbereich/institutionelle_kooperationen/menue/weitere_strategische_kooperationen/#c427279;;;;
261;Universität Rostock (ohne Klinikum);Deutsche Krebshilfe;50000;Drittmittel in den Jahren 2013 und 2014 (mindestens 50.000 Euro);;https://fragdenstaat.de/anfrage/drittmittel-universitat-rostock/#nachricht-23606;;;;
1481;RWTH Aachen (ohne Klinikum);Deutsche Post;;Förderer;;http://www.rwth-aachen.de/cms/root/Wirtschaft/Fundraising/~bamh/Partnerschaften_Foerdernde/; ;;;
1223;Universität Mainz;Deutsche Post;180000;Deutsche Post DHL: ''Flexible Bezirksschneidung'' (2014 - 2016) - Mainzer Wirtschaftswissenschaften;;http://wiwi.uni-mainz.de/926_DEU_HTML.php;;;;
1481;RWTH Aachen (ohne Klinikum);DEUTZ AG;;Förderer;;http://www.rwth-aachen.de/cms/root/Wirtschaft/Fundraising/~bamh/Partnerschaften_Foerdernde/; ;;;
1318;Universität Erlangen-Nürnberg;develop group;;Hörsaalsponsoring - 5 Jahre bis 2018; Erneuerung der Bestuhlung; farbliche Neugestaltung des Saals;;;;
180;Charite - Universitätsmedizin Berlin;DiaMed GmbH A Division of Bio-Rad;;Evaluation ID-HPF4;;https://www.charite.de/forschung/kooperationen/industriekooperationen/;;;;
1481;RWTH Aachen (ohne Klinikum);Diehl;;Förderer;;http://www.rwth-aachen.de/cms/root/Wirtschaft/Fundraising/~bamh/Partnerschaften_Foerdernde/; ;;;
261;Universität Rostock (ohne Klinikum);Diehl;50000;Drittmittel in den Jahren 2013 und 2014 (mindestens 50.000 Euro);Diehl Aerospace GmbH;https://fragdenstaat.de/anfrage/drittmittel-universitat-rostock/#nachricht-23606;;;;
1690;TU Berlin;DIN Deutsches Institut für Normung;;Förderer;;https://www.tu-berlin.de/praesidialbereich/institutionelle_kooperationen/menue/weitere_strategische_kooperationen/#c427280;;;;
180;Charite - Universitätsmedizin Berlin;DIZG;;Entnahme- und Rekonstruktionstechniken in der postmortalen Gewebespende;;https://www.charite.de/forschung/kooperationen/industriekooperationen/;;;;
261;Universität Rostock (ohne Klinikum);DOT GmbH;50000;Drittmittel in den Jahren 2013 und 2014 (mindestens 50.000 Euro);;https://fragdenstaat.de/anfrage/drittmittel-universitat-rostock/#nachricht-23606;;;;
1161;Universität Frankfurt a.M. (ohne Klinikum);Dr. Senckenbergische Stiftung;1000000;Förderer (mindestens 1.000.000 Euro); Mitglied im Stiftungskuratorium;;http://www.uni-frankfurt.de/51849455/2014;;;
371;TU Dresden (ohne Klinikum);DREWAG - Stadtwerke Dresden GmbH ;;;;;;;;
1481;RWTH Aachen (ohne Klinikum);DSA - Daten- und Systemtechnik GmbH;;Förderer;;http://www.rwth-aachen.de/cms/root/Wirtschaft/Fundraising/~bamh/Partnerschaften_Foerdernde/; ;;;
1481;RWTH Aachen (ohne Klinikum);DTG GmbH Development & Technology;;Förderer;;http://www.rwth-aachen.de/cms/root/Wirtschaft/Fundraising/~bamh/Partnerschaften_Foerdernde/; ;;;
1161;Universität Frankfurt a.M. (ohne Klinikum);DVAG Deutsche Vermögensberatung;1000000;Förderer (mindestens 1.000.000 Euro); Mitglied im Stiftungskuratorium;;http://www.uni-frankfurt.de/51849455/2014;;;
1161;Universität Frankfurt a.M. (ohne Klinikum);DZ Bank;1000000;Förderer (mindestens 1.000.000 Euro); Mitglied im Stiftungskuratorium;;http://www.uni-frankfurt.de/51849455/2014;;;
261;Universität Rostock (ohne Klinikum);e.n.o. energy systems GmbH;50000;Drittmittel in den Jahren 2013 und 2014 (mindestens 50.000 Euro);;https://fragdenstaat.de/anfrage/drittmittel-universitat-rostock/#nachricht-23606;;http://www.taz.de/!111472/;;
1481;RWTH Aachen (ohne Klinikum);E.ON;;Förderer;;http://www.rwth-aachen.de/cms/root/Wirtschaft/Fundraising/~bamh/Partnerschaften_Foerdernde/; ;;;
180;Charite - Universitätsmedizin Berlin;EISAI GmbH;;Eribulin + BTK;;https://www.charite.de/forschung/kooperationen/industriekooperationen/;;;;
1381;FU Berlin;Elanco Animal Health;;Study of Flavored Chewable Tablets Containing Lotilaner; Moxidecitin and Praziquantel Administered Orally to Dogs ;;https://serrata.elsa.fu-berlin.de/dmv#;;;
180;Charite - Universitätsmedizin Berlin;Eli Lilly and Company Ltd.;;Amaranth AZFD;;https://www.charite.de/forschung/kooperationen/industriekooperationen/;;;;
180;Charite - Universitätsmedizin Berlin;Eli Lilly and Company Ltd.;;Lilly CGRP;;https://www.charite.de/forschung/kooperationen/industriekooperationen/;;;;
1161;Universität Frankfurt a.M. (ohne Klinikum);Else Kröner-Fresenius-Stiftung;1000000;Förderer (mindestens 1.000.000 Euro); Mitglied im Stiftungskuratorium;;http://www.uni-frankfurt.de/51849455/2014;;;
240;Brandenburgische TU Cottbus;EMIS Electrics GmbH;;;;https://www.b-tu.de/universitaet/stiften-und-foerdern/stiftung-der-btu;;;;
1481;RWTH Aachen (ohne Klinikum);ENEL;;Förderer;;http://www.rwth-aachen.de/cms/root/Wirtschaft/Fundraising/~bamh/Partnerschaften_Foerdernde/; ;;;
1690;TU Berlin;EnerKite GmbH;;Förderer;;https://www.tu-berlin.de/praesidialbereich/institutionelle_kooperationen/menue/weitere_strategische_kooperationen/#c427281;;;;
180;Charite - Universitätsmedizin Berlin;EORTC;;EORTC QLQ-CAT;;https://www.charite.de/forschung/kooperationen/industriekooperationen/;;;;
201;Humboldt-Universität zu Berlin;Erasmus+;2000 (2018);Alexander von Humboldt Institut für Internet und Gesellschaft (HIIG) ;HIIG;https://hiig.de/wp-content/uploads/2019/01/encore2018_report_digital.pdf;;;;
1481;RWTH Aachen (ohne Klinikum);Ericsson Eurolab Deutschland GmbH;;Förderer;;http://www.rwth-aachen.de/cms/root/Wirtschaft/Fundraising/~bamh/Partnerschaften_Foerdernde/; ;;;
261;Universität Rostock (ohne Klinikum);Eurawasser;;Kooperation;;http://www.eurawasser-nord.de/geschaeftskunden/sonderseiten/presse/pressemitteilungen/einzelmeldung/archive/2004/march/article/statement-der-eurawasser-nord-gmbh-zur-kooperation-mit-der-universitaet-rostock/;https://www.rostock-heute.de/eurawasser-nord-stiftungsprofessur-wasserwirtschaft-uni-rostock/22595;;;
1121;WWU Westfälische Wilhems-Universität Münster (ohne Klinikum);European Research Services GmbH;;Beteiligung;;;;;;
1481;RWTH Aachen (ohne Klinikum);EUROPIPE GmbH;;Förderer;;http://www.rwth-aachen.de/cms/root/Wirtschaft/Fundraising/~bamh/Partnerschaften_Foerdernde/; ;;;
1690;TU Berlin;EvoLogics GmbH;;Förderer;;https://www.tu-berlin.de/praesidialbereich/institutionelle_kooperationen/menue/weitere_strategische_kooperationen/#c427282;;;;
261;Universität Rostock (ohne Klinikum);Evonik;50000;Drittmittel in den Jahren 2013 und 2014 (mindestens 50.000 Euro);Evonik Industries AG;https://fragdenstaat.de/anfrage/drittmittel-universitat-rostock/#nachricht-23606;;;;
1633;TU München (ohne Klinikum);facebook USA;6500000;Institut für Ethik in der KI;;https://www.sueddeutsche.de/muenchen/muenchen-tu-finanzierung-facebook-1.4723566 ;https://fbnewsroomde.files.wordpress.com/2019/10/tum-erc3b6ffnung-ieai.pdf;;;
1481;RWTH Aachen (ohne Klinikum);Fahrzeugindustrie;;Finanzierung des Instituts für Kraftfahrzeuge ika;;http://www.zdf.de/ZDFmediathek/kanaluebersicht/aktuellste/460#/beitrag/video/1878292/Gekaufte-Wissenschaft; http://www.rwth-aachen.de/global/show_document.asp?id=aaaaaaaaaaahgfg&download=1;;;
201;Humboldt-Universität zu Berlin;Federal Ministry of Education ;34000 (2018);Alexander von Humboldt Institut für Internet und Gesellschaft (HIIG) ;HIIG;https://hiig.de/wp-content/uploads/2019/01/encore2018_report_digital.pdf;;;;
1481;RWTH Aachen (ohne Klinikum);Ford;;Hörsaalsponsoring;;http://www.rwth-aachen.de/cms/root/Wirtschaft/Campusprojekt/~elf/RWTH_Aachen_Campus/;;;;
1481;RWTH Aachen (ohne Klinikum);Ford;;Förderer;Ford-Werke GmbH;http://www.rwth-aachen.de/cms/root/Wirtschaft/Fundraising/~bamh/Partnerschaften_Foerdernde/; ;;;
261;Universität Rostock (ohne Klinikum);Forschungskuratorium Maschinenbau e.V. (FKM e.V.);50000;Drittmittel in den Jahren 2013 und 2014 (mindestens 50.000 Euro);;https://fragdenstaat.de/anfrage/drittmittel-universitat-rostock/#nachricht-23606;;;;
261;Universität Rostock (ohne Klinikum);Forschungsstiftung Ostsee;50000;Drittmittel in den Jahren 2013 und 2014 (mindestens 50.000 Euro);;https://fragdenstaat.de/anfrage/drittmittel-universitat-rostock/#nachricht-23606;;;;
1810;Universität Mannheim;Frankfurter Allgemeine Zeitung;;FAZ-Lounge;;tner_des_dekanats/; http://www.uni-mannheim.de/forum/schwerpunkt/ausgabe_1_2010_stifter_und_maezene/stiftungsprofessuren/;;;
201;Humboldt-Universität zu Berlin;Fraunhofer FOKUS;18750 (2018);Alexander von Humboldt Institut für Internet und Gesellschaft (HIIG) ;HIIG;https://hiig.de/wp-content/uploads/2019/01/encore2018_report_digital.pdf;;;;
180;Charite - Universitätsmedizin Berlin;Fresenius Kabi Deutschland GmbH;;Wundheilungsstörungen in Abhängigkeit des Ernährungszustands ;;https://www.charite.de/forschung/kooperationen/industriekooperationen/;;;;
180;Charite - Universitätsmedizin Berlin;Fresenius Medical Care;;Regionale Antikoagulation mit Citrat;;https://www.charite.de/forschung/kooperationen/industriekooperationen/;;;;
1481;RWTH Aachen (ohne Klinikum);Fresenius Medical Care;;Förderer;;http://www.rwth-aachen.de/cms/root/Wirtschaft/Fundraising/~bamh/Partnerschaften_Foerdernde/; ;;;
180;Charite - Universitätsmedizin Berlin;Gambro Medizintechnik GmbH;;Endotoxin u.Dialyse;;https://www.charite.de/forschung/kooperationen/industriekooperationen/;;;;
180;Charite - Universitätsmedizin Berlin;GBG Forschungs GmbH;;Translationale Tumorforschung beim Mammakarzinom;;https://www.charite.de/forschung/kooperationen/industriekooperationen/;;;;
180;Charite - Universitätsmedizin Berlin;GE Healthcare Buchler GmbH & Co. KG;;Neo-Spect-Studie;;https://www.charite.de/forschung/kooperationen/industriekooperationen/;;;;
371;TU Dresden (ohne Klinikum);GELSENWASSER;;;;;;;;
180;Charite - Universitätsmedizin Berlin;Genentech, Inc.;;;Genentech GN39763;;https://www.charite.de/forschung/kooperationen/industriekooperationen/;;;
1481;RWTH Aachen (ohne Klinikum);Generali;;Hörsaalsponsoring;;http://www.rwth-aachen.de/cms/root/Wirtschaft/Campusprojekt/~elf/RWTH_Aachen_Campus/;;;;
1481;RWTH Aachen (ohne Klinikum);Generali;;Förderer;;http://www.rwth-aachen.de/cms/root/Wirtschaft/Fundraising/~bamh/Partnerschaften_Foerdernde/; ;;;
180;Charite - Universitätsmedizin Berlin;Genzyme B.V.;;Einbindung von C-Zentren (nach NAMSE);;https://www.charite.de/forschung/kooperationen/industriekooperationen/;;;;
1161;Universität Frankfurt a.M. (ohne Klinikum);Gesamtverband der Deutschen Versicherungswirtschaft e. V.;1000000;Förderer (mindestens 1.000.000 Euro); Mitglied im Stiftungskuratorium;;http://www.uni-frankfurt.de/51849455/2014;;;
180;Charite - Universitätsmedizin Berlin;GESOBAU AG;;EVA SMART@HOME ;;https://www.charite.de/forschung/kooperationen/industriekooperationen/;;;;
1481;RWTH Aachen (ohne Klinikum);Giesel Verlag GmbH;;Förderer;;http://www.rwth-aachen.de/cms/root/Wirtschaft/Fundraising/~bamh/Partnerschaften_Foerdernde/; ;;;
180;Charite - Universitätsmedizin Berlin;Gilead Sciences Inc.;;Filgotinib bei Colic;;https://www.charite.de/forschung/kooperationen/industriekooperationen/;;;;
180;Charite - Universitätsmedizin Berlin;Gilead Sciences Inc.;;Filgotinib bei Crohn;;https://www.charite.de/forschung/kooperationen/industriekooperationen/;;;;
1481;RWTH Aachen (ohne Klinikum);GKD - Gebr. Kufferath AG;;Förderer;;http://www.rwth-aachen.de/cms/root/Wirtschaft/Fundraising/~bamh/Partnerschaften_Foerdernde/; ;;;
180;Charite - Universitätsmedizin Berlin;Glaxo Smithkline GmbH & Co;;Mepolizumab;;https://www.charite.de/forschung/kooperationen/industriekooperationen/;;;;
371;TU Dresden (ohne Klinikum);GLOBALFOUNDRIES ;;;;;;;;
201;Humboldt-Universität zu Berlin;Google USA;4500000 (2012-2014);Alexander von Humboldt Institut für Internet und Gesellschaft (HIIG) ;HIIG;https://www.hiig.de/finanzierung/;;;;
201;Humboldt-Universität zu Berlin;Google USA;1500000 (2018);HIIG Research Report 2018 ;HIIG;https://hiig.de/wp-content/uploads/2019/01/encore2018_report_digital.pdf;;;;
1481;RWTH Aachen (ohne Klinikum);Google USA;;Stipendium;;https://www.rwth-aachen.de/go/id/ktkx;;;;
1481;RWTH Aachen (ohne Klinikum);Grünenthal GmbH;;Förderer;;http://www.rwth-aachen.de/cms/root/Wirtschaft/Fundraising/~bamh/Partnerschaften_Foerdernde/; ;;;
180;Charite - Universitätsmedizin Berlin;Gry Pharma GmbH;;BRAVO-Studie (MS-LAQ-302);;https://www.charite.de/forschung/kooperationen/industriekooperationen/;;;;
1481;RWTH Aachen (ohne Klinikum);Gude Analog- und Digitalsysteme GmbH;;Förderer;;http://www.rwth-aachen.de/cms/root/Wirtschaft/Fundraising/~bamh/Partnerschaften_Foerdernde/; ;;;
1481;RWTH Aachen (ohne Klinikum);Haarmann Holding GmbH;;Förderer;;http://www.rwth-aachen.de/cms/root/Wirtschaft/Fundraising/~bamh/Partnerschaften_Foerdernde/; ;;;
201;Humboldt-Universität zu Berlin;Hans-Böckler-Stiftung;151468 (2018);Alexander von Humboldt Institut für Internet und Gesellschaft (HIIG) ;HIIG;https://hiig.de/wp-content/uploads/2019/01/encore2018_report_digital.pdf;;;;
3500;Universität Potsdam;Hasso-Plattner-Institut für Softwaresystemtechnik GmbH;;Kooperationsvertrag;;https://fragdenstaat.de/anfrage/kooperationsvertrag-mit-dem-hasso-plattner-institut/;;;;
201;Humboldt-Universität zu Berlin;Haus der Kulturen der Welt;12000 (2018);Alexander von Humboldt Institut für Internet und Gesellschaft (HIIG) ;HIIG;https://hiig.de/wp-content/uploads/2019/01/encore2018_report_digital.pdf;;;;
261;Universität Rostock (ohne Klinikum);HERO Hafen-Entwicklungsgesellschaft Rostock GmbH;50000;Drittmittel in den Jahren 2013 und 2014 (mindestens 50.000 Euro);;https://fragdenstaat.de/anfrage/drittmittel-universitat-rostock/#nachricht-23606;;;;
1161;Universität Frankfurt a.M. (ohne Klinikum);Hertie-Stiftung;1000000;Förderer (mindestens 1.000.000 Euro); Mitglied im Stiftungskuratorium;;http://www.uni-frankfurt.de/51849455/2014; ;;
180;Charite - Universitätsmedizin Berlin;Hipp GmbH;;AD Kinder;;https://www.charite.de/forschung/kooperationen/industriekooperationen/;;;;
10;Universität Kassel;Hisilicon China;;Lasertechnik;Huawei China;https://unis.davidmissal.de/2020/09/07/universitaet-kassel/;;;;
180;Charite - Universitätsmedizin Berlin;Hoffmann-La Roche AG;;Roche CREAD 2;;https://www.charite.de/forschung/kooperationen/industriekooperationen/;;;;
180;Charite - Universitätsmedizin Berlin;Hoffmann-La Roche AG;;RocheWV29922Graduate;;https://www.charite.de/forschung/kooperationen/industriekooperationen/;;;;
690;Hafencity Universität Hamburg;Holcim AG;2000;Preis;;http://www.hcu-hamburg.de/universitaet/services-und-kontakt/downloads/?no_cache=1&cid=5157&did=6901&sechash=9042abe4;;;;
1580;Karlsruher Institut für Technologie (KIT) - Bereich Hochschule;Altana AG;;"Theory-To-Practice Course
Organische Chemie";;https://www.altana.de/innovation/open-innovation.html;;;;
1580;Karlsruher Institut für Technologie (KIT) - Bereich Hochschule;Huawei China;;Sicherheitsmaßnahmen für 5G-Netze;;https://www.tagesspiegel.de/wissen/forschungskooperation-mit-deutschen-unis-huawei-auf-dem-pruefstand/24195908.html;https://www.huawei.com/de/deu/magazin/digitale-infrastruktur/sicherheitsmassnahmen-fuer-5g;;;
1481;RWTH Aachen (ohne Klinikum);Huawei China;;Keine Fördersumme bekannt;;https://www.rwth-innovation.de/de/unternehmen/kooperationsbeispiele/huawei;https://unis.davidmissal.de/2020/09/07/rwth-aachen/;;;
1690;TU Berlin;Huawei China;876343;Für 2015-2021 Quelle 2 Antworten der TUB;;https://unis.davidmissal.de/2020/09/07/technische-universitaet-berlin/;https://fragdenstaat.de/anfrage/zuwendungen-aus-china-14/;;;
1210;TU Kaiserslautern;Huawei China;;HIRP Innovation Research Program;;https://unis.davidmissal.de/2020/09/07/technische-universitaet-kaiserslautern/ ;https://www.itu.int/en/ITU-D/Innovation/Documents/Documents_Events_Presentations/2017_WSIS/THU_WSIS17/06%20JOY%20TAN.pdf;;;
1633;TU München (ohne Klinikum);Huawei China;150000;"jährlich seit 2013
TUM verweigert Auskunft";;https://www.tagesspiegel.de/wissen/forschungskooperation-mit-deutschen-unis-huawei-auf-dem-pruefstand/24195908.html;https://unis.davidmissal.de/2020/09/07/technische-universitaet-muenchen/;;;
1350;Universität Augsburg;Huawei China;;Forschung zur Erkennung von menschlicher Emotion aus Stimme; Sprache und Gesichtsmimik;;https://www.uni-augsburg.de/de/campusleben/neuigkeiten/2019/12/20/1216/;;;
1241;Universität Freiburg i.Br. (ohne Klinikum);Huawei China;;Indoor Navigation for a Mobile Robot;;http://forschdbt.verwaltung.uni-freiburg.de/cocoon/forschdb/prj.11589.d.html;ttps://unis.davidmissal.de/2020/09/07/albert-ludwigs-universitaet-freiburg/;;;
1450;Universität Hannover;Huawei China;250000;Für 3 Jahre;;https://www.ikt.uni-hannover.de/lips-ciss0.html;https://unis.davidmissal.de/2020/09/07/gottfried-wilhelm-leibniz-universitaet-hannover/;;;
1260;Universität Konstanz;Huawei China;;High Speed Router Functions;;https://www.disy.uni-konstanz.de/research/research-projects/high-speed-router-functions/;https://unis.davidmissal.de/2020/09/07/universitaet-konstanz/;;;
1223;Universität Mainz;Huawei China;90000;einmalig für mathematisches Modell für Datensammel- und Datenaufbewahrungssysteme;;https://dokumente.landtag.rlp.de/landtag/ausschuesse/wissenschaftsa-14-17.pdf;https://unis.davidmissal.de/2020/09/07/johannes-gutenberg-universitaet-mainz/;;;
1481;RWTH Aachen (ohne Klinikum);HüBNER GmbH;;Förderer;;http://www.rwth-aachen.de/cms/root/Wirtschaft/Fundraising/~bamh/Partnerschaften_Foerdernde/; ;;;
1481;RWTH Aachen (ohne Klinikum);Hydro Aluminium Rolled Products GmbH;;Förderer;;http://www.rwth-aachen.de/cms/root/Wirtschaft/Fundraising/~bamh/Partnerschaften_Foerdernde/; ;;;
201;Humboldt-Universität zu Berlin;Hypovereinsbank;36915 (2018);Alexander von Humboldt Institut für Internet und Gesellschaft (HIIG) ;HIIG;https://hiig.de/wp-content/uploads/2019/01/encore2018_report_digital.pdf;;;;
1121;WWU Westfälische Wilhems-Universität Münster (ohne Klinikum);HypoVereinsbank;;Tagesgeld;;;;;;
261;Universität Rostock (ohne Klinikum);IAV GmbH;50000;Drittmittel in den Jahren 2013 und 2014 (mindestens 50.000 Euro);;https://fragdenstaat.de/anfrage/drittmittel-universitat-rostock/#nachricht-23606;;;;
371;TU Dresden (ohne Klinikum);IBM USA;;;;;;;;
1481;RWTH Aachen (ohne Klinikum);iDev GmbH;;Förderer;;http://www.rwth-aachen.de/cms/root/Wirtschaft/Fundraising/~bamh/Partnerschaften_Foerdernde/; ;;;
1481;RWTH Aachen (ohne Klinikum);IHK Aachen;;Förderer;;http://www.rwth-aachen.de/cms/root/Wirtschaft/Fundraising/~bamh/Partnerschaften_Foerdernde/; ;;;
371;TU Dresden (ohne Klinikum);Infineon Technologies AG;;;;;;;;
261;Universität Rostock (ohne Klinikum);Infineon Technologies AG;50000;Drittmittel in den Jahren 2013 und 2014 (mindestens 50.000 Euro);;https://fragdenstaat.de/anfrage/drittmittel-universitat-rostock/#nachricht-23606;;;;
1481;RWTH Aachen (ohne Klinikum);INFORM Institut für Operations Research und Management GmbH;;Förderer;;http://www.rwth-aachen.de/cms/root/Wirtschaft/Fundraising/~bamh/Partnerschaften_Foerdernde/; ;;;
1481;RWTH Aachen (ohne Klinikum);Infraserv;;Förderer;;http://www.rwth-aachen.de/cms/root/Wirtschaft/Fundraising/~bamh/Partnerschaften_Foerdernde/; ;;;
261;Universität Rostock (ohne Klinikum);Ing.büro Biesenbruch/DAT Bergbautechnik GmbH;50000;Drittmittel in den Jahren 2013 und 2014 (mindestens 50.000 Euro);;https://fragdenstaat.de/anfrage/drittmittel-universitat-rostock/#nachricht-23606;;;;
201;Humboldt-Universität zu Berlin;innogy Foundation for Energy and Society;34300 (2018);Alexander von Humboldt Institut für Internet und Gesellschaft (HIIG) ;HIIG;https://hiig.de/wp-content/uploads/2019/01/encore2018_report_digital.pdf;;;;
180;Charite - Universitätsmedizin Berlin;InSightec - TxSonics Ltd. USA;;MR-geleitete Ultraschallkoagulation von Tumoren;;https://www.charite.de/forschung/kooperationen/industriekooperationen/;;;;
1690;TU Berlin;Institut für Bahntechnik GmbH - IFB - ;;Förderer;;https://www.tu-berlin.de/praesidialbereich/institutionelle_kooperationen/menue/weitere_strategische_kooperationen/#c427285;;;;
1481;RWTH Aachen (ohne Klinikum);Institut für Bildsame Formgebung an der RWTH Aachen;;Förderer;;http://www.rwth-aachen.de/cms/root/Wirtschaft/Fundraising/~bamh/Partnerschaften_Foerdernde/; ;;;
1690;TU Berlin;Institut für Bildung in der Informationsgesellschaft gGmbH - IBI - ;;Förderer;;https://www.tu-berlin.de/praesidialbereich/institutionelle_kooperationen/menue/weitere_strategische_kooperationen/#c427286;;;;
1121;WWU Westfälische Wilhems-Universität Münster (ohne Klinikum);Institut für vergleichende Städtegeschichte IStG gGmbH;;Beteiligung;;;;;;
1530;TU Darmstadt;Intel GmbH;;Gemeinsames Institut;;http://www.icri-sc.tu-darmstadt.de/icri-sc/institute/;;;;
180;Charite - Universitätsmedizin Berlin;Iomedico GmbH;;BCIRG(BOND)006;;https://www.charite.de/forschung/kooperationen/industriekooperationen/;;;;
1121;WWU Westfälische Wilhems-Universität Münster (ohne Klinikum);IPP Milnster GmbH;;Beteiligung;;;;;;
180;Charite - Universitätsmedizin Berlin;Ipsen Pharma GmbH;;Lanreotide NEN;;https://www.charite.de/forschung/kooperationen/industriekooperationen/;;;;
261;Universität Rostock (ohne Klinikum);IS Forschungsgesellschaft mbH;50000;Drittmittel in den Jahren 2013 und 2014 (mindestens 50.000 Euro);;https://fragdenstaat.de/anfrage/drittmittel-universitat-rostock/#nachricht-23606;;;;
261;Universität Rostock (ohne Klinikum);ISF GmbH;50000;Drittmittel in den Jahren 2013 und 2014 (mindestens 50.000 Euro);;https://fragdenstaat.de/anfrage/drittmittel-universitat-rostock/#nachricht-23606;;;;
1481;RWTH Aachen (ohne Klinikum);Jabitherm Rohrsysteme AG;;Förderer;;http://www.rwth-aachen.de/cms/root/Wirtschaft/Fundraising/~bamh/Partnerschaften_Foerdernde/; ;;;
1223;Universität Mainz;Jacobs;490000;Jacobs-Foundation: ''KIDS-WIN: Enhancing cognitive and motivational skills in children: An intervention study with primary school children'' (2012 - 2014) - Mainzer Wirtschaftswissenschaften;;http://wiwi.uni-mainz.de/926_DEU_HTML.php;;;;
1121;WWU Westfälische Wilhems-Universität Münster (ohne Klinikum);JCB Institut für Chemo- und Biosensorik GmbH;;Beteiligung;;;;;;
1161;Universität Frankfurt a.M. (ohne Klinikum);Johanna Quandt;1000000;Förderer (mindestens 1.000.000 Euro); Mitglied im Stiftungskuratorium;;http://www.uni-frankfurt.de/51849455/2014;;;
1161;Universität Frankfurt a.M. (ohne Klinikum);Josef-Buchmann-Stiftung;1000000;Förderer (mindestens 1.000.000 Euro); Mitglied im Stiftungskuratorium;;http://www.uni-frankfurt.de/51849455/2014;;;
261;Universität Rostock (ohne Klinikum);K.H. Brinkmann GmbH;50000;Drittmittel in den Jahren 2013 und 2014 (mindestens 50.000 Euro);;https://fragdenstaat.de/anfrage/drittmittel-universitat-rostock/#nachricht-23606;;;;
261;Universität Rostock (ohne Klinikum);Karl-Vossloh-Stiftung;50000;Drittmittel in den Jahren 2013 und 2014 (mindestens 50.000 Euro);;https://fragdenstaat.de/anfrage/drittmittel-universitat-rostock/#nachricht-23606;;;;
261;Universität Rostock (ohne Klinikum);King Abdulaziz University Saudi Arabien;50000;Drittmittel in den Jahren 2013 und 2014 (mindestens 50.000 Euro);;https://fragdenstaat.de/anfrage/drittmittel-universitat-rostock/#nachricht-23606;;;;
1690;TU Berlin;Kiwa MPA Bautest GmbH;;Förderer;;https://www.tu-berlin.de/praesidialbereich/institutionelle_kooperationen/menue/weitere_strategische_kooperationen/#c427287;;;;
1481;RWTH Aachen (ohne Klinikum);Knorr-Bremse AG;;Hörsaalsponsoring;;https://www.rwth-aachen.de/go/id/gbzvf?;;;;
1223;Universität Mainz;KPMG;;KPMG: Accounting and Taxation in Kooperation mit KPMG (2011 - 2013) - Mainzer Wirtschaftswissenschaften;;http://wiwi.uni-mainz.de/926_DEU_HTML.php;;;;
261;Universität Rostock (ohne Klinikum);KSB-Stiftung;50000;Drittmittel in den Jahren 2013 und 2014 (mindestens 50.000 Euro);;https://fragdenstaat.de/anfrage/drittmittel-universitat-rostock/#nachricht-23606;;;;
1481;RWTH Aachen (ohne Klinikum);LANCOM Systems GmbH;;Förderer;;http://www.rwth-aachen.de/cms/root/Wirtschaft/Fundraising/~bamh/Partnerschaften_Foerdernde/; ;;;
1481;RWTH Aachen (ohne Klinikum);Liebherr-Holding;;Förderer;Liebherr-Verzahntechnik GmbH;http://www.rwth-aachen.de/cms/root/Wirtschaft/Fundraising/~bamh/Partnerschaften_Foerdernde/; ;;;
180;Charite - Universitätsmedizin Berlin;Lilly Deutschland GmbH;;Amaranth- Studie;;https://www.charite.de/forschung/kooperationen/industriekooperationen/;;;;
1481;RWTH Aachen (ohne Klinikum);LIMO Lissotschenko Mikrooptik GmbH;;Förderer;;http://www.rwth-aachen.de/cms/root/Wirtschaft/Fundraising/~bamh/Partnerschaften_Foerdernde/; ;;;
1481;RWTH Aachen (ohne Klinikum);Lions Club Hilfswerk Euregio Maas-Rhein e.V.;;Förderer;;http://www.rwth-aachen.de/cms/root/Wirtschaft/Fundraising/~bamh/Partnerschaften_Foerdernde/; ;;;
261;Universität Rostock (ohne Klinikum);LONZA AG;50000;Drittmittel in den Jahren 2013 und 2014 (mindestens 50.000 Euro);;https://fragdenstaat.de/anfrage/drittmittel-universitat-rostock/#nachricht-23606;;;;
1690;TU Berlin;Lufthansa Flight Training GmbH;;Förderer;Lufthansa Technik AG;https://www.tu-berlin.de/praesidialbereich/institutionelle_kooperationen/menue/weitere_strategische_kooperationen/#c427288;;;;
1481;RWTH Aachen (ohne Klinikum);Mahle;;Förderer;;http://www.rwth-aachen.de/cms/root/Wirtschaft/Fundraising/~bamh/Partnerschaften_Foerdernde/; ;;;
1481;RWTH Aachen (ohne Klinikum);MAN SE;;Förderer;;http://www.rwth-aachen.de/cms/root/Wirtschaft/Fundraising/~bamh/Partnerschaften_Foerdernde/; ;;;
1223;Universität Mainz;Mann + Hummel GmbH;;MANN+HUMMEL GmbH: Theorie trifft Praxis mit MANN+HUMMEL (2011) - Mainzer Wirtschaftswissenschaften;;http://wiwi.uni-mainz.de/926_DEU_HTML.php;;;;
1021;Universität Hamburg (ohne Klinikum);Max Hoffmann GmbH & Co. KG;;Investitionen;;;;;;
1481;RWTH Aachen (ohne Klinikum);McKinsey & Company, Inc. USA; Inc. USA;;Förderer;;http://www.rwth-aachen.de/cms/root/Wirtschaft/Fundraising/~bamh/Partnerschaften_Foerdernde/;;;
1481;RWTH Aachen (ohne Klinikum);mecca neue medien GmbH & Co. KG;;Förderer;;http://www.rwth-aachen.de/cms/root/Wirtschaft/Fundraising/~bamh/Partnerschaften_Foerdernde/; ;;;
180;Charite - Universitätsmedizin Berlin;Medtronic Europe Sarl;;Medtronic Europe klinische Prüfung;;https://www.charite.de/forschung/kooperationen/industriekooperationen/;;;;
201;Humboldt-Universität zu Berlin;Mercator Stiftung / ;20000 (2018);Alexander von Humboldt Institut für Internet und Gesellschaft (HIIG) ;HIIG;https://hiig.de/wp-content/uploads/2019/01/encore2018_report_digital.pdf;;;;
1161;Universität Frankfurt a.M. (ohne Klinikum);Merck Group;1000000;Förderer (mindestens 1.000.000 Euro); Mitglied im Stiftungskuratorium;;http://www.uni-frankfurt.de/51849455/2014;;;
1161;Universität Frankfurt a.M. (ohne Klinikum);Messe Frankfurt;1000000;Förderer (mindestens 1.000.000 Euro); Mitglied im Stiftungskuratorium;;http://www.uni-frankfurt.de/51849455/2014;;;
180;Charite - Universitätsmedizin Berlin;Metanomics GmbH;;metabolomics-based biomarker for heart failure ;;https://www.charite.de/forschung/kooperationen/industriekooperationen/;;;;
1481;RWTH Aachen (ohne Klinikum);Miele & Cie. KG;;Förderer;;http://www.rwth-aachen.de/cms/root/Wirtschaft/Fundraising/~bamh/Partnerschaften_Foerdernde/; ;;;
180;Charite - Universitätsmedizin Berlin;Molecular Health GmbH;;TOBIAS – Registry;;https://www.charite.de/forschung/kooperationen/industriekooperationen/;;;;
180;Charite - Universitätsmedizin Berlin;Mölnlcke Health Care AB;;Dressing response;;https://www.charite.de/forschung/kooperationen/industriekooperationen/;;;;
1171;Universität Gießen;Monsanto;;Glyphosatstudie durch Monsanto finanziert;;https://www.lobbycontrol.de/2019/12/monsanto-finanzierte-verdeckt-glyphosat-studien-zur-lobbyarbeit/;;;;
261;Universität Rostock (ohne Klinikum);MPI für Plasmaphysik;50000;Drittmittel in den Jahren 2013 und 2014 (mindestens 50.000 Euro);;https://fragdenstaat.de/anfrage/drittmittel-universitat-rostock/#nachricht-23606;;;;
1481;RWTH Aachen (ohne Klinikum);Muhr und Bender KG;;Förderer;;http://www.rwth-aachen.de/cms/root/Wirtschaft/Fundraising/~bamh/Partnerschaften_Foerdernde/; ;;;
201;Humboldt-Universität zu Berlin;NEGZ;13000 (2018);Alexander von Humboldt Institut für Internet und Gesellschaft (HIIG) ;HIIG;https://hiig.de/wp-content/uploads/2019/01/encore2018_report_digital.pdf;;;;
1481;RWTH Aachen (ohne Klinikum);nesseler-grünzig-bau gmbh;;Förderer;;http://www.rwth-aachen.de/cms/root/Wirtschaft/Fundraising/~bamh/Partnerschaften_Foerdernde/; ;;;
1111;Universität zu Köln (ohne Klinikum);netspar;;Prof. Dr. Alexander Ludwig ist dort Fellow;;;;;;
380;TU Chemnitz;Niles-Simmons-Hegenscheidt-Gruppe;175000;Spende; Hörsaalsponsoring;;http://www.freiepresse.de/LOKALES/CHEMNITZ/Streit-um-Hoersaal-Namen-an-der-TU-artikel7654914.php;;;
180;Charite - Universitätsmedizin Berlin;Nottingham Clinical Research Ltd.;;AXOVANT;;https://www.charite.de/forschung/kooperationen/industriekooperationen/;;;;
180;Charite - Universitätsmedizin Berlin;Novartis Consumer Health GmbH;;German Spondyloarthritis Inception Cohort;;https://www.charite.de/forschung/kooperationen/industriekooperationen/;;;;
180;Charite - Universitätsmedizin Berlin;Novartis Pharma AG;;Resist. Hypertension;;https://www.charite.de/forschung/kooperationen/industriekooperationen/;;;;
180;Charite - Universitätsmedizin Berlin;Novartis Pharma GmbH;;CSOM230D2203 Basket-Studie;;https://www.charite.de/forschung/kooperationen/industriekooperationen/;;;;
180;Charite - Universitätsmedizin Berlin;Novartis Pharma GmbH;;Generation I;;https://www.charite.de/forschung/kooperationen/industriekooperationen/;;;;
180;Charite - Universitätsmedizin Berlin;Novartis Pharma GmbH;;Generation II;;https://www.charite.de/forschung/kooperationen/industriekooperationen/;;;;
180;Charite - Universitätsmedizin Berlin;Novartis Pharma GmbH;;Schnittkulturen;;https://www.charite.de/forschung/kooperationen/industriekooperationen/;;;;
261;Universität Rostock (ohne Klinikum);Novelis Switzerland SA;50000;Drittmittel in den Jahren 2013 und 2014 (mindestens 50.000 Euro);;https://fragdenstaat.de/anfrage/drittmittel-universitat-rostock/#nachricht-23606;;;;
261;Universität Rostock (ohne Klinikum);Novus Marketing;;Bewirtschaftung Werbeflächen;;http://www.uni-rostock.de/aktuelles/alle-meldungen/detailansicht-der-news/news-artikel/rostock-wird-das-zentrum-der-uwe-johnson-forschung/;;;;
1481;RWTH Aachen (ohne Klinikum);Oerlikon;;;;http://www.rwth-aachen.de/cms/root/Wirtschaft/Fundraising/~bamh/Partnerschaften_Foerdernde/; ;;;
1690;TU Berlin;Orascom Hotels;;;;https://www.tu-berlin.de/praesidialbereich/institutionelle_kooperationen/menue/weitere_strategische_kooperationen/#c427289;;;;
1481;RWTH Aachen (ohne Klinikum);Oskar Frech GmbH + Co. KG;;;;http://www.rwth-aachen.de/cms/root/Wirtschaft/Fundraising/~bamh/Partnerschaften_Foerdernde/; ;https://unis.davidmissal.de/2020/09/07/universitaet-augsburg/;;
1481;RWTH Aachen (ohne Klinikum);Peltzer Werke - Form & Präzision in Metall GmbH;;;;http://www.rwth-aachen.de/cms/root/Wirtschaft/Fundraising/~bamh/Partnerschaften_Foerdernde/; ;;;
1081;Ruhr-Universität Bochum (ohne Klinikum);Pentagon USA;472203;2016-2019 Quantitative In-Situ Measurement Of Fouling Release And 3D Surface Exploration;;https://www.usaspending.gov/award/ASST_NON_N000141612979_9700;;;;
1081;Ruhr-Universität Bochum (ohne Klinikum);Pentagon USA;159780;2015-2016 Thin Film Antifouling Chemistries And Quantitative Interaction Analysis Via 3D Tracking And Microfluidics;;https://www.usaspending.gov/award/ASST_NON_N000141512324_9700;;;;
1081;Ruhr-Universität Bochum (ohne Klinikum);Pentagon USA;93527;2010-2011 DEVELOPMENT OF A HIGH-THROUGHPUT METHOD FOR THE OPTICAL SCREENING OF PHASE TRANSFORMATIONS RELATED TO AMORPHOUS MATERIALS FOR HA;;https://www.usaspending.gov/award/ASST_NON_FA86551013089_5700;;;;
1481;RWTH Aachen (ohne Klinikum);Pentagon USA;454274;"2017-2020  A Scalable And High Performance Approach To Readout Of Silicon Qubits
A SCALABLE AND HIGH PERFORMANCE APPROACH TO READOUT OF SILICON QUBITS";;https://www.usaspending.gov/award/ASST_NON_N000141110528_9700;https://www.spiegel.de/lebenundlernen/uni/us-militaerforschung-an-deutschen-unis-21-millionen-dollar-in-zehn-jahren-a-1273282.html;;;
1481;RWTH Aachen (ohne Klinikum);Pentagon USA;248600;2011-2013 Advanced Control Method For Robust Stability Of Mvdc Systems;;https://www.usaspending.gov/award/ASST_NON_N000141110528_1700;;;;
1481;RWTH Aachen (ohne Klinikum);Pentagon USA;116370;2017-2020 Multi-Receiver Uncoordinated Medium Access Control;;https://www.usaspending.gov/award/ASST_NON_FA95501710121_5700;;;;
1481;RWTH Aachen (ohne Klinikum);Pentagon USA;129300;2016-2019 RADAR ENHANCED WIRELESS ACCESS FOR DIRECTIONAL NETWORKS: FUNDAMENTAL OPPORTUNITIES, CONSTRAINTS, AND LIMITS;;https://www.usaspending.gov/award/ASST_NON_FA95501710091_5700;;;;
390;TU Bergakademie Freiberg;Pentagon USA;169000;ON-LINE DETECTION OF SPECIFC FLOW EVENTS USING THE SPATIO-TEMPORAL RESPONS OF SENSORY HAIR ARRAYS;;https://www.usaspending.gov/award/ASST_NON_FA95501410315_9700;;;;
1690;TU Berlin;Pentagon USA;310320;2018-2021 NEURAL MARKERS OF SITUATION AWARENESS-MOBILE BRAIN BODY IMAGING IN DYNAMIC ENVIRONMENTS;;https://www.usaspending.gov/award/ASST_NON_FA95501810201_5700;https://www.spiegel.de/lebenundlernen/uni/us-militaerforschung-an-deutschen-unis-21-millionen-dollar-in-zehn-jahren-a-1273282.html;;;
1690;TU Berlin;Pentagon USA;12843;2016 INTERNATIONAL CONFERENCE ON MOBILE BRAIN/BODY IMAGING;;https://www.usaspending.gov/award/ASST_NON_N629091612065_9700;;;;
1530;TU Darmstadt;Pentagon USA;494175;2011-2020 APTAMER-BASED STRESS SENSOR AS NOVEL DIAGNOSTIC PERFORMANCE RETARGETING OF INSTRUMENTATION; fOR EXASCALE COMPUTING: THE PRIMA-X PROJECT CONTROLLING RESISTANCE DEGRADATION OF HIGH-PERMITTIVITY DIELECTRICS BY BULK AND INTERFACE FERMI LEVEL ENGINEERING'.. and other projects TRANSITION CONTROL WITH DIELECTRIC BARRIER DISCHARGE PLASMAS;;https://www.usaspending.gov/award/ASST_NON_N629092012035_1700;;;
371;TU Dresden (ohne Klinikum);Pentagon USA;649536;2012-2020 'LONG-LIFE C12A7 HEATERLESS CATHODE FOR ELECTRIC PROPULSION THRUSTERS' DATED 08 NOV 2016 INVESTIGATION OF THE MOLECULAR MECHANISM OF DIATOM ADHESION;;https://www.usaspending.gov/recipient/2403e11e-f855-37e2-8dfb-4c789fa4ecf3-R/latest;;;;
1021;Universität Hamburg (ohne Klinikum);Pentagon USA;382648;2017-2019 MOLECULE BASED PLANAR SPINTRONIC LOGIC DEVICES;;https://www.usaspending.gov/award/ASST_NON_N000141612900_1700;;;;
1011;Universität Lübeck;Pentagon USA;1960534;2018-2021 EXPERIMENTAL AND THEORETICAL INVESTIGATION OF THE MECHANISMS OF FREE-ELECTRON-MEDIATED MODIFICATION OF BIOMOLECULES IN…;;https://www.usaspending.gov/award/ASST_NON_FA95501510326_9700 ;https://www.spiegel.de/lebenundlernen/uni/us-militaerforschung-an-deutschen-unis-21-millionen-dollar-in-zehn-jahren-a-1273282.html ;;;
1223;Universität Mainz;Pentagon USA;362654;2016-2019 NICOP - INVESTIGATION OF THE POSSIBILITIES OF COHERENT LIGHT RETURN FROM LASER GUIDE STARS;;https://www.usaspending.gov/award/ASST_NON_N629091612113_9700;;;;
1181;Universität Marburg;Pentagon USA;59000;2010-2011 Nocturnal Visual Orientation In Flying Insects: A Benchmark For The Design Of Vision-Based Sensors In Micro-Aerial Vehicles;;https://www.usaspending.gov/award/ASST_NON_FA86550813021_5700;;;;
1181;Universität Marburg;Pentagon USA;237000;"2014-2017 MATHEMATICAL METHODS FOR INVERSE ILL-POSED PROBLEMS AND APPLICATIONS""";;https://www.usaspending.gov/award/ASST_NON_FA95501410159_9700;;;;
1321;Universität München (ohne Klinikum);Pentagon USA;3244560;"2009-2011 INSENSITIVE HIGH PERFORMANCE REPLACEMENTS FOR RDX, 
ENERGETIC POLYMERS AND ADVANCED PERCHLORATE-FREE";;https://www.usaspending.gov/award/ASST_NON_W911NF0920018_2100;https://www.spiegel.de/lebenundlernen/uni/us-militaerforschung-an-deutschen-unis-21-millionen-dollar-in-zehn-jahren-a-1273282.html;;;
1321;Universität München (ohne Klinikum);Pentagon USA;143264;2016-2019 New Energetic High-Performance Oxidizers And Explosives;;https://www.usaspending.gov/award/ASST_NON_N000141612062_1700;;;;
1321;Universität München (ohne Klinikum);Pentagon USA;85941;2012-2013 Synthesis And Scale-Up Of Sodium Nitrotetrazolate (Nant);;https://www.usaspending.gov/award/ASST_NON_W911NF1210467_9700;;;;
1321;Universität München (ohne Klinikum);Pentagon USA;86028;2ß012-2014 Synthesis Of Sodium Nitrotetrazolate (Nant) And Investigations Of Dbx-1;;https://www.usaspending.gov/award/ASST_NON_W911NF1310468_9700;;;;
1829;Universität Ulm (Klinikum);Pentagon USA;437335;2017-2019 NICOP - PROMOTION OF STRESS RESILIENCE BY NON-INVASIVE IMMUNOREGULATORY APPROACHES;;https://www.usaspending.gov/award/ASST_NON_N629091712063_1700;;;;
1821;Universität Ulm (ohne Klinikum);Pentagon USA;245012;2013-2014 OPTIMIZING NEAR-INTERFACE THERMAL CONDUCTIVITY OF NANOCRYSTALLYNE DIAMOND THIN FILMS;;https://www.usaspending.gov/award/ASST_NON_N62909131N210_9700;;http://www.handelsblatt.com/politik/oekonomie/nachrichten/sponsoring-hoersaele-werden-zu-werbeflaechen/2807452.html;;
180;Charite - Universitätsmedizin Berlin;Pfizer Deutschland GmbH;;PD 5;;https://www.charite.de/forschung/kooperationen/industriekooperationen/;;http://www.handelsblatt.com/politik/oekonomie/nachrichten/sponsoring-hoersaele-werden-zu-werbeflaechen/2807452.html;;
180;Charite - Universitätsmedizin Berlin;Pfizer Deutschland GmbH;;Pfizer Gesundheitsmonitor ;;https://www.charite.de/forschung/kooperationen/industriekooperationen/;;;;
180;Charite - Universitätsmedizin Berlin;Pfizer GmbH;;Wachstumshormon bei Patienten mit GH-insuffizienz ;;https://www.charite.de/forschung/kooperationen/industriekooperationen/;;http://www.handelsblatt.com/politik/oekonomie/nachrichten/sponsoring-hoersaele-werden-zu-werbeflaechen/2807452.html;;
180;Charite - Universitätsmedizin Berlin;Pfizer GmbH;; treatment with EAT by elderly RA patients;;https://www.charite.de/forschung/kooperationen/industriekooperationen/;;;;
180;Charite - Universitätsmedizin Berlin;Pfrimmer Nutricia GmbH;;Trinknahrung;;https://www.charite.de/forschung/kooperationen/industriekooperationen/;;;;
180;Charite - Universitätsmedizin Berlin;PharmatrophiX Inc.;;Pharmatrophix Inc.;;https://www.charite.de/forschung/kooperationen/industriekooperationen/;;;;
1481;RWTH Aachen (ohne Klinikum);Philips;;Förderer;;http://www.rwth-aachen.de/cms/root/Wirtschaft/Fundraising/~bamh/Partnerschaften_Foerdernde/; ;;;
261;Universität Rostock (ohne Klinikum);PLANET intelligent systems GmbH;50000;Drittmittel in den Jahren 2013 und 2014 (mindestens 50.000 Euro);;https://fragdenstaat.de/anfrage/drittmittel-universitat-rostock/#nachricht-23606;;;;
1161;Universität Frankfurt a.M. (ohne Klinikum);Polytechnische Gesellschaft Frankfurt am Main;1000000;Förderer (mindestens 1.000.000 Euro); Mitglied im Stiftungskuratorium;;http://www.uni-frankfurt.de/51849455/2014;;;
1121;WWU Westfälische Wilhems-Universität Münster (ohne Klinikum);Postbank;;Tagesgeld;;;;;;
180;Charite - Universitätsmedizin Berlin;PPD Germany GmbH & Co. KG;;MEDAC MC-TER.2 SSc;;https://www.charite.de/forschung/kooperationen/industriekooperationen/;;;;
1810;Universität Mannheim;PricewaterhouseCoopers USA;300000;Hörsaalsponsoring;;http://www.handelsblatt.com/politik/oekonomie/nachrichten/sponsoring-hoersaele-werden-zu-werbeflaechen/2807452.html; http://www.bwl.uni-mannheim.de/de/allgemeines/dekanat/partner_des_dekanats/;;;
1481;RWTH Aachen (ohne Klinikum);Procter & Gamble Manufacturing GmbH;;Förderer;;http://www.rwth-aachen.de/cms/root/Wirtschaft/Fundraising/~bamh/Partnerschaften_Foerdernde/; ;;;
1121;WWU Westfälische Wilhems-Universität Münster (ohne Klinikum);proPlant GmbH Gesell. f. Agrar- und Umweltinformatik mbH;;Beteiligung;;;;;;
1121;WWU Westfälische Wilhems-Universität Münster (ohne Klinikum);PROvendis GmbH;;Beteiligung;;;;;;
1101;Universität Düsseldorf (ohne Klinikum);Provinzial AG;;Provinzial-Stipendien;;https://www.jura.hhu.de/service1/aktuelles/article/stipendium-der-hhu-gestiftet-von-der-provinzial-rheinland-versicherung-ag-4.html;;;;
180;Charite - Universitätsmedizin Berlin;PROVITRO GmbH;;Qualitätssicherungs-Initiative Pathologie (QuIP) ;;https://www.charite.de/forschung/kooperationen/industriekooperationen/;;;;
1481;RWTH Aachen (ohne Klinikum);PVS - Privatärztliche VerrechnungsStelle Rhein-Ruhr GmbH;;Förderer;;http://www.rwth-aachen.de/cms/root/Wirtschaft/Fundraising/~bamh/Partnerschaften_Foerdernde/; ;;;
180;Charite - Universitätsmedizin Berlin;Quintiles GmbH;;EARLY;;https://www.charite.de/forschung/kooperationen/industriekooperationen/;;;;
1481;RWTH Aachen (ohne Klinikum);Railistics GmbH;;Förderer;;http://www.rwth-aachen.de/cms/root/Wirtschaft/Fundraising/~bamh/Partnerschaften_Foerdernde/; ;;;
1481;RWTH Aachen (ohne Klinikum);Regina e.V.;;Förderer;;http://www.rwth-aachen.de/cms/root/Wirtschaft/Fundraising/~bamh/Partnerschaften_Foerdernde/; ;;;
1481;RWTH Aachen (ohne Klinikum);Rhein-Kreis Neuss Kulturzentrum Rommerskirchen-Sinsteden;;Förderer;;http://www.rwth-aachen.de/cms/root/Wirtschaft/Fundraising/~bamh/Partnerschaften_Foerdernde/; ;;;
1161;Universität Frankfurt a.M. (ohne Klinikum);Rhein-Main-Verkehrsverbund GMBH;1000000;Förderer (mindestens 1.000.000 Euro); Mitglied im Stiftungskuratorium;;http://www.uni-frankfurt.de/51849455/2014;;;
1161;Universität Frankfurt a.M. (ohne Klinikum);Roche;1000000;Förderer (mindestens 1.000.000 Euro); Mitglied im Stiftungskuratorium;;http://www.uni-frankfurt.de/51849455/2014;;;
371;TU Dresden (ohne Klinikum);Rolls-Royce;;;;;;;;
1481;RWTH Aachen (ohne Klinikum);RWE;;Förderer;;http://www.rwth-aachen.de/cms/root/Wirtschaft/Fundraising/~bamh/Partnerschaften_Foerdernde/; ;;;
1481;RWTH Aachen (ohne Klinikum);Saint Gobain;;Förderer;;http://www.rwth-aachen.de/cms/root/Wirtschaft/Fundraising/~bamh/Partnerschaften_Foerdernde/; ;;;
180;Charite - Universitätsmedizin Berlin;Sandoz Pharmaceuticals GmbH;;Omnitrope in the treatment of adults;;https://www.charite.de/forschung/kooperationen/industriekooperationen/;;;;
180;Charite - Universitätsmedizin Berlin;Sanofi-Aventis Deutschland GmbH;;Dupilumab Studie;;https://www.charite.de/forschung/kooperationen/industriekooperationen/;;;;
1121;WWU Westfälische Wilhems-Universität Münster (ohne Klinikum);Santander Bank;;20 Stipendien; Finanzierung;;http://www.uni-muenster.de/Rektorat/exec/upm.php?rubrik=Alle&neu=0&monat=201301&nummer=16418;;;
180;Charite - Universitätsmedizin Berlin;Sanum Kehlbeck GmbH & Co. KG;;Mucocellphys;;https://www.charite.de/forschung/kooperationen/industriekooperationen/;;;;
1530;TU Darmstadt;SAP;;Gemeinsame Gründung Global Research and Business Incubation Darmstadt;;https://www.informatik.tu-darmstadt.de/de/forschung/industrie-kooperationen/;;;;
371;TU Dresden (ohne Klinikum);SAP;;;;;;;;
261;Universität Rostock (ohne Klinikum);SASOL Germany GmbH ;50000;Drittmittel in den Jahren 2013 und 2014 (mindestens 50.000 Euro);;https://fragdenstaat.de/anfrage/drittmittel-universitat-rostock/#nachricht-23606;;;;
1690;TU Berlin;Sawiris Foundation for Social Development;;Förderer;;https://www.tu-berlin.de/praesidialbereich/institutionelle_kooperationen/menue/weitere_strategische_kooperationen/#c427290;;;;
201;Humboldt-Universität zu Berlin;Schering Stiftung;4200 (2018);Alexander von Humboldt Institut für Internet und Gesellschaft (HIIG) ;HIIG;https://hiig.de/wp-content/uploads/2019/01/encore2018_report_digital.pdf;;;;
1481;RWTH Aachen (ohne Klinikum);Schwermetall Halbzeugwerk GmbH & Co. KG;;Förderer;;http://www.rwth-aachen.de/cms/root/Wirtschaft/Fundraising/~bamh/Partnerschaften_Foerdernde/; ;;;
180;Charite - Universitätsmedizin Berlin;SERVIER GmbH;;Chrono Studie;;https://www.charite.de/forschung/kooperationen/industriekooperationen/;;;;
1481;RWTH Aachen (ohne Klinikum);Siemens AG;;Förderer;Siemens AG Industry Sector;http://www.rwth-aachen.de/cms/root/Wirtschaft/Fundraising/~bamh/Partnerschaften_Foerdernde/; ;;;
371;TU Dresden (ohne Klinikum);Siemens AG;;;;;;;;
1315;Universität Erlangen-Nürnberg;Siemens AG;;Hörsaalsponsoring - 5 Jahre bis 2018; Erneuerung der Bestuhlung; farbliche Neugestaltung des Saals;;;;
261;Universität Rostock (ohne Klinikum);Siemens AG;50000;Drittmittel in den Jahren 2013 und 2014 (mindestens 50.000 Euro);;https://fragdenstaat.de/anfrage/drittmittel-universitat-rostock/#nachricht-23606;;;;
180;Charite - Universitätsmedizin Berlin;Sigma-Tau Pharmaceuticals, Inc. USA; Inc.;;Carnitin Colitis ulc;;https://www.charite.de/forschung/kooperationen/industriekooperationen/;;;
261;Universität Rostock (ohne Klinikum);SIV AG;50000;Drittmittel in den Jahren 2013 und 2014 (mindestens 50.000 Euro);;https://fragdenstaat.de/anfrage/drittmittel-universitat-rostock/#nachricht-23606;;;;
1481;RWTH Aachen (ohne Klinikum);Solitem Group;;Förderer;;http://www.rwth-aachen.de/cms/root/Wirtschaft/Fundraising/~bamh/Partnerschaften_Foerdernde/; ;;;
1481;RWTH Aachen (ohne Klinikum);Sparkasse Aachen;;Förderer;;http://www.rwth-aachen.de/cms/root/Wirtschaft/Fundraising/~bamh/Partnerschaften_Foerdernde/; ;;;
261;Universität Rostock (ohne Klinikum);Spheros GmbH;50000;Drittmittel in den Jahren 2013 und 2014 (mindestens 50.000 Euro);;https://fragdenstaat.de/anfrage/drittmittel-universitat-rostock/#nachricht-23606;;;;
1481;RWTH Aachen (ohne Klinikum);Springer Science + Business Media Deutschland GmbH;;Förderer;;http://www.rwth-aachen.de/cms/root/Wirtschaft/Fundraising/~bamh/Partnerschaften_Foerdernde/; ;8324674.html;http://www.uni-hildesheim.de/ueber-uns/organisation/presidium/presse/pressespiegel-regional/artikel/artikel/ehrendoktorw-3/;
240;Brandenburgische TU Cottbus;Starz GmbH;;;;https://www.b-tu.de/universitaet/stiften-und-foerdern/stiftung-der-btu;;;;
1481;RWTH Aachen (ohne Klinikum);STAWAG - Stadtwerke Aachen AG;;Förderer;;http://www.rwth-aachen.de/cms/root/Wirtschaft/Fundraising/~bamh/Partnerschaften_Foerdernde/; ;;;
261;Universität Rostock (ohne Klinikum);Sterling Industry Consult GmbH;50000;Drittmittel in den Jahren 2013 und 2014 (mindestens 50.000 Euro);;https://fragdenstaat.de/anfrage/drittmittel-universitat-rostock/#nachricht-23606;;;;
201;Humboldt-Universität zu Berlin;Stifterverband;2500 (2018);Alexander von Humboldt Institut für Internet und Gesellschaft (HIIG) ;HIIG;https://hiig.de/wp-content/uploads/2019/01/encore2018_report_digital.pdf;;;;
201;Humboldt-Universität zu Berlin;Stifterverband;15000 (2018);Alexander von Humboldt Institut für Internet und Gesellschaft (HIIG) ;HIIG;https://hiig.de/wp-content/uploads/2019/01/encore2018_report_digital.pdf;;;;
1161;Universität Frankfurt a.M. (ohne Klinikum);Stiftung Geld und Währung;1000000;Förderer (mindestens 1.000.000 Euro); Mitglied im Stiftungskuratorium;;http://www.uni-frankfurt.de/51849455/2014;;;
180;Charite - Universitätsmedizin Berlin;Stiftung Industrieforschung;;INKLUDEM FJS;;https://www.charite.de/forschung/kooperationen/industriekooperationen/;;;;
180;Charite - Universitätsmedizin Berlin;Stiftung Zentrum für Qualität in der Pflege;;Resilienz bei pflegebedürftigen älteren Menschen mit chronischen Schmerzen;;https://www.charite.de/forschung/kooperationen/industriekooperationen/;;;;
1800;Universität Hohenheim;Südwestbank;7500;Preis;;http://www.handelsblatt.com/politik/oekonomie/nachrichten/sponsoring-hoersaele-werden-zu-werbeflaechen/2807452.html;;;;
1800;Universität Hohenheim;Südwestmetall;5000;Preis;;tp://www.bwl.uni-mannheim.de/de/allgemeines/dekanat/p;;;;
261;Universität Rostock (ohne Klinikum);Suhrkamp Verlag;;Uwe-Johnson-Zentrum;;http://www.uni-rostock.de/aktuelles/alle-meldungen/detailansicht-der-news/news-artikel/rostock-wird-das-zentrum-der-uwe-johnson-forschung/;;;;
240;Brandenburgische TU Cottbus;TAKRAF GmbH;;;;https://www.b-tu.de/universitaet/stiften-und-foerdern/stiftung-der-btu;;;;
1314;Universität Erlangen-Nürnberg;Teambank AG;130000;Hörsaalsponsoring;;http://www.tf.fau.de/fakultaet/sponsoring.shtml;;;;
1121;WWU Westfälische Wilhems-Universität Münster (ohne Klinikum);Technologieförderung Münster GmbH;;Beteiligung;;;;;;
1481;RWTH Aachen (ohne Klinikum);Textilverband Nordwest;;Förderer;;http://www.rwth-aachen.de/cms/root/Wirtschaft/Fundraising/~bamh/Partnerschaften_Foerdernde/; ;;;
180;Charite - Universitätsmedizin Berlin;The Clinical Research Institute GmbH;;AFNET6 NOAH;;https://www.charite.de/forschung/kooperationen/industriekooperationen/;;;;
371;TU Dresden (ohne Klinikum);The Linde Group ;;;;;;;;
1481;RWTH Aachen (ohne Klinikum);The MathWorks GmbH;;Förderer;;http://www.rwth-aachen.de/cms/root/Wirtschaft/Fundraising/~bamh/Partnerschaften_Foerdernde/; ;;;
180;Charite - Universitätsmedizin Berlin;ThromboGenics N.V.;;Role of PIGF;;https://www.charite.de/forschung/kooperationen/industriekooperationen/;;;;
1481;RWTH Aachen (ohne Klinikum);ThyssenKrupp;;Förderer;;http://www.rwth-aachen.de/cms/root/Wirtschaft/Fundraising/~bamh/Partnerschaften_Foerdernde/; ;;;
371;TU Dresden (ohne Klinikum);ThyssenKrupp;;;;;; http://www.service;;
180;Charite - Universitätsmedizin Berlin;Toshiba Medical Systems GmbH;;CORE-320;;https://www.charite.de/forschung/kooperationen/industriekooperationen/;; http://www.uni-mannheim.de/forum/schwerpunkt/ausgabe_1_2010_stifter_und_maezene/stiftungsprofessuren/; http://www.service.uni-mannheim.de/de/campus_service/; http://hochschulanzeiger.faz.net/magazin/neue-f-a-z-lounge-an-der-universitaet-mannheim-eroeffnung-mit-grosser-poetry-slam-show-11371303.html
1481;RWTH Aachen (ohne Klinikum);trivago;40000 (2018);Hörsaalsponsoring;;https://www.rwth-aachen.de/go/id/qhrh;https://www.aachener-nachrichten.de/lokales/aachen/unternehmen-zahlen-40000-euro-fuer-reklame-vor-rwth-hoersaelen_aid-30779249;;;
1161;Universität Frankfurt a.M. (ohne Klinikum);UBS Deutschland AG;1000000;Förderer (mindestens 1.000.000 Euro); Mitglied im Stiftungskuratorium;;http://www.uni-frankfurt.de/51849455/2014;;;
180;Charite - Universitätsmedizin Berlin;UCB S.A.-N.V.;;Molekulare Effekte der Anti-CD22 Therapie;;https://www.charite.de/forschung/kooperationen/industriekooperationen/;;;;
201;Humboldt-Universität zu Berlin;University Exeter/Mellon Foundation;61259 (2018);Alexander von Humboldt Institut für Internet und Gesellschaft (HIIG) ;HIIG;https://hiig.de/wp-content/uploads/2019/01/encore2018_report_digital.pdf;;;;
1690;TU Berlin;Vattenfall;;Förderer;Vattenfall Europe AG;https://www.tu-berlin.de/praesidialbereich/institutionelle_kooperationen/menue/weitere_strategische_kooperationen/#c427284;;;;
371;TU Dresden (ohne Klinikum);Vattenfall;;;Vattenfall GmbH;;;;;
261;Universität Rostock (ohne Klinikum);Vattenfall;50000;Drittmittel in den Jahren 2013 und 2014 (mindestens 50.000 Euro);;https://fragdenstaat.de/anfrage/drittmittel-universitat-rostock/#nachricht-23606;;;;
1690;TU Berlin;VDI/VDE Innovation + Technik GmbH;;Förderer;;https://www.tu-berlin.de/praesidialbereich/institutionelle_kooperationen/menue/weitere_strategische_kooperationen/#c427291;;;;
1481;RWTH Aachen (ohne Klinikum);VDMA - Verband Deutscher Maschinen- und  Anlagenbau e.V.;;Förderer;;http://www.rwth-aachen.de/cms/root/Wirtschaft/Fundraising/~bamh/Partnerschaften_Foerdernde/; ;;;
261;Universität Rostock (ohne Klinikum);VGB Forschungsstiftung;50000;Drittmittel in den Jahren 2013 und 2014 (mindestens 50.000 Euro);;https://fragdenstaat.de/anfrage/drittmittel-universitat-rostock/#nachricht-23606;;;;
371;TU Dresden (ohne Klinikum);Vodafone;;;;;;;;
311;Otto-von-Guericke-Universität Magdeburg (ohne Klinikum);Volksbank;10000;Hörsaalsponsoring;;http://www.uni-magdeburg.de/home/Presse+_+Medien/uni_report/Archiv/2008/ausgabe_01_2008/volksbankhoersaal.html;;;;
1690;TU Berlin;Volkswagen;;Förderer;Volkswagen autouni;https://www.tu-berlin.de/praesidialbereich/institutionelle_kooperationen/menue/weitere_strategische_kooperationen/#c427292;;;;
1481;RWTH Aachen (ohne Klinikum);Walbert-Schmitz GmbH & Co. KG;;Förderer;;http://www.rwth-aachen.de/cms/root/Wirtschaft/Fundraising/~bamh/Partnerschaften_Foerdernde/; ;;;
1481;RWTH Aachen (ohne Klinikum);WBI PROFESSOR DR.-ING. W. WITTKE Beratende Ingenieure für GRUNDBAU UND FELSBAU GmbH;;Förderer;;http://www.rwth-aachen.de/cms/root/Wirtschaft/Fundraising/~bamh/Partnerschaften_Foerdernde/; ;;;
1481;RWTH Aachen (ohne Klinikum);Weber GmbH & Co. KG Kunststofftechnik + Formenbau;;Förderer;;http://www.rwth-aachen.de/cms/root/Wirtschaft/Fundraising/~bamh/Partnerschaften_Foerdernde/; ;;;
240;Brandenburgische TU Cottbus;WEQUA GmbH;;;;https://www.b-tu.de/universitaet/stiften-und-foerdern/stiftung-der-btu;;;;
1161;Universität Frankfurt a.M. (ohne Klinikum);Werner Reimers Stiftung;1000000;Förderer (mindestens 1.000.000 Euro); Mitglied im Stiftungskuratorium;;http://www.uni-frankfurt.de/51849455/2014;;;
1121;WWU Westfälische Wilhems-Universität Münster (ohne Klinikum);WestLB;;Schuldschein;;;;;;
261;Universität Rostock (ohne Klinikum);WILO;50000;Drittmittel in den Jahren 2013 und 2014 (mindestens 50.000 Euro);;https://fragdenstaat.de/anfrage/drittmittel-universitat-rostock/#nachricht-23606;;;;
1481;RWTH Aachen (ohne Klinikum);Wintershall Holding AG;;Förderer;;http://www.rwth-aachen.de/cms/root/Wirtschaft/Fundraising/~bamh/Partnerschaften_Foerdernde/; ;;;
1481;RWTH Aachen (Klinikum);WTI Wissenschaftlich-Technische Ingenieurberatung GmbH;;Förderer;;http://www.rwth-aachen.de/cms/root/Wirtschaft/Fundraising/~bamh/Partnerschaften_Foerdernde/; ;;;
1121;WWU Westfälische Wilhems-Universität Münster (ohne Klinikum);wwu.weiterbildung gemeinnützige GmbH;;Beteiligung;;;;;;
180;Charite - Universitätsmedizin Berlin;Yumab GmbH;;Biomarker und Zielmoleküle bei Patienten mit malignen Tumoren;;https://www.charite.de/forschung/kooperationen/industriekooperationen/;;;;
371;TU Dresden (ohne Klinikum);Zentrum Mikroelektronik Dresden AG ;;;;;;;;
261;Universität Rostock (ohne Klinikum);ZF Friedrichshafen;50000;Drittmittel in den Jahren 2013 und 2014 (mindestens 50.000 Euro);;https://fragdenstaat.de/anfrage/drittmittel-universitat-rostock/#nachricht-23606;;;;
580;Bauhaus-Universität Weimar;;;;;;;;;
190;Europa-Universität Viadrina Frankfurt (Oder);;;;;;;;;
150;Fernuniversität Hagen;;;;;;;;;
491;Friedrich-Schiller-Universität Jena (ohne Klinikum);;;;;;;;;
800;Helmut-Schmidt-Universität Hamburg;;;;;;;;;
660;Jacobs University Bremen (Priv. H);;;;;;;;;
990;Leuphana Universität Lüneburg;;;;;;;;;
262;Med. Fakultät Rostock;;;;;;;;;
272;Medizinische Fakultät Greifswald;;;;;;;;;
1739;Medizinische Hochschule Hannover;;;;;;;;;
6890;Naturwissenschaftlich-Technische Akademie Isny (nta);;;;;;;;;
1489;RWTH Aachen (Klinikum);;;;;;;;;
1130;Technische Universität Dortmund;;;;;;;;;
2000;Theol. Fakultät Fulda (rk);;;;;;;;;
1430;TU Braunschweig;;;;;;;;;
1440;TU Clausthal;;;;;;;;;
379;TU Dresden (Klinikum);;;;;;;;;
1040;TU Hamburg-Harburg;;;;;;;;;
590;TU Ilmenau;;;;;;;;;
1210;TU Kaiserslautern;;;;;;;;;
1639;TU München (Klinikum);;;;;;;;;
500;Universität Bamberg;;;;;;;;;
510;Universität Bayreuth;;;;;;;;;
1140;Universität Bielefeld;;;;;;;;;
1089;Universität Bochum (Klinikum);;;;;;;;;
1099;Universität Bonn (Klinikum);;;;;;;;;
1091;Universität Bonn (ohne Klinikum);;;;;;;;;
1050;Universität Bremen;;;;;;;;;
812;Universität der Bundeswehr München (FB Fachhochschulstudiengänge);;;;;;;;;
811;Universität der Bundeswehr München (FB Universitätsstudiengänge);;;;;;;;;
1363;Universität des Saarlandes Saarbrücken in Saarbrücken;;;;;;;;;
89;Universität Duisburg-Essen (Klinikum);;;;;;;;;
81;Universität Duisburg-Essen (ohne Klinikum);;;;;;;;;
1109;Universität Düsseldorf (Klinikum);;;;;;;;;
620;Universität Erfurt;;;;;;;;;
1319;Universität Erlangen-Nürnberg (Klinikum);;;;;;;;;
3100;Universität Flensburg;;;;;;;;;
1169;Universität Frankfurt a.M. (Klinikum);;;;;;;;;
1249;Universität Freiburg i.Br. (Klinikum);;;;;;;;;
1031;Universität Göttingen (ohne Klinikum);;;;;;;;;
279;Universität Greifswald (Klinikum);;;;;;;;;
271;Universität Greifswald (ohne Klinikum);;;;;;;;;
309;Universität Halle (Klinikum);;;;;;;;;
301;Universität Halle (ohne Klinikum);;;;;;;;;
1029;Universität Hamburg (Klinikum);;;;;;;;;
1252;Universität Heidelberg - Medizinische Fakultät Mannheim;;;;;;;;;
1256;Universität Heidelberg (Klinikum);;;;;;;;;
1251;Universität Heidelberg (ohne Klinikum);;;;;;;;;
499;Universität Jena (Klinikum);;;;;;;;;
1001;Universität Kiel;;;;;;;;;
1290;Universität Koblenz-Landau;;;;;;;;;
1119;Universität Köln (Klinikum);;;;;;;;;
369;Universität Leipzig (Klinikum);;;;;;;;;
361;Universität Leipzig (ohne Klinikum);;;;;;;;;
319;Universität Magdeburg (Klinikum);;;;;;;;;
1329;Universität München (Klinikum);;;;;;;;;
1129;Universität Münster (Klinikum);;;;;;;;;
520;Universität Oldenburg;;;;;;;;;
530;Universität Osnabrück;;;;;;;;;
121;Universität Paderborn;;;;;;;;;
540;Universität Passau;;;;;;;;;
1341;Universität Regensburg (ohne Klinikum);;;;;;;;;
269;Universität Rostock (Klinikum);;;;;;;;;
130;Universität Siegen;;;;;;;;;
1590;Universität Stuttgart;;;;;;;;;
1200;Universität Trier;;;;;;;;;
1279;Universität Tübingen (Klinikum);;;;;;;;;
960;Universität Vechta;;;;;;;;;
140;Universität Wuppertal;;;;;;;;;
1339;Universität Würzburg (Klinikum);;;;;;;;;
1331;Universität Würzburg (ohne Klinikum);;;;;;;;;
950;Universitätsklinikum Schleswig-Holstein;;;;;;;;;
1390;Universitätsmedizin der Johannes Gutenberg-Universität Mainz;;;;;;;;;
1460;Zeppelin Universität (ZU);;;;;;;;;
