Land;Hochschule;Fakultät;Stiftungsprofessur;Stifter;Fördersumme pro Jahr;Fördersumme insgesamt;Laufzeit;Startpunkt;Quelle;Alternativname;Status
Thüringen;Bauhaus-Universität Weimar;Bauingenieurwesen;Energiesysteme;AVX Corporation;;;5 Jahre;2019;https://www.uni-weimar.de/de/bauingenieurwesen/aktuell/news-aus-der-fakultaet/titel/thueringen-investiert-in-wasserstofftechnologie-stiftungsprofessur-energiesysteme-eingerichtet-1/;;
Brandenburg;Brandenburgische TU Cottbus;Ingenieurwissenschaften und Informatik;Management regionaler Energieversorgungsstrukturen;EMIS Electrics GmbH;;;;;;;
Brandenburg;Brandenburgische TU Cottbus;Ingenieurwissenschaften und Informatik;Management regionaler Energieversorgungsstrukturen;Vestas Deutschland GmbH;;;;;https://www.b-tu.de/fg-energieversorgungsstrukturen/aktuelles/newsletter/1-newsletter-vom-nov-2015;Vestas Blades;
Brandenburg;Brandenburgische TU Cottbus;Maschinenbau, Elektrotechnik und Wirtschaftsingenieurwesen;Ulrich-L.-Rohde-Stiftungsprofessur;Rohde Gruppe;k.A.;;25 Jahre;2009;https://www.b-tu.de/fg-mikrowellentechnik/stiftung;Ulrich L. Rohde Stiftung;
Berlin;Charite - Universitätsmedizin Berlin;Psychatrie;Narration in der Psychiatrie und Psychotherapie;Förderfond Wissenschaft in Berlin;;;3 Jahre;2020;https://www.stifterverband.org/stiftungsprofessuren ;;
Berlin;Charite - Universitätsmedizin Berlin;Max-Delbrück-Centrum für Molekulare Medizin (MDC) Berlin-Buch;Hans-Schildbach-Stiftungsprofessur für urogenitale Krebsforschung;Stiftung Urologische Forschung;175000;;5 Jahre;2014;http://stiftung-urologie.de/foerderung/;;
Berlin;Charite - Universitätsmedizin Berlin;;Pharmakodynamik der Immunsuppression nach Nierentransplantation;Astellas Pharma;;;10 Jahre;2011;https://www.charite.de/die_charite/organisation/stiftungsprofessuren/;;
Berlin;Charite - Universitätsmedizin Berlin;;Diagnostische Radiologie SP funktionelle und molekulare Ultraschallbildgebung;Canon Medical Systems;;;10 Jahre;2011;https://www.charite.de/die_charite/organisation/stiftungsprofessuren/;;
Berlin;Charite - Universitätsmedizin Berlin;;Versorgungsforschung in der Rheumatologie;Deutsche Rheumastiftung;;;7 Jahre;2015;https://www.charite.de/die_charite/organisation/stiftungsprofessuren/;;
Berlin;Charite - Universitätsmedizin Berlin;;Delirium prevention by non-pharmacological measures;Philips;;;5 Jahre;2019;https://www.stifterverband.org/search/site/stiftungsprofessuren;;
Berlin;Charite - Universitätsmedizin Berlin;;Immunmodulatorische Therapien bei Autoimmunerkrankungen;Roche Pharma AG;;;10 Jahre;2009;https://www.charite.de/die_charite/organisation/stiftungsprofessuren/;;
Berlin;Charite - Universitätsmedizin Berlin;;Diabetesentstehung und -therapie;Sanofi Aventis;;;6 Jahre;2014;https://www.charite.de/die_charite/organisation/stiftungsprofessuren/;;
Berlin;Charite - Universitätsmedizin Berlin;;Virchow & Villermé Center for Public Health;Sanofi Aventis;;;4 Jahre;2016;https://www.charite.de/die_charite/organisation/stiftungsprofessuren/;;
Brandenburg;Europa-Universität Viadrina Frankfurt (Oder);Kulturwissenschaften;Axel Springer-Stiftungsprofessur für deutsch-jüdische Literatur- und Kulturgeschichte, Exil und Migration;Springer Verlag GmbH;;400000;2 Jahre;2018;https://www.kuwi.europa-uni.de/de/lehrstuhl/lw/diaspora/index.html;;
Brandenburg;Europa-Universität Viadrina Frankfurt (Oder);Wirtschaftswissenschaften;Rechtsvergleichung, Osteuropäisches Wirtschaftsrecht und Europäische Rechtspolitik;Kelso-Stiftung ;;433150;5 Jahre;2017;https://www.wiwi.europa-uni.de/de/lehrstuhl/gastprof/kelso/index.html;;
NRW;Fernuniversität Hagen;Soziologie;Mikrosoziologie;EHG Service GmbH;;500000;5 Jahre;2018;https://www.fernuni-hagen.de/ksw/fakultaet/aktuelles/ernstings-family-stiftungsprofessur.shtml ;;
Berlin;FU Berlin;Ostasien;Aufbau eines Lehramtsstudiengangs Chinesisch ;Konfuzius Stiftung China ;;500000;5 Jahre;2019;https://www.tagesspiegel.de/wissen/umstrittene-finanzierung-einer-china-professur-wie-sich-die-fu-an-chinesische-gesetze-bindet/25484672.html ;;
Berlin;FU Berlin;Geschichts- und Kulturwissenschaften;Professur für die Kunst Afrikas;Alfried Krupp von Bohlen und Halbach Stiftung;;;5 Jahre;;https://www.fu-berlin.de/forschung/verbundforschung/kooperationen/stiftungs_prof/index.html;;
Berlin;FU Berlin;Geschichts- und Kulturwissenschaften;Arabistik;Claussen-Simon-Stiftung;;;6 jahre;;https://www.fu-berlin.de/forschung/verbundforschung/kooperationen/stiftungs_prof/index.html;;
Berlin;FU Berlin;Inst. f. Betriebswirtschaftslehre;Projektmanagement;Deutsche Gesellschaft für Projektmanagement e.V.;;;;;https://www.fu-berlin.de/forschung/verbundforschung/kooperationen/stiftungs_prof/index.html;;
Berlin;FU Berlin;Inst. f. Betriebswirtschaftslehre;Wirtschaftsinformatik - Digitale Transformation und IT-Infrastrukturen;EinsteinZentrum Digital Future;;;;;https://www.fu-berlin.de/forschung/verbundforschung/kooperationen/stiftungs_prof/index.html;;
Berlin;FU Berlin;Inst. f. Betriebswirtschaftslehre;Wirtschaftsinformatik - Digitale Transformation und Strategisches Informationsmanagement;EinsteinZentrum Digital Future;;;;;https://www.fu-berlin.de/forschung/verbundforschung/kooperationen/stiftungs_prof/index.html;;
Hamburg;Hafencity Universität Hamburg;Architektur; Digitales Integriertes Prozessmanagement „Planen“;EUROPA-CENTER Uwe Heinrich Suhr Stiftung;;;;2017;http://www.uhs-stiftung.de/de/foerderungsbereiche/bildung-und-erziehung;;
Baden-Württemberg;Karlsruher Institut für Technologie (KIT) - Bereich Hochschule;Institut für Technikzukünfte ;Technikkulturwissenschaft;Stefan Quandt;;1500000;5 Jahre;2017;https://www.stiftung.kit.edu/642.php;;
Baden-Württemberg;Karlsruher Institut für Technologie (KIT) - Bereich Hochschule;;Meteorologie – Regionales Klima und Wettergefahren ;AXA Research Funds;;1800000;13 Jahre;2016;https://www.stiftung.kit.edu/AXA-Stiftungsprofessur.php;;
Baden-Württemberg;Karlsruher Institut für Technologie (KIT) - Bereich Hochschule;;Bahnsystemtechnik;Bombardier Transportation;;1490000;13 Jahre;2008;https://www.pressebox.de/inaktiv/bombardier-transportation/Peter-Gratzfeld-uebernimmt-Stiftungslehrstuhl-von-Bombardier-Transportation-am-Karlsruhe-Institute-of-Technology/boxid/209674;;
Baden-Württemberg;Karlsruher Institut für Technologie (KIT) - Bereich Hochschule;;Autonome Lernende Roboter;Carl Zeiss Stiftung;;1000000;5 Jahre;2018;https://www.kit.edu/kit/pi_2019_047_kunstliche-intelligenz-fur-die-agile-produktion-der-zukunft.php;;
Baden-Württemberg;Karlsruher Institut für Technologie (KIT) - Bereich Hochschule;;Zuverlässige Softwaresysteme in der Automobilindustrie;Daimler AG;;390000;6 Jahre;2018;https://verialg.iti.kit.edu/;Stifterverband für die Deutsche Wissenschaft/Daimler AG Fond;
Baden-Württemberg;Karlsruher Institut für Technologie (KIT) - Bereich Hochschule;;Tektonik und Strukturgeologie mit technischen Anwendungen in der Geothermie;EnBW;400000;4000000;10 Jahre;2010;https://www.sek.kit.edu/kit_experten_kohl.php;;
Baden-Württemberg;Karlsruher Institut für Technologie (KIT) - Bereich Hochschule;;Nanostrukturierte Funktionsmaterialien;Robert Bosch GmbH;500000;5000000;10 Jahre;2011;https://www.sek.kit.edu/kit_kompakt_1960.php#Nanostrukturierte%20Funktionsmaterialien;;
Baden-Württemberg;Karlsruher Institut für Technologie (KIT) - Bereich Hochschule;;Interdisziplinäre Didaktik der MINT‐Fächer und des Sports;Vector Stiftung;;680000;3 Jahre;2018;https://www.hoc.kit.edu/zlb/Forschung_Professur_interdisz_Didaktik_MINT_Faecher_und_Sport.php;;
Sachsen-Anhalt;Otto-von-Guericke-Universität Magdeburg (ohne Klinikum);Elektrotechnik und Informationstechnik;Aufbau- und Verbindungstechnik;Kunststofftechnikfirmen;;;;;https://www.ovgu.de/-p-25948.html;;
Sachsen-Anhalt;Otto-von-Guericke-Universität Magdeburg (ohne Klinikum);Elektrotechnik und Informationstechnik;Kathetertechnologien;regionale Unternehmen;;;5 Jahre;2015;https://www.ovgu.de/-p-32258.html;;
NRW;Ruhr-Universität Bochum (ohne Klinikum);Chemie und Biochemie;Evonik-Stiftungsprofessur für Organische Chemie;Evonik;750000;;;2016;https://corporate.evonik.de/de/presse/pressemitteilungen/evonik-stiftet-professur-fuer-organische-chemie-an-der-ruhr-universitaet-bochum-rub-105612.html;;
NRW;Ruhr-Universität Bochum (ohne Klinikum);Maschinenbau;Carbon Sources and Conversion;RWE;;4000000;7 Jahre;2017;https://news.rub.de/presseinformationen/wissenschaft/2017-03-23-kohlenstoffforschung-ruhr-universitaet-bochum-erhaelt-stiftungsprofessur-von-rwe;;
NRW;Ruhr-Universität Bochum (ohne Klinikum);Horst-Görtz-Institut für IT-Sicherheit;Human-Centred Security  ;Horst Görtz Stiftung;;1430000;5 Jahre;2018;https://news.rub.de/wissenschaft/2018-07-25-it-sicherheit-horst-goertz-stiftungsprofessur-fuer-angela-sasse;;
NRW;RWTH Aachen (Klinikum);Medizinische;Palliativmedizin;Grünenthal GmbH;;;unbegrenzt;2003;;;
NRW;RWTH Aachen (ohne Klinikum);;Psychologie mit dem Schwerpunkt Auditive Kognition;HEAD acoustics GmbH;;1200000;5 Jahre;2019;https://www.rwth-aachen.de/go/id/bvdee#aaaaaaaaaabvdhf;;
NRW;RWTH Aachen (ohne Klinikum);;Mechatronische Systeme am Verbrennungsmotor;Rheinmetall Auromotive AG;;;5 Jahre;2014;https://www.stifterverband.org/search/site/stiftungsprofessuren ;;
NRW;Technische Universität Dortmund;Elektrotechnik;Energiesysteme, Elektromobilität;RWE;;500000;5 Jahre;2011;https://www.abitur-und-studium.de/Blogs/Technische-Universitaet-Dortmund/Kompetenzzentrum-Elektromobilitaet-startet;;
NRW;Technische Universität Dortmund;Logistik;Mathematische Statistik und industrielle Anwendung;Deutsche Post;;;5 Jahre;2019;https://www.verkehrsrundschau.de/nachrichten/post-will-lehrstuhl-am-logistik-campus-in-dortmund-stiften-1288261.html;;
NRW;Technische Universität Dortmund;Maschinenenbau;Supply Net Order Management;Audi;;;5 Jahre;2017;http://www.iim.mb.tu-dortmund.de/cms/Medienpool/Dokumente/Jahresbericht_2018_Audi-Stiftungsprofessur_SNOM_TU_Dortmund.PDF;;
NRW;Technische Universität Dortmund;Bio- und Chemieingeniurwesen;Produktionsprozesse;Bayer Technology Services;;;5 Jahre;2011;https://www.bci.tu-dortmund.de/cms/de/Fakultaet/50-Jahre-BCI/Kalenderblaetter/Kalenderblaetter/2/index.html ;Bayer;
NRW;Technische Universität Dortmund;Bio- und Chemieingeniurwesen;Apparatedesign;Bayer Technology Services;;;5 Jahre;2012;https://www.bci.tu-dortmund.de/cms/de/Fakultaet/50-Jahre-BCI/Kalenderblaetter/Kalenderblaetter/2/index.html ;Bayer;
Sachsen;TU Bergakademie Freiberg;Maschinenbau, Verfahrens- und Energietechnik;Alfred Pott-Stifterprofessur für Gas- und Wärmetechnische Anlagen;Alfred und Cläre Pott-Stiftung;;;;;;;
Sachsen;TU Bergakademie Freiberg;Maschinenbau, Verfahrens- und Energietechnik;Alfred Pott-Stifterprofessur für Gas- und Wärmetechnische Anlagen;Deutsche Vereinigung des Gas- und Wasserfachs;;;;;;;
Sachsen;TU Bergakademie Freiberg;Maschinenbau, Verfahrens- und Energietechnik;Alfred Pott-Stifterprofessur für Gas- und Wärmetechnische Anlagen;E.ON;;;;;;;
Sachsen;TU Bergakademie Freiberg;Maschinenbau, Verfahrens- und Energietechnik;Alfred Pott-Stifterprofessur für Gas- und Wärmetechnische Anlagen;EVG Erdgasversorgungsgesellschaft  Thüringen-Sachsen mbH;;;;;;;
Sachsen;TU Bergakademie Freiberg;Maschinenbau, Verfahrens- und Energietechnik;Alfred Pott-Stifterprofessur für Gas- und Wärmetechnische Anlagen;NBB Netzgesellschaft  Berlin-Brandenburg mbH & Co KG;;;;;;;
Berlin;TU Berlin;Elektrotechnik und Informatik;IT-basierte Fahrzeuginnovationen;Daimler AG;;;6 jahre;2016;https://www.tu-berlin.de/praesidialbereich/institutionelle_kooperationen/menue/stiftungsprofessuren/professuren/nach_mittelgeber/#c495017;Daimler AG beim Stifterverband für die Deutsche Wissenschaft;
Berlin;TU Berlin;Elektrotechnik und Informatik;Service Centric Networking;Deutsche Telekom;k.A.;;10 Jahre;2009;https://www.tu-berlin.de/praesidialbereich/institutionelle_kooperationen/menue/stiftungsprofessuren/professuren/nach_mittelgeber/#c495013;;
Berlin;TU Berlin;Elektrotechnik und Informatik,;Security in Telecommunications;Deutsche Telekom;k.A.;;unbegrenzt;2008;https://www.tu-berlin.de/praesidialbereich/institutionelle_kooperationen/menue/stiftungsprofessuren/professuren/nach_mittelgeber/#c495014;;
Berlin;TU Berlin;Elektrotechnik und Informatik,;Industry Grade Networks & Clouds;Deutsche Telekom;k.A.;;;2018;https://www.tu-berlin.de/praesidialbereich/institutionelle_kooperationen/menue/stiftungsprofessuren/professuren/nach_mittelgeber/#c495015;;
Berlin;TU Berlin;Verkehrs- und Maschinensysteme;Psychoakustik;HEAD acoustics GmbH;;;;;https://www.tu-berlin.de/praesidialbereich/institutionelle_kooperationen/menue/stiftungsprofessuren/professuren/nach_mittelgeber/#c495020;;
Berlin;TU Berlin;Verkehrs- und Maschinensysteme;Qualitätsstrategie und -kompetenz;Verband der Automobilindustrie;k.A.;;5 Jahre;2014;https://www.tu-berlin.de/praesidialbereich/institutionelle_kooperationen/menue/stiftungsprofessuren/professuren/nach_mittelgeber/#c495018;;
Berlin;TU Berlin;Verkehrs- und Maschinensysteme;Qualitäts-Management-Center;Verband der Automobilindustrie;;;;;https://www.tu-berlin.de/praesidialbereich/institutionelle_kooperationen/menue/stiftungsprofessuren/professuren/nach_mittelgeber/#c495012;;
Berlin;TU Berlin;Wirtschaft und Management;Versorgungsforschung und Qualitätsmanagement im ambulanten Sektor;Kassenärztliche Bundesvereinigung KBV;;;;;https://www.tu-berlin.de/praesidialbereich/institutionelle_kooperationen/menue/stiftungsprofessuren/professuren/nach_mittelgeber/#c495016;;
Berlin;TU Berlin;;Brau- und Getränketechnologie;Versuchs- und Lehranstalt für Brauerei in Berlin (VLB) e.V.;;;;;https://www.tu-berlin.de/praesidialbereich/institutionelle_kooperationen/menue/stiftungsprofessuren/professuren/nach_mittelgeber/#c495019;;
Sachsen;TU Chemnitz;Informatik;Juniorprofessur Media Computing;3D Insight GmbH Chemnitz;;;5 Jahre;2014;https://www.tu-chemnitz.de/uk/pressestelle/aktuell/2/6360;;
Sachsen;TU Chemnitz;Informatik;Juniorprofessur Media Computing;3D-Micromac AG;;;5 Jahre;2014;https://www.tu-chemnitz.de/uk/pressestelle/aktuell/2/6360;;
Sachsen;TU Chemnitz;Informatik;Juniorprofessur Media Computing;Intenta GmbH Chemnitz;;;5 Jahre;2014;https://www.tu-chemnitz.de/uk/pressestelle/aktuell/2/6360;;
Sachsen;TU Chemnitz;Informatik;Juniorprofessur Media Computing;Software & Research GmbH Laubusch;;;5 Jahre;2014;https://www.tu-chemnitz.de/uk/pressestelle/aktuell/2/6360;;
Sachsen;TU Chemnitz;Wirtschaftswissenschaften;Juniorprofessur Entrepreneurship in Gründung und Nachfolge;Sparkasse Chemnitz;;;6 Jahre;2013;https://www.tu-chemnitz.de/uk/pressestelle/aktuell/1/5073;;
Sachsen;TU Chemnitz;;Monetäre Ökonomie und Finanzwirtschaft;Commerzbank Stiftung;;22000;3 Jahre;;https://www.tu-chemnitz.de/wirtschaft/cb/index.php;;
Niedersachsen;TU Clausthal;;Gasversorgungssysteme;E.ON;;;;;;;
Niedersachsen;TU Clausthal;;Gasversorgungssysteme;RWE;;;;;;;
Hessen;TU Darmstadt;Bau- und Umweltingenieurwissenschaften;Bahnsysteme und Bahntechnik (Deutsche Bahn Stiftung);Deutsche Bahn;k.A.;;unbefristet;;;Deutsche Bahn Regio;
Hessen;TU Darmstadt;Material- und Geowissenschaften;Angewandte Geothermie im Fachbereich Material- und Geowissenschaften;NATURpur Institut für Klima- und Umweltschutz:;k.A.;;10 Jahre;2009;;;
Hessen;TU Darmstadt;Rechts- und Wirtschaftswissenschaften;Multimodalität und Logistiktechnologien (Deutsche Bahn Stiftung);Deutsche Bahn;k.A.;;6 Jahre;2013;;;
Hessen;TU Darmstadt;Rechts- und Wirtschaftswissenschaften;Logistikplanung und Informationssysteme (Deutsche Bahn Stiftung);Deutsche Bahn;k.A.;;6 Jahre;2013;;;
Hessen;TU Darmstadt;;Modelle der Wohnungs- und Energiepolitik in Städten;Institut Wohnen und Umwelt (IWU);;;10 Jahre;2009;;;
Sachsen;TU Dresden (Klinikum);Medizinische Fakultät;Extrakorporale Verfahren und  Lipidapherese;B. Braun Avitum AG;;;7,5 Jahre;2012;https://www.stifterverband.org/search/site/stiftungsprofessuren;;
Sachsen;TU Dresden (Klinikum);Medizinische Fakultät;Translationale klinische Forschung im Bereich Hämatologie;Celgene GmbH;;;;2012;;;
Sachsen;TU Dresden (Klinikum);Medizinische Fakultät;Transfusionsmedizin;DRK Blutspendedienst Ost GmbH;;;unbefristet;2009;;;
Sachsen;TU Dresden (ohne Klinikum);Fakultät Maschinenwesen;Ultrapräzisionsbearbeitung von Oberflächen mit Ionen und Plasmen;Angewandte Kommunikationstechnik GmbH;;;6 Jahre;2014;;;
Sachsen;TU Dresden (ohne Klinikum);Fakultät Maschinenwesen;Ultrapräzisionsbearbeitung von Oberflächen mit Ionen und Plasmen;Carl Zeiss;;;6 Jahre;2014;;;
Sachsen;TU Dresden (ohne Klinikum);Fakultät Maschinenwesen;Ultrapräzisionsbearbeitung von Oberflächen mit Ionen und Plasmen;IOT - Innovative Oberflächentechnologien GmbH;;;6 Jahre;2014;;;
Sachsen;TU Dresden (ohne Klinikum);Fakultät Maschinenwesen;Ultrapräzisionsbearbeitung von Oberflächen mit Ionen und Plasmen;Jenoptik;;;6 Jahre;2014;;;
Sachsen;TU Dresden (ohne Klinikum);Fakultät Maschinenwesen;Ultrapräzisionsbearbeitung von Oberflächen mit Ionen und Plasmen;NTGL - Nano Technologie Leipzig GmbH;;;6 Jahre;2014;;;
Sachsen;TU Dresden (ohne Klinikum);Fakultät Maschinenwesen;Ultrapräzisionsbearbeitung von Oberflächen mit Ionen und Plasmen;Optical Systems GmbH;;;6 Jahre;2014;;;
Sachsen;TU Dresden (ohne Klinikum);Mathematik und Naturwissenschaften;Organische Photovoltaik;3D-Micromac AG;;;;2014;;;
Sachsen;TU Dresden (ohne Klinikum);Mathematik und Naturwissenschaften;Organische Photovoltaik;CreaPhys GmbH;;;;2014;;;
Sachsen;TU Dresden (ohne Klinikum);Mathematik und Naturwissenschaften;Organische Photovoltaik;Heliatek GmbH;;;;2014;;;
Sachsen;TU Dresden (ohne Klinikum);Mathematik und Naturwissenschaften;Organische Photovoltaik;Novaled AG;;;;2014;;;
Sachsen;TU Dresden (ohne Klinikum);Mathematik und Naturwissenschaften;Organische Photovoltaik;Robert-Luther-Stiftung;;;;2014;;;
Sachsen;TU Dresden (ohne Klinikum);Philosophische Fakultät;Philosophie und Kunstgeschichte;Kuhn & Bülow Versicherungsmakler GmbH;;;;2014;;;
Sachsen;TU Dresden (ohne Klinikum);;Innovationsmanagement und Entrepreneurship ;bwin;;;;2010;;;
Sachsen;TU Dresden (ohne Klinikum);;Innovationsmanagement und Entrepreneurship ;Deutscher Sparkassen- und Giroverband Berlin;;;;2010;;;
Sachsen;TU Dresden (ohne Klinikum);;Werkstoffprüfung und -charakterisierung;Fraunhofer-Gesellschaft;;;unbefristet;;;;
Sachsen;TU Dresden (ohne Klinikum);;Nanomaterials for Packaging;Fraunhofer-Gesellschaft;;;;;;;
Sachsen;TU Dresden (ohne Klinikum);;Innovationsmanagement und Entrepreneurship ;MBN Bau;;;;2010;;;
Sachsen;TU Dresden (ohne Klinikum);;Innovationsmanagement und Entrepreneurship ;Ostdeutscher Sparkassenverband;;;;2010;;;
Sachsen;TU Dresden (ohne Klinikum);;Innovationsmanagement und Entrepreneurship ;Sachsen Bank;;;;2010;;;
Sachsen;TU Dresden (ohne Klinikum);;Innovationsmanagement und Entrepreneurship ;SOWG mbH;;;;2010;;;
Sachsen;TU Dresden (ohne Klinikum);;Innovationsmanagement und Entrepreneurship ;Sparkasse Oberlausitz-Niederschlesien;;;;2010;;;
Sachsen;TU Dresden (ohne Klinikum);;Innovationsmanagement und Entrepreneurship ;SSL Maschinenbau GmbH;;;;2010;;;
Sachsen;TU Dresden (ohne Klinikum);;Innovationsmanagement und Entrepreneurship ;Umwelt-Lufttechnik AG;;;;2010;;;
Hamburg;TU Hamburg-Harburg;;Flugzeug-Kabinensysteme;Airbus Group;;;5 Jahre;2014;https://intranet.tuhh.de/aktuell/pressemitteilung_einzeln.php?id=9378&Lang=de;;
Hamburg;TU Hamburg-Harburg;;Rekonfigurierbare Multiprozessor-Architekturen  ;Nordmetall;70000;420000;2*3 Jahre (Juniorprofessur);;;;
Hamburg;TU Hamburg-Harburg;;Baumechatronik;Werner Möbius-Stiftung;100000;500000;5 Jahre;;;;
Thüringen;TU Ilmenau;;Photovoltaik;Ernst-Abbe-Stiftung;;;;2011;https://www.lvz.de/Region/Mitteldeutschland/Thueringer-Solarbranche-stiftet-Photovoltaik-Professur-in-Ilmenau ;;
Rheinland-Pfalz;TU Kaiserslautern;;Verfahrensentwicklung;BASF;;;;;;;
Rheinland-Pfalz;TU Kaiserslautern;;Statistik Räumlicher Strukturen, Finanzierung;Carl Zeiss;;;;;;Carl-Zeiss-Stiftung;
Rheinland-Pfalz;TU Kaiserslautern;;Computional Stochastics, Finanzierung;Fraunhofer-Gesellschaft;;;;;;;
Bayern;TU München (Klinikum);;Stiftungslehrstuhl für Kinder-Rehabilitation;Deutschen Rentenversicherung Bayern Süd;;;unbefristet;1992;;;
Bayern;TU München (Klinikum);;Lehrstuhl für Allgemeinmedizin;Kassenärztliche Vereinigung Bayerns;;;;;;;
Bayern;TU München (Klinikum);;Stiftungsprofessur für Sozialpädiatrie;Theodor-Hellbrügge-Stiftung, Kliniken des Bezirks Obb./ Kinderzentrum München gGmbH;;;unbefristet;;;;
Bayern;TU München (ohne Klinikum);;EADS-Stiftungslehrstuhl für Hubschraubertechnologie;Airbus Group;;4777000;8 Jahre;2010;;Eurocopter Deutschland GmbH;
Bayern;TU München (ohne Klinikum);; 7 BWL Stiftungsprofessuren im Campus München und 13 Stiftungsprofessuren TUM Campus Heilbronn;Dieter-Schwarz-Stiftung;;geschätzt dreistelliger Millionenbetrag Euro;30 Jahre;2018;https://www.tum.de/nc/die-tum/aktuelles/pressemitteilungen/details/34470/ ;Lidl;
Bayern;TU München (ohne Klinikum);;Friedrich Schiedel-Stiftungslehrstuhl für Wissenschaftssoziologie;Friedrich Schiedel-Stiftung;;3500000;10 Jahre;2013;;;
Bayern;TU München (ohne Klinikum);;Peter Löscher-Stiftungslehrstuhl für Wirtschaftsethik;Peter Löscher;;1760000;8 Jahre;2010;;;
Bayern;TU München (ohne Klinikum);;Susanne Klatten-Stiftungslehrstuhl für Empirische Bildungsforschung;Susanne Klatten;;10000000;10 Jahre;2009;;;
Bayern;Universität Augsburg;BWL;Georg-Haindl-Stiftungsprofessur;Georg Haindl Wissenschaftsstiftung;;2600000;unbefristet;2001;;;
NRW;Universität Bielefeld;Wirtschaftswissenschaften;Führung von Familienunternehmen;Beckhoff Automation GmbH;;;;2015;https://ekvv.uni-bielefeld.de/blog/uniaktuell/entry/stiftungsprofessur_für_führung_von_familienunternehmen;;
NRW;Universität Bielefeld;Wirtschaftswissenschaften;Führung von Familienunternehmen;Goldbeck;;;;2015;https://ekvv.uni-bielefeld.de/blog/uniaktuell/entry/stiftungsprofessur_für_führung_von_familienunternehmen;;
NRW;Universität Bielefeld;Wirtschaftswissenschaften;Führung von Familienunternehmen;Herbert Kannegießer GmbH;;;;2015;https://ekvv.uni-bielefeld.de/blog/uniaktuell/entry/stiftungsprofessur_für_führung_von_familienunternehmen;;
NRW;Universität Bielefeld;Wirtschaftswissenschaften;Führung von Familienunternehmen;Hettich Holding GmbH & Co. oHG;;;;2015;https://ekvv.uni-bielefeld.de/blog/uniaktuell/entry/stiftungsprofessur_für_führung_von_familienunternehmen;;
NRW;Universität Bielefeld;Wirtschaftswissenschaften;Führung von Familienunternehmen;HLB Dr. Stückmann & Partner mbB;;;;2015;https://ekvv.uni-bielefeld.de/blog/uniaktuell/entry/stiftungsprofessur_für_führung_von_familienunternehmen;;
NRW;Universität Bielefeld;Wirtschaftswissenschaften;Führung von Familienunternehmen;HorstmannGroup;;;;2015;https://ekvv.uni-bielefeld.de/blog/uniaktuell/entry/stiftungsprofessur_für_führung_von_familienunternehmen;;
NRW;Universität Bielefeld;Wirtschaftswissenschaften;Führung von Familienunternehmen;Industrie- und Handelskammer Ostwestfalen zu Bielefeld;;;;2015;https://ekvv.uni-bielefeld.de/blog/uniaktuell/entry/stiftungsprofessur_für_führung_von_familienunternehmen;;
NRW;Universität Bielefeld;Wirtschaftswissenschaften;Führung von Familienunternehmen;Melitta Bentz GmbH & Co. KG;;;;2015;https://ekvv.uni-bielefeld.de/blog/uniaktuell/entry/stiftungsprofessur_für_führung_von_familienunternehmen;;
NRW;Universität Bielefeld;Wirtschaftswissenschaften;Führung von Familienunternehmen;Nobilia-Werke J. Stickling GmbH & Co. KG ;;;;2015;https://ekvv.uni-bielefeld.de/blog/uniaktuell/entry/stiftungsprofessur_für_führung_von_familienunternehmen;;
NRW;Universität Bielefeld;Wirtschaftswissenschaften;Führung von Familienunternehmen;Schüco International KG;;;;2015;https://ekvv.uni-bielefeld.de/blog/uniaktuell/entry/stiftungsprofessur_für_führung_von_familienunternehmen;;
NRW;Universität Bielefeld;Wirtschaftswissenschaften;Führung von Familienunternehmen;Sparkasse Bielefeld;;;;2015;https://ekvv.uni-bielefeld.de/blog/uniaktuell/entry/stiftungsprofessur_für_führung_von_familienunternehmen;;
NRW;Universität Bielefeld;Wirtschaftswissenschaften;Führung von Familienunternehmen;Stiftung Familienunternehmen;256250;;10 Jahre;2015;https://ekvv.uni-bielefeld.de/blog/uniaktuell/entry/stiftungsprofessur_für_führung_von_familienunternehmen;;
NRW;Universität Bielefeld;Wirtschaftswissenschaften;Führung von Familienunternehmen;Westfälisch-Lippische Universitätsgesellschaft e.V.;;;;2015;;;
NRW;Universität Bielefeld;;Gesundheitswissenschaften mit Schwerpunkt rehabilitative Versorgungsforschung;Dr. Becker Klinikgesellschaft mbH & Co. KG;;1227150;;2017;https://www.uni-bielefeld.de/gesundhw/reha/;"Stifterverbund Deutsche Rentenversicherung Westfalen, Median Kliniken, <bt>
Medizinisches Zentrum für Gesundheit Bad Lippspringe GmbH, die Privaten Kliniken Dr. Dr. Nebel, die Johanniter Ordenshäuser Bad Oeynhausen sowie der Verband der Privatkliniken Nordrhein-Westfalen e.V.";
NRW;Universität Bochum (Klinikum);Medizinischen Klinik I;Diabetologie und Gastrointestinale Endokrinologie ;Novo Nordisk Pharma;;;;2012;http://www.uk.rub.de/aktuell/kkb/meldung00077.html.de;;
NRW;Universität Bochum (Klinikum);Medizin;Phlebologie;Bauerfeind;;;5 Jahre;2017;https://www.stifterverband.org/search/site/stiftungsprofessuren;;
NRW;Universität Bochum (Klinikum);;Kinderendokrinologie und Diabetologie;FERRING Arzneimittel GmbH;;;5 Jahre;2018;https://www.stifterverband.org/search/site/stiftungsprofessuren;;
NRW;Universität Bochum (Klinikum);;Hörrehabilitation;MED-EL Elektromedizinische Geräte;;;5 Jahre;2019;https://www.stifterverband.org/download/file/fid/8576;;
NRW;Universität Bonn (Klinikum);Institut für Patientensicherheit (IfPS);Patientensicherheit;Aktionsbündnis Patientensicherheit e.V. (APS);;;5 Jahre;2014;;;
NRW;Universität Bonn (Klinikum);;Neurourologie;Neurologisches Rehabilitationszentrum Godeshöhe e.V.;k.A.;;;2012;;;
NRW;Universität Bonn (Klinikum);;Degenerative Netzhauterkrankungen;Pro Retina-Stiftung;k.A.;;;2012;;;
NRW;Universität Bonn (ohne Klinikum);;Oralmedizinische Technologie;Cendres & Métaux SA;k.A.;;;2006;https://www.uni-bonn.de/forschung/Drittmittel%20und%20Projekte/stiftungsprofessuren-an-der-universitaet-bonn;;
NRW;Universität Bonn (ohne Klinikum);;Zellbiologie und Molekulare Wirkstofforschung;Engelhard Arzneimittel;k.A.;;;2002;https://www.uni-bonn.de/forschung/Drittmittel%20und%20Projekte/stiftungsprofessuren-an-der-universitaet-bonn;;
NRW;Universität Bonn (ohne Klinikum);;Imaging und Ophthalmologische Epidemiologie;Novartis Pharma GmbH;k.A.;;;2015;https://www.uni-bonn.de/forschung/Drittmittel%20und%20Projekte/stiftungsprofessuren-an-der-universitaet-bonn;;
NRW;Universität Bonn (ohne Klinikum);;Digital Material Appearance;X-Rite Europe GmbH;k.A.;;;2013;https://www.uni-bonn.de/forschung/Drittmittel%20und%20Projekte/stiftungsprofessuren-an-der-universitaet-bonn;;
Bremen;Universität Bremen;;Lean Management & Organizational Transformation;KAEFER Isoliertechnik GmbH & Co. KG;;;5 Jahre;2017;https://www.stifterverband.org/stiftungsprofessuren ;;
Bremen;Universität Bremen;;Stiftungsprofessur für Klinische Kinderpsychologie;Förderverein der Universitätskinderambulanz;;;unbefristet;2007;https://www.uni-bremen.de/index.php?id=19398&no_cache=4;;
Bremen;Universität Bremen;;Stiftungsprofessur für Raumfahrttechnologie;OHB System AG;;;10 Jahre;2012;https://www.uni-bremen.de/kooperationen/foerderer-alumni/stiftungsprofessuren;;
Bremen;Universität Bremen;;Digitale Medien im öffentlichen Sektor;Werner-Siemens-Stiftung;;;10 Jahre;2016;https://www.uni-bremen.de/index.php?id=19398&no_cache=3;;
Bremen;Universität Bremen;;Marine Environmental Technology ;Werner-Siemens-Stiftung;;;;2017;https://www.uni-bremen.de/kooperationen/foerderer-alumni/stiftungsprofessuren;;
Saarland;Universität des Saarlandes Saarbrücken in Saarbrücken;Medizin;Wirkstoff-Bioinformatik ;Klaus Faber AG;;1600000;4 Jahre;2018;https://www.uni-saarland.de/universitaet/aktuell/artikel/nr/12101/;;
Saarland;Universität des Saarlandes Saarbrücken in Saarbrücken;Medizin;Allgemeinmedizin;KV Saar;k.A.;;10 Jahre;2014;;;
Saarland;Universität des Saarlandes Saarbrücken in Saarbrücken;Medizin;Neuropathologie;;;;5 Jahre;;;;
Saarland;Universität des Saarlandes Saarbrücken in Saarbrücken;Rechts- und Wirtschaftswissenschaften;Stiftungsprofessur für Rechtsinformatik;juris-GmbH ;100000;;5 Jahre;2014;https://www.stifterverband.org/search/site/stiftungsprofessuren ;;
NRW;Universität Duisburg-Essen (ohne Klinikum);Chemie;Supramolekulare Materialien;Professor Werdelmann-Stiftung;;;6 Jahre;2014;https://www.deutsches-stiftungszentrum.de/stiftungen/professor-werdelmann-stiftung;;
NRW;Universität Duisburg-Essen (ohne Klinikum);Politik;Ethik in Politikmanagement und Gesellschaft;Welker-Stiftung;;;;;https://www.uni-due.de/politik/bieber.php ;;
NRW;Universität Duisburg-Essen (ohne Klinikum);BWL;Interne Revision und Corporate Governance;Deutsches Institut für Interne Revision e.V.;;;5 Jahre;;https://www.uni-due.de/de/wirtschaft/stiftungsprofessur.php;;
NRW;Universität Duisburg-Essen (ohne Klinikum);Gesellschaftswissenschaften;Politik in Nordrhein-Westfalen;WestLB;;;5 Jahre;;https://www.uni-due.de/de/wirtschaft/stiftungsprofessur.php;;
NRW;Universität Duisburg-Essen (ohne Klinikum);Wirtschaftswissenschaften;Energiehandel und Finanzdienstleistungen;RWE;;;5 Jahre;;https://www.uni-due.de/de/wirtschaft/stiftungsprofessur.php;;
NRW;Universität Duisburg-Essen (ohne Klinikum);;Turbo Machinery;Siemens AG;;;7 Jahre;2014;https://www.stifterverband.org/search/site/stiftungsprofessuren;;
NRW;Universität Duisburg-Essen (ohne Klinikum);;Interkulturelle Psychologie;Evonic;;;;2018;https://www.uni-due.de/2018-10-26-evonik-stiftungsprofessur-philipp-jugert;;
NRW;Universität Düsseldorf (Klinikum);;Experimentelle Rheumatologie;AbbVie Deutschland GmbH & Co. KG;;;5 Jahre;2015;https://www.stifterverband.org/search/site/stiftungsprofessuren;;
NRW;Universität Düsseldorf (Klinikum);;Neuroimmunologischer Erkrankungen und traumatischer Schädigungen des Nervensystems;Novartis Pharma GmbH;;;5 Jahre;2016;https://www.stifterverband.org/search/site/stiftungsprofessuren;;
NRW;Universität Düsseldorf (ohne Klinikum);;Rechtsethische Fragen der Künstlichen Intelligenz;Santander Bank;;;6 Jahre;2018;http://www.jura.hhu.de/service1/aktuelles/article/einrichtung-einer-stiftungs-juniorprofessur-fuer-rechtsethische-fragen-der-kuenstlichen-intelligenz.html?cHash=3525e936fe923ce1cb737e8d832b588a ;;
Thüringen;Universität Erfurt;Rechtswissenschaften;Zivil- und Unternehmensrecht;Alfried Krupp von Bohlen und Halbach Stiftung;;;;;https://www.uni-erfurt.de/staatswissenschaftliche-fakultaet/fachrichtung/rechtswissenschaft/zivil-und-unternehmensrecht ;;
Thüringen;Universität Erfurt;Max-Weber-Kolleg;Wissenskulturen der Europäischen Neuzeit;Alfried Krupp von Bohlen und Halbach Stiftung;;;;;https://www.uni-erfurt.de/philosophische-fakultaet/seminare-professuren/weitere-professur/wissenskulturen-der-europaeischen-neuzeit;;
Bayern;Universität Erlangen-Nürnberg;;Personalmanagement und Arbeitsorganisation technologieorientierter Unternehmen;Audi;;;5 Jahre;;;;
Bayern;Universität Erlangen-Nürnberg;;Biomedizin des Alterns;Barmherzige Brüder;;;unbefristet;2013;;;
Bayern;Universität Erlangen-Nürnberg;;Max-Schaldach-Stiftungsprofessur für Biomedizinische Technik;Biotronik;;;unbefristet;2005;;Biotronik SE & Co.KG, vormals Biotronik GmbH & Co., Berlin;
Bayern;Universität Erlangen-Nürnberg;;Juniorprofessur für Experimentalphysik (Rasterelektronenmikroskopie) (Stiftungsprofessur Exzellenzcluster);Biotronik;;;;;;;
Bayern;Universität Erlangen-Nürnberg;;LS f. Audiocodierung;Fraunhofer-Gesellschaft;;;10 Jahre ab Erstberufung (im Anschluss Verlängerung um zunächst weitere 5 Jahre geplant);;;;
Bayern;Universität Erlangen-Nürnberg;;LS f. Audiosignalanalyse;Fraunhofer-Gesellschaft;;;10 Jahre ab Erstberufung (im Anschluss Verlängerung um zunächst weitere 5 Jahre geplant);;;;
Bayern;Universität Erlangen-Nürnberg;;LS f. Semantische Audiosignalverarbeitung;Fraunhofer-Gesellschaft;;;10 Jahre ab Erstberufung (im Anschluss Verlängerung um zunächst weitere 5 Jahre geplant);;;;
Bayern;Universität Erlangen-Nürnberg;;Professur für wahrnehmungsbasierte, räumliche Audiosignalverarbeitung;Fraunhofer-Gesellschaft;;;10 Jahre ab Erstberufung (im Anschluss Verlängerung um zunächst weitere 5 Jahre geplant);;;;
Bayern;Universität Erlangen-Nürnberg;;Professur für Psychoakustik;Fraunhofer-Gesellschaft;;;10 Jahre ab Erstberufung (im Anschluss Verlängerung um zunächst weitere 5 Jahre geplant);;;;
Bayern;Universität Erlangen-Nürnberg;;Professur für Sprachkodierung;Fraunhofer-Gesellschaft;;;10 Jahre ab Erstberufung (im Anschluss Verlängerung um zunächst weitere 5 Jahre geplant);;;;
Bayern;Universität Erlangen-Nürnberg;;Professor für Aromaforschung;Fraunhofer-Gesellschaft;;;5 Jahre ab Besezung;;;;
Bayern;Universität Erlangen-Nürnberg;;Stiftungslehrstuhl für Informationstechnik mit dem Schwerpunkt Kommunikationselektronik;Fraunhofer-Gesellschaft;;;unbefristet;;;;
Bayern;Universität Erlangen-Nürnberg;;Professur für Physik (SAOT) (Stiftungsprofessur Exzellenzinitiative);Fraunhofer-Gesellschaft;;;;;;;
Bayern;Universität Erlangen-Nürnberg;;Professur für Digitale übertragung;Fraunhofer-Gesellschaft;;;;;;;
Bayern;Universität Erlangen-Nürnberg;;GfK-Lehrstuhl für Marketing Intelligence;GfK Nürnberg e.V.;;;unbefristet;;;;
Bayern;Universität Erlangen-Nürnberg;;Henriette Schmidt-Burkhardt Lehrstuhl für Lebesmittelchemie;Henriette Schmidt-Burkhardt;;;unbefristet;;;;
Bayern;Universität Erlangen-Nürnberg;;Stiftungsprofessur für Orthopädische und Rheumatologische Rehabilitation;Landesversicherungsanstalt Oberbayern (LVA);;;unbefristet;1997;;;
Bayern;Universität Erlangen-Nürnberg;;Projektmanagement im Großanlagenbau;Siemens AG;k.A.;1400000;10 Jahre;2012;https://www.nordbayern.de/region/erlangen/siemens-unterstutzt-stiftungsprofessur-1.1564486 ;;
Bayern;Universität Erlangen-Nürnberg;;Juniorprofessur für Mathematische Optimierung (Stiftungsprofessur Exzellenzcluster);;;;unbefristet;;;;
Bayern;Universität Erlangen-Nürnberg;;Professur für Theoretische Physik (Stiftungsprofessur Exzellenzcluster);;;;;;;;
Bayern;Universität Erlangen-Nürnberg;;Professur f. Nanomaterialcharakterisierung (Streumethoden) CENEM  (Stiftungsprofessur Exzellenzinitiative);;;;;;;;
Bayern;Universität Erlangen-Nürnberg;;Juniorprofessur für Nanostructured Particles  (Stiftungsprofessur Exzellenzinitiative);;;;;;;;
Bayern;Universität Erlangen-Nürnberg;;Juniorprofessur für Katalytische Materialien (Stiftungsprofessur Exzellenzinitiative);;;;;;;;
Bayern;Universität Erlangen-Nürnberg;;Professur für Particle Synthesis (Stiftungsprofessur Exzellenzinitiative);;;;;;;;
Bayern;Universität Erlangen-Nürnberg;;Juniorprofessur für Werkstoffmikromechanik (Stiftungsprofessur Exzellenzinitiative);;;;;;;;
Bayern;Universität Erlangen-Nürnberg;;Professur für Nano - Elektronik (Stiftungsprofessur Exzellenzinitiative);;;;;;;;
Bayern;Universität Erlangen-Nürnberg;;Lehrstuhl für Multiscale Simulation of Particulate Systems (Stiftungsprofessur Exzellenzinitiative);;;;;;;;
Bayern;Universität Erlangen-Nürnberg;;(Stiftungsprofessur Exzellenzcluster);;;;;;;;
Bayern;Universität Erlangen-Nürnberg (Klinikum);;Stiftungsprofessur für Klinische und Experimentelle Ernährungsmedizin;GHD GesundHeits GmbH;;;;;;;
Bayern;Universität Erlangen-Nürnberg (Klinikum);;Stiftungsprofessur für Neurologische Rehabilitation;Medical Park AG;;;5 Jahre;;;;
Bayern;Universität Erlangen-Nürnberg (Klinikum);;Stiftungsprofessur für Klinische und Experimentelle Ernährungsmedizin;Nestlé;;;6 Jahre;;;;
Bayern;Universität Erlangen-Nürnberg (Klinikum);;Professur für Neuroimmunologie;Novartis;;;5 Jahre;;;;
Hessen;Universität Frankfurt a.M. (Klinikum);Psychiatrie und Kinder- und Jugendpsychiatrie;Friedrich Merz-Stiftungsprofessur für Pharmazie und Humanmedizin;Friedrich Merz-Stiftung;;;;;;;
Hessen;Universität Frankfurt a.M. (Klinikum);;Deutsche José Carreras Leukämie-Stiftungsprofessur;Deutsche José Carreras Leukämie-Stiftung e.V.;;;;;;;
Hessen;Universität Frankfurt a.M. (Klinikum);;Stiftungsprofessur für experimentelle pädiatrische Onkologie und Hämatologie;Frankfurter Stiftung für krebskranke Kinder;;;;;;;
Hessen;Universität Frankfurt a.M. (Klinikum);;Hertie-Stiftungslehrstuhl für Neuroonkologie;Hertie-Stiftung;;;;2008;;;
Hessen;Universität Frankfurt a.M. (Klinikum);;Stiftungsprofessur für prädiktive molekulare Marker in der gastroenterologischen Onkologie und Hepatologie;Roche;65000;;;;;;
Hessen;Universität Frankfurt a.M. (Klinikum);;Stiftungsprofessur für regenerative Medizin;Stiftung Friedrichsheim;;;;;;;
Hessen;Universität Frankfurt a.M. (Klinikum);;Kerckhoff-Klinikprofessur Kardiologie;Stiftung William G. Kerckhoff Herz- und Rheumazentrum Bad Nauheim;;;;;;;
Hessen;Universität Frankfurt a.M. (ohne Klinikum);Didaktik der Biowissenschaften;Stiftungsprofessur Zootierbiologie/Opel-Zoo-Professur ;von Opel Hessischen Zoostiftung;100000;;5 Jahre;2014;;;
Hessen;Universität Frankfurt a.M. (ohne Klinikum);Institut für Molekulare Biowissenschaften;Merck-Stiftungsprofessur Molekulare Biotechnologie;Merck Group;;1250000;;2008;https://www.laborpraxis.vogel.de/experte-fuer-molekulare-biotechnologie-wird-merck-stiftungsprofessor-a-168981/ ;;
Hessen;Universität Frankfurt a.M. (ohne Klinikum);Institute for Law and Finance;Commerzbank-Stiftungsprofessur für Wirtschaftsrecht;Commerzbank;;;;;;;
Hessen;Universität Frankfurt a.M. (ohne Klinikum);Wirtschaftswissenschaften;Raimond Barre-Stiftungsgastprofessur für französische Wirtschaft und Wirtschaftspolitik;Sanofi Aventis;;;unbegrenzt;2006;;Aventis Foundation;
Hessen;Universität Frankfurt a.M. (ohne Klinikum);;W2-Stiftungsprofessur für Islamische Religion;Anstalt für Religion Diyanet, Türkei;;;;;;;
Hessen;Universität Frankfurt a.M. (ohne Klinikum);;House of Finance Stiftungsprofessur für Sustainable Banking and Finance;DekaBank;;;;;;;
Hessen;Universität Frankfurt a.M. (ohne Klinikum);;House of Finance Stiftungslehrstuhl für Retail Banking - gefördert durch die DZ Bank Stiftung;DZ Bank;;;;;;DZ Bank Stiftung;
Hessen;Universität Frankfurt a.M. (ohne Klinikum);;EUREX Juniorprofessur für Derivate - Assistant Professorship in Derivatives;Eurex Frankfurt AG;;;;;;;
Hessen;Universität Frankfurt a.M. (ohne Klinikum);;Stiftungsprofessur für Versicherungswesen, Versicherungsaufsicht und Versicherungsregulierung;Gesamtverband der Deutschen Versicherungswirtschaft e. V.;;;;;;;
Hessen;Universität Frankfurt a.M. (ohne Klinikum);;House of Finance Stiftungslehrstuhl für Finance and Accounting - gefördert durch die Helaba;Helaba;;;;;;;
Hessen;Universität Frankfurt a.M. (ohne Klinikum);;Messe Frankfurt-Stiftungsprofessur für Internationale Wirtschaftspolitik;Messe Frankfurt;;;;;;;
Hessen;Universität Frankfurt a.M. (ohne Klinikum);;Stiftungsprofessur für Bienenkunde;Polytechnische Gesellschaft Frankfurt am Main;k.A.;;unbegrenzt;2008;;;
Hessen;Universität Frankfurt a.M. (ohne Klinikum);;Stiftungsprofessur für Geld-, Währungs- und Notenbankrecht;Stiftung Geld und Währung;;;;;http://www2.uni-frankfurt.de/44953572/stiftungsprofessuren;;
Hessen;Universität Frankfurt a.M. (ohne Klinikum);;Stiftungsprofessur für Finanzen und ökonomie;Stiftung Geld und Währung;;;;;;;
Hessen;Universität Frankfurt a.M. (ohne Klinikum);;Sitftungsprofessur für Volkswirtschaftslehre, insbes. Monetäre ökonomie;Stiftung Geld und Währung;;;;;;;
Hessen;Universität Frankfurt a.M. (ohne Klinikum);;UBS Stiftungsprofessur für Betriebswirtschaftslehre, insb. Management;UBS Deutschland AG;;;;;;;
Hessen;Universität Frankfurt a.M. (ohne Klinikum);;UBS Stiftungsprofessur für Finance, insb. Asset Pricing;UBS Deutschland AG;;;;;;;
Baden-Württemberg;Universität Freiburg i.Br. (Klinikum);;Herz- und Kreislauferkrankungen mit SP Versorgungsforschung;Bad Krozingen GmbH;;1500000;10 Jahre;2014;https://www.med.uni-freiburg.de/de/fakultaet/profs/neumann?searchterm=stiftungsprofessur ;;
Baden-Württemberg;Universität Freiburg i.Br. (Klinikum);;Systemische Familientherapie;Luisenklinik Bad Dürrheim;;;10 Jahre;2018;https://www.med.uni-freiburg.de/de/fakultaet/aktuelles/neu-an-der-fakultaet ;;
Baden-Württemberg;Universität Freiburg i.Br. (Klinikum);;Stationäre und teilstationäre Psychotherapie in der psychosomatischen Medizin;Kur- und Rehaklinik GmbH;;;5 Jahre;2015;https://www.med.uni-freiburg.de/de/fakultaet/profs/Schmidt;;
Baden-Württemberg;Universität Freiburg i.Br. (ohne Klinikum);Sinologie;Lektor;Konfuzius Stiftung China;315880;;;2019;https://www.landtag-bw.de/files/live/sites/LTBW/files/dokumente/WP16/Drucksachen/7000/16_7404_D.pdf;;
Baden-Württemberg;Universität Freiburg i.Br. (ohne Klinikum);;Wilfried Guth Stiftungsprofessur für Volkswirtschaftslehre;Baden Badener Unternehmergespräche;450000;4500000;10 Jahre;2012;https://www.wguth.uni-freiburg.de/team/prof.-dr.-tim-krieger;;
Baden-Württemberg;Universität Freiburg i.Br. (ohne Klinikum);;Fritz-Hüttinger-Professur für Mikroelektronik;Fritz-Hüttinger-Stiftung;;;10 Jahre;2010;https://www.imtek.de/professuren/mikroelektronik;;
Baden-Württemberg;Universität Freiburg i.Br. (ohne Klinikum);;Erwin-und-Gisela-Sick-Professur für Mikrooptik (Namensprofessur);Sick AG;;1000000;10 Jahre;2013;https://www.imtek.de/professuren/mikrooptik/startseite ;;
Hessen;Universität Gießen;Plasma- und Raumfahrtphysik;DLR-Stiftungsprofessur für Raumfahrzeuge;Deutsches Zentrum für Luft- und Raumfahrt;;;;2013;;;
Hessen;Universität Gießen;;Thermoelektrische Materialien;Deutsches Zentrum für Luft- und Raumfahrt;;;unbefristet;2012;;;
Hessen;Universität Gießen;;diffuse parenchymal lung diseases;Deutsches Zentrum für Lungenforschung;k.A.;;5 Jahre;2014;;;
Hessen;Universität Gießen;;Experimentelle Kernstrukturphysik;GSI;;;unbefristet;2007;;;
Hessen;Universität Gießen;;Schwerionenphysik;GSI;;;unbefristet;2012;;;
Hessen;Universität Gießen;;Innere Medizin mit dem Schwerpunkt Rheumatologie;Kerckhoff-Stiftung;;;unbefristet;2005;;;
Hessen;Universität Gießen;;Internistische Rheumatologie, Osteologie und Physikalische Medizin;Kerckhoff-Stiftung;;;unbefristet;2011;;;
Hessen;Universität Gießen;;Molecular Pneumology;LOEWE;k.A.;;1 Jahr;2014;;;
Niedersachsen;Universität Göttingen (ohne Klinikum);Ostasiatisches Seminar;Stiftungsprofessur Modernes China mit Schwerpunkt auf globalhistorischen Perspektiven;Volkswagen;300000;;8 Jahre;2015;https://www.goettinger-tageblatt.de/Campus/Goettingen/Volkswagen-foerdert-neuen-Lehrstuhl-fuer-China-Kompetenz-in-Goettingen ;;
Niedersachsen;Universität Göttingen (ohne Klinikum);;Ostasienwissenschaft/China;Nord LB;;;;;;;
Niedersachsen;Universität Göttingen (ohne Klinikum);;Ostasienwissenschaft/China;Sievert;;;;;;;
Niedersachsen;Universität Göttingen (ohne Klinikum);;Ostasienwissenschaft/China;Sparkasse Göttingen;;;;;;;
Niedersachsen;Universität Göttingen (ohne Klinikum);;Ostasienwissenschaft/China;Thimm Holding GmbH & Co. KG;;;;;;;
Mecklenburg-Vorpommern;Universität Greifswald (Klinikum);Medizin;Hand- und funktionelle Mikrochirurgie;BG Klinikum Unfallkrankenhaus Berlin gGmbh;;;11 Jahre;2012;https://www.stifterverband.org/search/site/stiftungsprofessuren  ;;
Mecklenburg-Vorpommern;Universität Greifswald (ohne Klinikum);;Allgemeine Betriebswirtschaftslehre und Internationales Finanzmanagement;Sparkassenverbände;;;;2003;https://rsf.uni-greifswald.de/lehrstuehle/wiwi/abwl/lehrstuhl-koernert/stifter-medienspiegel/stifter/;;
Sachsen-Anhalt;Universität Halle (ohne Klinikum);;Betriebswirtschaftslehre insbesondere Unternehmensethik und Controlling;Friede Springer-Stiftung;200000;;5 Jahre;2015;;;
Hamburg;Universität Hamburg (ohne Klinikum);Asien-Afrika-Institut;Numata Stiftungsprofessur für Buddhismuskunde;Numata Foundation;;;unbegrenzt;1999;;;
Hamburg;Universität Hamburg (ohne Klinikum);Asien-Afrika-Institut;Numata Stiftungsprofessur für Japanischen Buddhismus;;;1297000;30 Jahre;2014;;;
Hamburg;Universität Hamburg (ohne Klinikum);;Stiftungsprofessur IT-Management und -Consulting (ITMC);Capgemini Deutschland GmbH;5000;;;;;;
Hamburg;Universität Hamburg (ohne Klinikum);;IT-Management und -Consulting (ITMC);DAKOSY Datenkommunikationssystem AG;5000;;;;;;
Hamburg;Universität Hamburg (ohne Klinikum);; IT-Management und -Consulting (ITMC);Dataport;5000;;;;;;
Hamburg;Universität Hamburg (ohne Klinikum);;Stiftungsprofessur IT-Management und -Consulting (ITMC);Deutsche Telekom;25000;;;;;;
Hamburg;Universität Hamburg (ohne Klinikum);;Stiftungsprofessur IT-Management und -Consulting (ITMC);DV-RATIO NORD GmbH;5000;;;;;;
Hamburg;Universität Hamburg (ohne Klinikum);;Stiftungsprofessur IT-Management und -Consulting (ITMC);EDEKA ZENTRALE AG & Co. KG;25000;;;;;;
Hamburg;Universität Hamburg (ohne Klinikum);;Stiftungsprofessur IT-Management und -Consulting (ITMC);FORTIS IT-Services GmbH;5000;;;;;;
Hamburg;Universität Hamburg (ohne Klinikum);;Stiftungsprofessur IT-Management und -Consulting (ITMC);Hamburg Port Authority;5000;;;;;;
Hamburg;Universität Hamburg (ohne Klinikum);;Stiftungsprofessur IT-Management und -Consulting (ITMC);HPC Aktiengesellschaft;5000;;;;;;
Hamburg;Universität Hamburg (ohne Klinikum);;Stiftungsprofessur IT-Management und -Consulting (ITMC);IndiTango AG;15000;;;;;;
Hamburg;Universität Hamburg (ohne Klinikum);;Stiftungsprofessur IT-Management und -Consulting (ITMC);INFO AG;15000;;;;;;
Hamburg;Universität Hamburg (ohne Klinikum);;Stiftungsprofessur IT-Management und -Consulting (ITMC);itemis AG;5000;;;;;;
Hamburg;Universität Hamburg (ohne Klinikum);;Stiftungsprofessur IT-Management und -Consulting (ITMC);iteratec GmbH;5000;;;;;;
Hamburg;Universität Hamburg (ohne Klinikum);;Stiftungsprofessur IT-Management und -Consulting (ITMC);Kühne + Nagel (AG & Co.) KG;15000;;;;;;
Hamburg;Universität Hamburg (ohne Klinikum);;Stiftungsprofessur IT-Management und -Consulting (ITMC);Lufthansa;5000;;;;;;
Hamburg;Universität Hamburg (ohne Klinikum);;Stiftungsprofessur IT-Management und -Consulting (ITMC);NRS Norddeutsche Retail-Sevice AG (Haspa);25000;;;;;;
Hamburg;Universität Hamburg (ohne Klinikum);;Stiftungsprofessur IT-Management und -Consulting (ITMC);PPI AG;25000;;;;;;
Hamburg;Universität Hamburg (ohne Klinikum);;Rudolf-Augstein-Stiftungsprofessur für Praxis des Qualitätsjournalismus;Rudolf-Augstein-Stiftung;200000;1000000;5 Jahre;;;;
Hamburg;Universität Hamburg (ohne Klinikum);;Stiftungsprofessur IT-Management und -Consulting (ITMC);Steria Mummert Consulting AG;25000;;;;;;
Hamburg;Universität Hamburg (ohne Klinikum);;Stiftungsprofessur IT-Management und -Consulting (ITMC);Vattenfall;25000;;;;;Vattenfall Europe Information Services GmbH;
Hamburg;Universität Hamburg (ohne Klinikum);;Stiftungsprofessur IT-Management und -Consulting (ITMC);vero projects - Kopsch Projektmanagement GmbH;5000;;;;;;
Hamburg;Universität Hamburg (ohne Klinikum);;Stiftungsprofessur IT-Management und -Consulting (ITMC);www Bitmanager AG;5000;;;;;;
Niedersachsen;Universität Hannover;;Juniorprofessur Versicherungs- und Finanzmathematik (von Uni nicht als Stiftungsprofessur eingestuft, da aus Drittmittel-Sondertopf, nicht explizit für Professur);Hannoversche Versicherungsunternehmen;;;10 Jahre;2009;;;
Baden-Württemberg;Universität Heidelberg (Klinikum);Medizinischen Fakultät Mannheim;Karl-Feuerstein-Stiftungsprofessur;Daimler AG;160000;1600000;10 Jahre;;;Daimler AG-Fonds im Stifterverband für die Deutsche Wissenschaft;
Baden-Württemberg;Universität Heidelberg (Klinikum);;Leukämieforschung;Deutsche José Carreras Leukämie-Stiftung e.V.;90000;900000;10 Jahre;;;;
Baden-Württemberg;Universität Heidelberg (Klinikum);;Zelluläre Immuntherapie;Dietmar-Hopp-Stiftung;90000;450000;5 Jahre;;;;
Baden-Württemberg;Universität Heidelberg (Klinikum);;Molekularbiologie des Mamakarzinoms;Dietmar-Hopp-Stiftung;500000;2500000;5 Jahre;;;;
Baden-Württemberg;Universität Heidelberg (Klinikum);;Transfusionsmedizin und Immunologie;DRK Blutspendedienst Baden-Württemberg;120000;1200000;10 Jahre;;;;
Baden-Württemberg;Universität Heidelberg (Klinikum);;Effizienzanalyse in der Diagnostik;Dt. Vereinte Gesellschaft für Klinische Chemie und Laboratoriumsmedizin. e. V.;;;;;;;
Baden-Württemberg;Universität Heidelberg (Klinikum);;Klinische Neuroonkologie;Hertie-Stiftung;210000;1230000;6 Jahre;;;;
Baden-Württemberg;Universität Heidelberg (Klinikum);;Vaskuläre Biologie und Tumorangiogenese;Hoechst;160000;1600000;10 Jahre;;;;
Baden-Württemberg;Universität Heidelberg (Klinikum);;Translationale Myelomforschung;Janssen Cilag GmbH;;2500000;5 Jahre;2019;https://www.janssenmedicalcloud.de/news/stiftungsprofessur-zum-multiplen-myelom ;;
Baden-Württemberg;Universität Heidelberg (Klinikum);;Molekulare Grundlagen gastrointestinaler Tumoren;K.H. Bauer Stiftung;50000;;dauerhaft;;;;
Baden-Württemberg;Universität Heidelberg (Klinikum);;Statistische Modelle des Alterns;Klaus Tschira Stiftung;;;;;;EML Research gGmbH (Tochtergesellschaft der Klaus Tschira Stiftung);
Baden-Württemberg;Universität Heidelberg (Klinikum);;Klinische Psychopharmakologie des Kindes- und Jugendalters;Lilli Pharma Holding GmbH;;1090000;5 Jahre;;;;
Baden-Württemberg;Universität Heidelberg (Klinikum);;Zelluläre Immuntherapie;Novartis;;;;;;;
Baden-Württemberg;Universität Heidelberg (Klinikum);;Versorgungsforschung in der Psychosozialen Medizin;Prof. Dr. Rolf Wahl, Luisenklinik Bad Dürrheim;80000;800000;10 Jahre;;;;
Baden-Württemberg;Universität Heidelberg (Klinikum);;Molekulare Bildgebung mit Schwerpunkt Radiochemie;Universitätsklinikum Mannheim gGmbH;;;10 Jahre;;;;
Baden-Württemberg;Universität Heidelberg (Klinikum);;Effizienzanalyse in der Diagnostik;Universitätsklinikum Mannheim gGmbH;;890000;5 Jahre;;;;
Baden-Württemberg;Universität Heidelberg (ohne Klinikum);;Radiochemie;Stiftung Energieforschung Baden-Württemberg;100000;1000000;10 Jahre;;;;
Baden-Württemberg;Universität Hohenheim;Fachgebiet für BWL;Retail Banking;Sparkassen-Finanzgruppe;130000;800000;6 Jahre;2014;https://www.uni-hohenheim.de/pressemitteilung?tx_ttnews%5Btt_news%5D=18887&cHash=f76c0a5378ccaf366ff4b460b94478b1 ;;
Baden-Württemberg;Universität Hohenheim;Agrarwssenschaften;Testvorhaben in der Landtechnik;Deutsche Landwirtschafts-Gesellschaft;;;;;https://www.uni-hohenheim.de/pressemitteilung?tx_ttnews%5Btt_news%5D=1914&cHash=8044b9e25e1d213351f5a21e515a0ca5s%5D=1914&cHash=8044b9e25e1d213351f5a21e515a0ca5 ;;
Baden-Württemberg;Universität Hohenheim;Wirtschafts- und Sozialwissenschaften;Wirtschafts- und Organisationspsychologie;Gips-Schüle-Stiftung;;750000;;2012;https://www.uni-hohenheim.de/pressemitteilung?tx_ttnews%5Btt_news%5D=8914&cHash=eceb8e340f3ceae4b2af7ef41f6afcec ;;
Thüringen;Universität Jena (Klinikum);Medizin;Mikroskopische Bildanalyse;Carl Zeiss Stiftung;;;5 Jahre;2017;https://www4.uni-jena.de/Universit%C3%A4t/Stellenmarkt/Professuren/W2_W3_Professur+f%C3%BCr+Mikroskopische+Bildanalyse.htm;;
Thüringen;Universität Jena (Klinikum);Medizin;Epidemiologie in der Arbeitsmedizin;gesetzliche Unfallversicherung;;;;2020;https://www.academics.de/jobs/stiftungsprofessur-w2-fuer-epidemiologie-in-der-arbeitsmedizin-universitaetsklinikum-jena-friedrich-schiller-universitaet-jena-jena-1023100;;
Hessen;Universität Kassel;Geistes- und Kulturwissenschaften;Grimm-Professur;Sparkasse Kassel;;;unbegrenzt;1991;;;
Hessen;Universität Kassel;Wirtschaftswissenschaften;Volkswirtschaftslehre mit Schwerpunkt dezentrale Energiewirtschaft;SMA Solar Technology AG;k.A.;;6 Jahre;2014;;;
Schleswig-Holstein;Universität Kiel;Medizin;Strahlentherapie;Damp Stiftung;;;;2016;https://www.medizin.uni-kiel.de/de/forschung/nachwuchsgruppen/stiftungsprofessuren;;
Schleswig-Holstein;Universität Kiel;Medizin;Radiologie und Neuroradiologie;Damp Stiftung;;;;2016;https://www.medizin.uni-kiel.de/de/forschung/nachwuchsgruppen/stiftungsprofessuren;;
Rheinland-Pfalz;Universität Koblenz-Landau;;"Friedensakademie
Landnutzungskonflikte";"Klaus-Töpfer-Stiftungsjuniorprofessor
Sparkassenstiftung, Firma APL Prüftechnik, Karl-Fix-Stiftung, Energie Südwest und Kreisverwaltung Südliche Weinstraße.";;;6 Jahre;2017;   <https://www.uni-koblenz-landau.de/de/friedensakademie/medien/friedensakademie-freut-sich-auf-Zusammenarbeit/?searchterm=Stiftungsprofessur>;;
Rheinland-Pfalz;Universität Koblenz-Landau;;;;;;;;;;
Rheinland-Pfalz;Universität Koblenz-Landau;;;;;;;;;;
Rheinland-Pfalz;Universität Koblenz-Landau;;;;;;;;;;
Baden-Württemberg;Universität Konstanz;;Bioinformatik;Altana AG;;;unbegrenzt;2003;;;
Baden-Württemberg;Universität Konstanz;;Photovoltaik;Centrotherm GmbH ;;;;;;;
Baden-Württemberg;Universität Konstanz;;Photovoltaik;SolarWorld;;;;;;;
Baden-Württemberg;Universität Konstanz;;Angewandte Wirtschaftsforschung;Thurgauer Kantonalbank;;;;;;;
Sachsen;Universität Leipzig (Klinikum);Medizin;Herzkreislauf-forschung und Innovationstransfer;Leipziger Stiftung für Innovation und Technologietransfer;;;;2013;;;
Sachsen;Universität Leipzig (Klinikum);Medizin;P�diatrische Klinische Genetik;Universitätsklinikum Lzg.;;;5 Jahre;2014;;;
Sachsen;Universität Leipzig (Klinikum);Medizin;Hygiene mit Schwerpunkt Krankenhaushygiene;Universitätsklinikum Lzg.;;;5 Jahre;2014;;;
Sachsen;Universität Leipzig (ohne Klinikum);;Energiemanagement und Nachhaltigkeit;Vattenfall;;;;;;Vattenfall Europe AG;
Schleswig-Holstein;Universität Lübeck;Institut für Arbeitsmedizin;Stiftungsprofessur für Arbeitsmedizin und Prävention;Berufsgenossenschaft für Gesundheitsdienst und Wohlfahrtspflege (BGW);255000;;5 Jahre;2014;;;
Schleswig-Holstein;Universität Lübeck;Institut für Arbeitsmedizin;Stiftungsprofessur für Arbeitsmedizin und Prävention;Berufsgenossenschaft Transport und Verkehrswirtschaft (BG Verkehr);255000;;5 Jahre;2014;;;
Schleswig-Holstein;Universität Lübeck;Institut für Arbeitsmedizin;Stiftungsprofessur für Arbeitsmedizin und Prävention;Unfallkasse Nord;255000;;5 Jahre;2014;;;
Schleswig-Holstein;Universität Lübeck;Institut für Arbeitsmedizin;Stiftungsprofessur für Arbeitsmedizin und Prävention;Verwaltungsberufsgenossenschaft (VBG);255000;;5 Jahre;2014;https://www.uni-luebeck.de/universitaet/aktuelles/artikel/stiftungsprofessur-fuer-arbeitsmedizin-und-praevention.html;;
Schleswig-Holstein;Universität Lübeck;Institut für Neurogenetik;Bewegungsstörungen und Neuropsychiatrie bei Kindern und Erwachsenen;Possehl-Stiftung;;;;2013;https://www.uksh.de/paediatrie-luebeck/Wir+%C3%BCber+uns/Team/Sektions_+und+Stiftungsprofessuren-p-580.html;;
Schleswig-Holstein;Universität Lübeck;;Entrepreneurship;IHK Lübeck;;;5 Jahre;2014;;;
Schleswig-Holstein;Universität Lübeck;;Entrepreneurship;Technikzentrum Lübeck;;;5 Jahre;2014;;;
Sachsen-Anhalt;Universität Magdeburg (Klinikum);Medizin;Pneumologie;;;;5 Jahre;2015;;;
Rheinland-Pfalz;Universität Mainz;Institut für Anorganische Chemie und Analytische Chemie;Oxidische Materialien (Carl-Zeiss-Stiftung);Carl Zeiss;150000;;5 Jahre;2015;;Carl-Zeiss-Stiftung;
Rheinland-Pfalz;Universität Mainz;;Allgemeine Pastoraltheologie;Bischöfliches Ordinariat Mainz;;;;;;;
Rheinland-Pfalz;Universität Mainz;;Zell- und Entwicklungsbiologie mit dem Schwerpunkt Signaltransduktion und Epigenetik (Boehringer Ingelheim Stiftung);Boehringer Ingelheim;;50000000;10 Jahre;;;;
Rheinland-Pfalz;Universität Mainz;;Molekularbiologie der Genomstabilität (Boehringer Ingelheim Stiftung);Boehringer Ingelheim;;;10 Jahre;;;;
Rheinland-Pfalz;Universität Mainz;;Entwicklungsepigenetik (Boehringer Ingelheim Stiftung);Boehringer Ingelheim;;;10 Jahre;;;;
Rheinland-Pfalz;Universität Mainz;;Juniorprofessur Theoretische Physik kondensierter Materie (Carl-Zeiss-Stiftung);Carl Zeiss;;;5 Jahre;;;Carl-Zeiss-Stiftung;
Rheinland-Pfalz;Universität Mainz;;öffentliches Recht unter besonderer Berücksichtigung des Datenschutzrechts und der Informationsfreiheit;Debeka;;;;noch nicht besetzt;;;
Rheinland-Pfalz;Universität Mainz;;Johannes-Gutenberg-Stiftungsprofessur;Freunde der Universität Mainz e.V.;;;unbegrenzt;;;;
Baden-Württemberg;Universität Mannheim;BWL;Business Administration and Corporate Governance;Bilfinger;200000;1000000;5 Jahre;;;;
Baden-Württemberg;Universität Mannheim;BWL;Procurement;Bilfinger;;;;;;;
Baden-Württemberg;Universität Mannheim;BWL;Procurement;Bundesverband Materialwirtschaft Einkauf und Logistik e.V.;;;;;;;
Baden-Württemberg;Universität Mannheim;BWL;Supply Chain Management ;Camelot Broadcast Service GmbH Berlin;;;;;;;
Baden-Württemberg;Universität Mannheim;BWL;Allgemeine Betriebswirtschaftslehre und Wirtschafts-informatik, insbesondere E-Business and E-Goverment;Dieter-Schwarz-Stiftung;150000;1500000;6 Jahre;2014;https://www.stifterverband.org/search/site/stiftungsprofessuren ;;
Baden-Württemberg;Universität Mannheim;BWL;Procurement;Dietmar-Hopp-Stiftung;;;;;;;
Baden-Württemberg;Universität Mannheim;BWL;Dr. Werner Jackstädt Endowed Chair   of Sales & Services Marketing  ;Dr. Werner Jäckstädt-Stiftung;350000;1750000;5 Jahre;;;;
Baden-Württemberg;Universität Mannheim;BWL;Allgemeine Betriebswirtschaftslehre und Rechnungswesen;Ernst & Young USA;250000;2500000;10 Jahre;;;;
Baden-Württemberg;Universität Mannheim;BWL;Business Administration and Corporate Governance;Fuchs Petrolub;;;;;;;
Baden-Württemberg;Universität Mannheim;BWL;Procurement;Heidelberger Druckmaschinen AG;;;;;;;
Baden-Württemberg;Universität Mannheim;BWL;Procurement;Hilti;;;;;;;
Baden-Württemberg;Universität Mannheim;BWL;Procurement;KSB;;;;;;KSB AG;
Baden-Württemberg;Universität Mannheim;BWL;Business Administration and Corporate Governance;MVV Energie AG;;;;;;;
Baden-Württemberg;Universität Mannheim;BWL;Procurement;Roche;;;;;;;
Baden-Württemberg;Universität Mannheim;BWL;Procurement;SAP;;;;;;;
Baden-Württemberg;Universität Mannheim;BWL;Business Administration and Corporate Governance;Südzucker AG;;;;;;;
Baden-Württemberg;Universität Mannheim;Jura;Wilhelm-Müller-Stiftungsprofessur ;Wilhelm-Müller-Stiftung;;;;;;;
Baden-Württemberg;Universität Mannheim;Philosophische Fakultät;Wirtschaftsethik;Land Baden-Württemberg ;;;;;;;
Hessen;Universität Marburg;Medizin;Kardiovaskuläre Prävention ;Dr. Reinfried-Pohl-Stiftung;k.A.;;k.A.;;;;
Hessen;Universität Marburg;Medizin;Senior-Forschungsprofessur Neurowissenschaften;Hertie-Stiftung;k.A.;;k.A.;;;;
Hessen;Universität Marburg;;Biologie;Bosch;;;5 Jahre;;;Robert-Bosch-Stiftung;
Hessen;Universität Marburg;;Medizin;Deutsche Krebshilfe;;;;;;;
Hessen;Universität Marburg;;Psychotherapieforschung;Schön-Kliniken ;;720000;6 Jahre;noch nicht besetzt;;;
Bayern;Universität München (Klinikum);;Klinische Pneumologie;Asklepios Fachkliniken GmbH;;;;2013;;;
Bayern;Universität München (Klinikum);;Translationale Forschung auf dem Gebiet der Neurodegeneration;Deutsches Zentrum für Neurodegenerative Erkrankung e.V. (DZNE);;;;2011;;;
Bayern;Universität München (Klinikum);;Translationale Neurobiochemie;Deutsches Zentrum für Neurodegenerative Erkrankung e.V. (DZNE);;;;2012;;;
Bayern;Universität München (Klinikum);;Translationale Schlaganfall- und Demenzforschung;Stiftung zur Erforschung der vaskulären Demenz;;;;2010;;;
Bayern;Universität München (Klinikum);;Experimentelle Schlaganfallforschung;Stiftung zur Erforschung der vaskulären Demenz;;;;2011;;;
Bayern;Universität München (Klinikum);;Bildgebung: Schlaganfall- und Demenzforschung;Stiftung zur Erforschung der vaskulären Demenz;;;;2012;;;
Bayern;Universität München (ohne Klinikum);;Physik der Atmosphäre;Deutsches Zentrum für Luft- und Raumfahrt;;;;2012;;;
Bayern;Universität München (ohne Klinikum);;Managementausbildung (keine eigentliche Sitftungsprofessur);Dr. Rochus Mummert;;;15 Jahren;;;;
Bayern;Universität München (ohne Klinikum);;Volkswirtschaftslehre, insbesondere Bildungsökonomie;ifo Institut für Wirtschaftsforschung e.V.;;;;2006;;;
Bayern;Universität München (ohne Klinikum);;Volkswirtschaftslehre, insbesondere Makroökonomie und Konjunkturforschung;ifo Institut für Wirtschaftsforschung e.V.;;;;2007;;;
Bayern;Universität München (ohne Klinikum);;Volkswirtschaftslehre, insbesondere Sozialpolitik und Arbeitsmärkte;ifo Institut für Wirtschaftsforschung e.V.;;;;2010;;;
Bayern;Universität München (ohne Klinikum);;Volkswirtschaftslehre, insbesondere vergleichende Institutionenökonomik;ifo Institut für Wirtschaftsforschung e.V.;;;;2010;;;
Bayern;Universität München (ohne Klinikum);;Volkswirtschaftslehre, insbesondere reale und monetäre Außenwirtschaft    ;ifo Institut für Wirtschaftsforschung e.V.;;;;2011;;;
Bayern;Universität München (ohne Klinikum);Physik;Experimentalphysik;Carl Friedrich von Siemens Stiftung;;;unbefristet;2006;https://www.uni-muenchen.de/aktuelles/news/2019/fakultaet_physik.html;;
Bayern;Universität München (ohne Klinikum);;Arbeitsrecht und Bürgerliches Recht;Stiftung für Arbeitsbeziehungen und Arbeitsrecht (StAR);;;;2006;;;
Bayern;Universität München (ohne Klinikum);;Arbeitsrecht, Arbeitsrechtsvergleichung und Bürgerliches Recht;Stiftung für Arbeitsbeziehungen und Arbeitsrecht (StAR);;;;2006;;;
Bayern;Universität München (ohne Klinikum);;Sozialrecht, Arbeitsrecht und Bürgerliches Recht;Stiftung für Arbeitsbeziehungen und Arbeitsrecht (StAR);;;;2009;;;
Bayern;Universität München (ohne Klinikum);;Neueste Geschichte;Stiftung zur wissenschaftlichen Erforschung der Zeitgeschichte [Institut für Zeitgeschichte München (IfZ)];;;;2011;;;
Bayern;Universität München (ohne Klinikum);;Tibetologie und Buddhismuskunde;TARA-Stiftung;;;unbefristet;2003;;;
Bayern;Universität München (ohne Klinikum);;Betriebswirtschaftslehre mit dem Schwerpunkt Personalwirtschaft;Verband der Bayerischen Metall- und Elektroindustrie e.V.;;;;2009;;;
Niedersachsen;Universität Oldenburg;Department für Wirtschafts- und Rechtswissenschaften;Entrepreneurship;Der kleine Kreis;;;;;;;
Niedersachsen;Universität Oldenburg;Department für Wirtschafts- und Rechtswissenschaften;Entrepreneurship;Nordmetall;;;;;;;
Niedersachsen;Universität Oldenburg;Department für Wirtschafts- und Rechtswissenschaften;Entrepreneurship;Oldenburgische Industrie- und Handelskammer;;;;;;;
Niedersachsen;Universität Oldenburg;Physik;Windenergiesysteme;EnBW;;;;;;;
Niedersachsen;Universität Oldenburg;Physik;Windenergiesysteme;EWE;;;10 Jahre;2010;;;
Niedersachsen;Universität Oldenburg;;Medizinische Strahlenphysik;Pius-Hospital Oldenburg;280000;;unbefristet;2011;;;
Niedersachsen;Universität Oldenburg;;Marine Biodiversität;Senckenberg-Gesellschaft für Naturforschung;k.A.;;unbefristet;2002;;;
Niedersachsen;Universität Osnabrück;Informatik;Eingebettete Softwaresysteme;CLAAS;;;10 Jahre;2018;https://www.stifterverband.org/search/site/stiftungsprofessuren ;;
Niedersachsen;Universität Osnabrück;Informatik;Eingebettete Softwaresysteme;Harting;;;10 Jahre;2018;https://ess.cs.uni-osnabrueck.de/index.html.de;;
Niedersachsen;Universität Osnabrück;Rechtswissenschaften;Chinesisches Recht;Sievert;;450000;5 Jahre;2015;;;
Niedersachsen;Universität Osnabrück;;Verteilte Systeme;Harting;;;;;;;
Niedersachsen;Universität Osnabrück;;Berufsdermatologie;iDerm GmbH;;1650000;10 Jahre;2015;;;
NRW;Universität Paderborn;;Leichtbau im Automobilbau;Benteler;;;5 Jahre;2017;https://www.stifterverband.org/search/site/stiftungsprofessuren;;
Bayern;Universität Passau;;Finanzcontrolling;DekaBank;300000;;unbefristet;2008;;;
Brandenburg;Universität Potsdam;Mathematisch-Naturwissenschaftliche Fakultät ;Stiftungsprofessur Zuverlässige Sensornetze;Green Way Systems GmbH;;;5 Jahre ;;;;
Brandenburg;Universität Potsdam;Mathematisch-Naturwissenschaftliche Fakultät ;Stiftungsprofessur Zuverlässige Sensornetze;MEYTEC GmbH Informationssysteme;;;5 Jahre ;;;;
Brandenburg;Universität Potsdam;Mathematisch-Naturwissenschaftliche Fakultät ;Stiftungsprofessur Zuverlässige Sensornetze;Philotech Systementwicklung und Software GmbH;;;5 Jahre ;;;;
Bayern;Universität Regensburg (Klinikum);Institut für Humangenetik;Netzhautforschung;Pro Retina-Stiftung;k.A.;;;2010;;;
Bayern;Universität Regensburg (Klinikum);Lehrstuhl für Kinder- und Jugendpsychiatrie;Kinder- und Jugendpsychiatrie;medbo (Medizinische Einrichtungen des Bezirks Oberpfalz);210000;;6 Jahre;2015;;;
Bayern;Universität Regensburg (Klinikum);;Angewandte Bewusstseinswissenschaft in der psychosomatischen Medizin;Heiligenfeld Kliniken;k.A.;;;;;;
Bayern;Universität Regensburg (Klinikum);;Innere Medizin mit Schwerpunkt Schlaf- und Beatmungsmedizin ;Philips;;;;;;Philips Respironics;
Bayern;Universität Regensburg (Klinikum);;Innere Medizin mit Schwerpunkt Schlaf- und Beatmungsmedizin ;ResMed GmbH & Co. KG;;;;;;;
Bayern;Universität Regensburg (Klinikum);;Klinische Neurowissenschaften;;;;;2013;;;
Bayern;Universität Regensburg (Klinikum);;Kinderchirurgie;;k.A.;;;;;;
Bayern;Universität Regensburg (Klinikum);;Neonatologie;;k.A.;;;;;;
Bayern;Universität Regensburg (Klinikum);;Innere Medizin mit dem Schwerpunkt Nephrologie/Nierentransplantation;;k.A.;;;;;;
Bayern;Universität Regensburg (Klinikum);;Unfallchirurgie (Schwerpunkt Regenerative Gelenkchirurgie) ;;k.A.;;;;;;
Bayern;Universität Regensburg (Klinikum);;Experimentelle Hepatologie;;k.A.;;;;;;
Bayern;Universität Regensburg (Klinikum);;"Heisenberg-Stiftungsprofessur ""Chronische Immunpathologie""";;k.A.;;;;;;
Bayern;Universität Regensburg (Klinikum);;"Heisenberg-Stiftungsprofessur ""Organische Chemie""";;k.A.;;;;;;
Bayern;Universität Regensburg (Klinikum);;Hämatologie (Stammzelltransplantation);;;;;;;;
Bayern;Universität Regensburg (ohne Klinikum);;Volkswirtschaftslehre insbesondere Arbeitsmarktforschung ;;;;;;;;
Bayern;Universität Regensburg (ohne Klinikum);;Empirische Wirtschaftsforschung insbesondere Makroökonometrie und Arbeitsmarkt;;;;;;;;
Bayern;Universität Regensburg (ohne Klinikum);;Volkswirtschaftslehre, insbesondere Außenhandel und Wirtschaftliche Entwicklung in Mittel- und Osteuropa;;;;;;;;
Bayern;Universität Regensburg (ohne Klinikum);;Immobilienökologie;;;;;;;;
Bayern;Universität Regensburg (ohne Klinikum);;Theoretische Physik (Forschungszentrum Jülich);;;;;;;;
Mecklenburg-Vorpommern;Universität Rostock (Klinikum);;Translationale Neurodegeneration;Hermann und Lilly Schilling Stiftung;3000000;;;2018;https://www.med.uni-rostock.de/medien/pressemitteilungen/aktuelles/news/schilling-stiftung-unterstuetzt-erforschung-neurodegenerativer-erkrankungen/;;
Mecklenburg-Vorpommern;Universität Rostock (ohne Klinikum);Maschinenbau und Schiffstechnik;Windenergietechnik;Nordex SE;200000;;5 Jahre;2014;https://www.rostock-heute.de/windenergietechnik-stiftungsprofessur-uni-rostock-nordex/19543;;
Mecklenburg-Vorpommern;Universität Rostock (ohne Klinikum);Germanistik;Uwe Johnson-Stiftungsprofessur;Holzgroßhandlung Fries;;;;2008;https://www.juraforum.de/wissenschaft/universitaet-rostock-erhaelt-uwe-johnson-stiftungsprofessur-251036 ;;
Mecklenburg-Vorpommern;Universität Rostock (ohne Klinikum);;Herman-Schmitz-Professur für phänomenologische Philosophie;Dr. Johannes Werhahn;;;;;;;
Baden-Württemberg;Universität Stuttgart;Bau- und Umweltingenieurwissenschaften;Digitalisierung von Bauprozessen;Ed. Züblin AG;;1400000;6 Jahre;2017;https://www.uni-stuttgart.de/universitaet/aktuelles/presseinfo/Neue_Stiftungs-Juniorprofessur_der_Ed._Zueblin_AG/;;
Baden-Württemberg;Universität Stuttgart;Energie-, Verfahrens- und Biotechnik;Effiziente Energienutzung;;350000;3500000;10 Jahre;2014;;;
Baden-Württemberg;Universität Stuttgart;Institut für Luftfahrtantriebe;Strukturmechanik der Flugzeugtriebwerke;MTU Maintenance;145000;2900000;20 Jahre;;;;
Baden-Württemberg;Universität Stuttgart;;Optik-Design und Simulation;Berliner Glas;;;;;;;
Baden-Württemberg;Universität Stuttgart;;Wirkungsgeschichte der Technik;Berthold-Leibinger-Stiftung;150000;1500000;10 Jahre;2010;https://www.student.uni-stuttgart.de/en/news/press_release/Berthold_Leibinger_Stiftung_finanziert_Stiftungsprofessur_zur_Untersuchung_der_Wechselwirkungen_zwischen_Naturwissenschaftx_Technikx_Gesellschaft_und_Kultur_an_der_Universitaet_Stuttgart/;;
Baden-Württemberg;Universität Stuttgart;;Verkehrsplanung und Verkehrsleittechnik;Daimler AG;170000;1740000;10 Jahre;;;Daimler AG;
Baden-Württemberg;Universität Stuttgart;Wirtschafts- und Sozialwissenschaften;Entrepreneurship in Technologie und Digitalisierung;Daimler AG;;;4 Jahre;2018;https://www.Daimler AG.com/nachhaltigkeit/corporate-citizenship/stiftungen/Daimler AG-fonds.html;Daimler AG;
Baden-Württemberg;Universität Stuttgart;;Biomedical Engineering;Deutsche Krebshilfe;80000;760000;10 Jahre;;;;
Baden-Württemberg;Universität Stuttgart;;Produktionstechnische Softwaresysteme;Einzelstifter aus der Werkzeugmaschinenindustrie;110000;1080000;10 Jahre;;;;
Baden-Württemberg;Universität Stuttgart;;Wasserkraft;EnBW;400000;4000000;10 Jahre;;;;
Baden-Württemberg;Universität Stuttgart;;Optik-Design und Simulation;Karl Storz GmbH;;;;;;;
Baden-Württemberg;Universität Stuttgart;;Schienenfahrzeugtechnik;Karl-Schlecht-Stiftung;210000;2100000;10 Jahre;;;;
Baden-Württemberg;Universität Stuttgart;;Windenergie;Karl-Schlecht-Stiftung;250000;2500000;10 Jahre;;;;
Baden-Württemberg;Universität Stuttgart;;Optik-Design und Simulation;Leica Mycrosystems;;;;;;;
Baden-Württemberg;Universität Stuttgart;;Mechanische Trennprozesse;Mann + Hummel GmbH;110000;1100000;10 Jahre;;;;
Baden-Württemberg;Universität Stuttgart;;Optik-Design und Simulation;Polytec;;;;;;;
Baden-Württemberg;Universität Stuttgart;;Optik-Design und Simulation;Sick AG;;;;;;;
Baden-Württemberg;Universität Stuttgart;;Wasserkraft;Siemens AG;;;;;;;
Baden-Württemberg;Universität Stuttgart;;Optik-Design und Simulation;Trumpf;92500;925000;10 Jahre;2011;;;
Baden-Württemberg;Universität Stuttgart;;Nachaltigkeit, Baukonstruktion, Entwerfen;Wüstenrot;190000;1910000;10 Jahre;2011;https://www.uni-stuttgart.de/universitaet/aktuelles/presseinfo/Stiftungsprofessur_fuer_Nachhaltigkeit/;Wüstenrot-Stiftung;
Baden-Württemberg;Universität Stuttgart;;Kraftfahrzeugmechatronik;Zulieferfirmen der KFZ-Industrie beim Stifterverband für die Deutsche Wissenschaft;160000;1610000;10 Jahre;;;;
Baden-Württemberg;Universität Tübingen (Klinikum);;Klinische Pharmakologie;Bosch;;;;;;Robert-Bosch-Stiftung;
Baden-Württemberg;Universität Tübingen (Klinikum);;Ophthalmic Research;CIN;;;5 Jahre;;;;
Baden-Württemberg;Universität Tübingen (Klinikum);;Systems Neurophysiology;CIN;;;5 Jahre;;;;
Baden-Württemberg;Universität Tübingen (Klinikum);;Neurologie mit Schwerpunkt Neurodegenerative Erkrankungen;Hertie-Stiftung;;;10 Jahre;;;;
Baden-Württemberg;Universität Tübingen (Klinikum);;Neurologie mit Schwerpunkt Epileptologie;Hertie-Stiftung;;1630000;6 Jahre;;;;
Baden-Württemberg;Universität Tübingen (Klinikum);;Klinische Neurogenetik;Hertie-Stiftung;;;;;;;
Baden-Württemberg;Universität Tübingen (Klinikum);;Funktionelle Neurogenetik;Hertie-Stiftung;;;;;;;
Baden-Württemberg;Universität Tübingen (Klinikum);;Neuroplastizität des kindlichen Gehirns;Schön Kliniken GmbH;150000;;offen;;;;
Baden-Württemberg;Universität Tübingen (Klinikum);;Arbeits- und Sozialmedizin;Südwestmetall;400000;4000000;10 Jahre;;;;
Baden-Württemberg;Universität Tübingen (Klinikum);;Molekularbiologie degenerativer Netzhauterkrankungen;Tistou und Charlotte Kerstan Stiftung VISION 2000 SEHEN-KUNST-SINNESFUNKTIONEN;350000;3850000;11 Jahre;;;;
Baden-Württemberg;Universität Tübingen (Klinikum);;Präklinische Bildgebung und Bildgebungstechnologie;Werner-Siemens-Stiftung;320000;3200000;10 Jahre;;;Werner-Siemens-Stiftung;
Baden-Württemberg;Universität Tübingen (Klinikum);;Hertie-Institut für Klinische Hirnforschung;;2200000;22000000;10 Jahre;;;;
Baden-Württemberg;Universität Tübingen (ohne Klinikum);Biologie;Didaktik der Biologie;Gips-Schüle-Stiftung;;;5 Jahre;2016;https://uni-tuebingen.de/en/faculties/faculty-of-science/departments/biology/institutes/didaktik-der-biologie/ ;;
Baden-Württemberg;Universität Tübingen (ohne Klinikum);Chemie;Didaktik der Chemie;Gips-Schüle-Stiftung;;;5 Jahre;2016;https://uni-tuebingen.de/en/faculties/faculty-of-science/departments/biology/institutes/didaktik-der-chemie/ ;;
Baden-Württemberg;Universität Tübingen (ohne Klinikum);Mathematik;Maschinelles Lernen;Bosch;;5500000;4 Jahre;2018;https://uni-tuebingen.de/universitaet/aktuelles-und-publikationen/pressemitteilungen/newsfullview-pressemitteilungen/article/cyber-valley-spitzenforscher-uebernimmt-bosch-stiftungsprofessur/?tx_news_pi1%5Baction%5D=detail;;
Baden-Württemberg;Universität Tübingen (ohne Klinikum);Philosophische Fakultät;Sinologie mit Schwerpunkt Wirtschaftsethik;Karl-Schlecht-Stiftung;;;6 Jahre;2013;;;
Baden-Württemberg;Universität Tübingen (ohne Klinikum);Wirtschafts- und Sozialwissenschaftliche Fakultät;ökonomische Bildung und Wirtschaftsdidaktik;Holtzbrinck-Stiftung;;;;2015;;;
Baden-Württemberg;Universität Ulm (Klinikum);;Neurodegenerationsforschung;Charcot-Stiftung;100000;500000;5 Jahre;;;;
Baden-Württemberg;Universität Ulm (Klinikum);;für Betriebswirtschaftslehre mit dem Schwerpunkt Betriebswirtschaftliches Informationsmanagement;DRK-Blutspendedienst Baden-Württemberg;100000;1000000;10 Jahre;;;;
Baden-Württemberg;Universität Ulm (Klinikum);;Neurophysiologie;Hertie-Stiftung;;1000000;8 Jahre;;;;
Baden-Württemberg;Universität Ulm (ohne Klinikum);Mathematik und Wirtschaftswissenschaften;Péter-Horváth-Stiftungsprofessur für Betriebswirtschaftslehre mit dem Schwerpunkt Betriebswirtschaftliches Informationsmanagement ;Péter Horváth;200000;;5 Jahre;2014;;;
Baden-Württemberg;Universität Ulm (ohne Klinikum);;Hybride Quantensysteme;Carl Zeiss;200000;800000;4 Jahre;;;Carl-Zeiss-Stiftung;
Baden-Württemberg;Universität Ulm (ohne Klinikum);;Elektronen- und Ionen-Mikroskopie;Carl Zeiss;150000;750000;5 Jahre;;;Carl-Zeiss-Stiftung;
Baden-Württemberg;Universität Ulm (ohne Klinikum);;Multiskalenmodellierung in den computergestützten Materialwissenschaften;Dr. Barbara-Mez-Starck-Stiftung;100000;600000;6 Jahre;;;;
Baden-Württemberg;Universität Ulm (ohne Klinikum);;Strategische Unternehmensführung und Finanzierung;Kress, Ulm;200000;2000000;10 Jahre;;;;
Baden-Württemberg;Universität Ulm (ohne Klinikum);;Nachhaltiges Wissen, nachhaltige Bildung, nachhaltiges Wirtschaften;verschiedene Stifter;100000;1000000;10 Jahre;;;;
Niedersachsen;Universität Vechta;;Nachhaltigkeitsorientierte Transformationsforschung;AGRAVIS Raiffeisen;;4000000;5 Jahre;2021;https://www.uni-vechta.de/news-einzelansicht/news/detail/News/gemeinsam-zukunft-gestalten/;;
Niedersachsen;Universität Vechta;;Sozialpädagogische Familienwissenschaften;Welker-Stiftung;W2-Professur;;5 Jahre;2014;;;
NRW;Universität Wuppertal;;Neue Fertigungstechnologien und Werkstoffe;Arnz Flott GmbH;;;8 Jahre;2014;https://www.stifterverband.org/search/site/stiftungsprofessuren;;
NRW;Universität Wuppertal;;Wirtschaftswissenschaft, insbesondere Gesundheitsökonomie und Gesundheitsmanagement;Barmenia Versicherungen;;;5 Jahre;2010;https://juerges.wiwi.uni-wuppertal.de/de/lehrstuhl.html;;
NRW;Universität Wuppertal;;Kommunikation und Management chemischer Prozesse in der Industrie;Cognis;k.A.;;k.A.;2009;;;
NRW;Universität Wuppertal;;Bahnsysteme und Bahntechnik;DB Netz AG;;;;2014;https://bahnsys.uni-wuppertal.de/de/bahnsystemtechnik.html ;;
NRW;Universität Wuppertal;;Technischer Infektionsschutz;Deutsches Grünes Kreuz;k.A.;;k.A.;2010;;;
NRW;Universität Wuppertal;;Neue Fertigungstechnologien und Werkstoffe;Eduard Wille GmbH & Co. KG;;;8 Jahre;2014;https://www.stifterverband.org/search/site/stiftungsprofessuren;;
NRW;Universität Wuppertal;;Neue Fertigungstechnologien und Werkstoffe;GEDORE Werkzeugfabrik GmbH & Co. KG;;;8 Jahre;2014;https://www.stifterverband.org/search/site/stiftungsprofessuren;;
NRW;Universität Wuppertal;;Neue Fertigungstechnologien und Werkstoffe;Global C GmbH;;;8 Jahre;2014;https://www.stifterverband.org/search/site/stiftungsprofessuren ;;
NRW;Universität Wuppertal;;Neue Fertigungstechnologien und Werkstoffe;HAZET-Werk Hermann Zerver GmbH & Co. KG;;;8 Jahre;2014;https://www.stifterverband.org/search/site/stiftungsprofessuren;;
NRW;Universität Wuppertal;;Neue Fertigungstechnologien und Werkstoffe;Helmut Kempkes GmbH;;;8 Jahre;2014;https://www.stifterverband.org/search/site/stiftungsprofessuren;;
NRW;Universität Wuppertal;;Neue Fertigungstechnologien und Werkstoffe;K.A. Schmersal GmbH & Co. KG;;;8 Jahre;2014;https://www.stifterverband.org/search/site/stiftungsprofessuren;;
NRW;Universität Wuppertal;;Neue Fertigungstechnologien und Werkstoffe;Knipex-Werk C. Gustav Putsch KG;k.A.;;8 Jahre;2014;https://www.stifterverband.org/search/site/stiftungsprofessuren;;
NRW;Universität Wuppertal;;Neue Fertigungstechnologien und Werkstoffe;SMS ELOTHERM GmbH;;;8 Jahre;2014;https://www.stifterverband.org/search/site/stiftungsprofessuren;;
NRW;Universität Wuppertal;;Neue Fertigungstechnologien und Werkstoffe;Stadt-Sparkasse Solingen;;;8 Jahre;2014;https://www.stifterverband.org/search/site/stiftungsprofessuren;;
NRW;Universität Wuppertal;;Neue Fertigungstechnologien und Werkstoffe;Vorwerk;;;8 Jahre;2014;https://www.stifterverband.org/search/site/stiftungsprofessuren;;
NRW;Universität Wuppertal;;Multi-Channel-Management;Walbusch;k.A.;;19 Jahre;2015;https://www.stifterverband.org/search/site/stiftungsprofessuren;;
NRW;Universität Wuppertal;;Neue Fertigungstechnologien und Werkstoffe;Wilkinson Sword GmbH;;;8 Jahre;2014;https://www.stifterverband.org/search/site/stiftungsprofessuren;;
Bayern;Universität Würzburg (ohne Klinikum);;;;;;;;;;
Bayern;Universität Würzburg (ohne Klinikum);;Multiple Myelom;Janssen Cilag GmbH;;;5 Jahre;2020;https://www.stifterverband.org/stiftungsprofessuren ;;
Bayern;Universität Würzburg (ohne Klinikum);;Zelluläre Immuntherapie von malignen Erkrankungen;Celgene GmbH;;;5 Jahre;2020;https://www.stifterverband.org/stiftungsprofessuren ;;
Bayern;Universität Würzburg (ohne Klinikum);Pharmazie;Klinische Pharmazie;Horphag Research Ltd.;;;6 Jahre;2017;https://www.uni-wuerzburg.de/unternehmenundfoerderer/erfolgreiche-foerderprojekte/stiftungsprofessuren/;;
Bayern;Universität Würzburg (ohne Klinikum);;Krebsforschung;Janssen Deutschland;2500000;;5 Jahre;2020;https://www.uni-wuerzburg.de/aktuelles/pressemitteilungen/single/news/neue-stiftungsprofessur-fuer-krebsforschung/;;
Bayern;Universität Würzburg (ohne Klinikum);;Klinische Infektiologie mit Schwerpunkt Mykologie;Astellas Pharma;;;1 Jahr;2013;;;
Bayern;Universität Würzburg (ohne Klinikum);;Fernerkundung;Deutsches Zentrum für Luft- und Raumfahrt;;;25 Jahre;2001;;;
Bayern;Universität Würzburg (ohne Klinikum);;Chemische Technologie der Materialsynthese;Fraunhofer-Gesellschaft;;;unbegrenzt;2006;;;
NRW;Universität zu Köln (ohne Klinikum);Gesundheit & Soziales;Energiewirtschaft;E.ON;;;;2012;;;
NRW;Universität zu Köln (ohne Klinikum);Jura;Zivilrecht, Wirtschaftsrecht, Verfahrensrecht, Anwaltsrecht ;Hans Soldan Stiftung;;;;2014;http://soldanprofessur.jura.uni-koeln.de/stiftungsprofessur/hintergrund ;;
NRW;Universität zu Köln (ohne Klinikum);;Palliativmedizin;Deutsche Krebshilfe;;;;2004;;;
NRW;Universität zu Köln (ohne Klinikum);;Allgemeine Betriebswirtschaftslehre und Unternehmensentwicklung;Ernst & Young USA;;;;2012;;;
NRW;Universität zu Köln (ohne Klinikum);;Finanzmarktforschung;Fördergesellschaft Finanzmarktforschung e.V.;;;;2012;;;
NRW;Universität zu Köln (ohne Klinikum);;Internationales Investitionsrecht;Generali;;;;2010;;;
NRW;Universität zu Köln (ohne Klinikum);;Immunpathologie des Auges;Hans und Marlies Stock-Stiftung;;;;2012;;;
NRW;Universität zu Köln (ohne Klinikum);;Energiewirtschaft;RWE;;;;;;;
NRW;Universität zu Köln (ohne Klinikum);;Wirtschaftsinformatik und Informations System Technology;SQS AG;;;;2010;;;
NRW;Universität zu Köln (ohne Klinikum);;Geriatrie;St. Marien-Hospital GmbH;;;;2008;;;
Rheinland-Pfalz;Universitätsmedizin der Johannes Gutenberg-Universität Mainz;;Stiftungsprofessur für Palliativmedizin;Deutsche Krebshilfe;;;5 Jahre;;;;
Rheinland-Pfalz;Universitätsmedizin der Johannes Gutenberg-Universität Mainz;;Stiftungsprofessur für Experimentelle Hämastaseologie und Laboratoriumsmedizin;Deutsche Vereinte Gesellschaft für Klinische Chemie und Labormedizin;;;5 Jahre;;;;
Rheinland-Pfalz;Universitätsmedizin der Johannes Gutenberg-Universität Mainz;;Metabolische Speichererkrankungen;Shire Deutschland GmbH;;;5 Jahre;;;;
NRW;WWU Westfälische Wilhems-Universität Münster (ohne Klinikum);;Angewandte Materialwissenschaft zur Energiespeicherung und Energieumwandlung;Evonik;;;;;;;
NRW;WWU Westfälische Wilhems-Universität Münster (ohne Klinikum);;Angewandte Materialwissenschaft zur Energiespeicherung und Energieumwandlung;Rockwood Lithium GmbH;;;;;;;
