uID;Name;Förderer;Wert;Hinweis;Alternativname;Quelle;Quelle 2
950;Universitätsklinikum Schleswig-Holstein;;;;;;
1001;Universität Kiel;;;;;;
1011;Universität Lübeck;;;;;;
3100;Universität Flensburg;;;;;;
2590;Musikhochschule Lübeck;;;;;;
5080;Muthesius Kunsthochschule Kiel;;;;;;
5050;Priv. FH Wedel;Otto Gruppe;;Stipendienprogramm;;http://www.fh-wedel.de/stipendien/grohe-treuhandstiftung/;
5050;Priv. FH Wedel;BIT-SERV;;Stipendienprogramm;;http://www.fh-wedel.de/stipendien/grohe-treuhandstiftung/;
5050;Priv. FH Wedel;innovas;;Stipendienprogramm;;http://www.fh-wedel.de/stipendien/grohe-treuhandstiftung/;
5050;Priv. FH Wedel;Hapag-LLoyd;;Stipendienprogramm;;http://www.fh-wedel.de/stipendien/grohe-treuhandstiftung/;
5050;Priv. FH Wedel;Grohe-Treuhandstiftung;;Stipendienprogramm;;http://www.fh-wedel.de/stipendien/grohe-treuhandstiftung/;
5070;AKAD Hochschule Pinneberg;;;;;;
5280;Nordakademie Hochschule der Wirtschaft;;;;;;
5010;FH Flensburg;;;;;;
5020;FH Kiel;;;;;;
5030;FH Lübeck;;;;;;
5090;FH Westküste, Heide;;;;;;
5060;FH für Verwaltung und Dienstleistung Altenholz;;;;;;
1060;Bucerius Law School Hamburg (Priv. H);Deutsche Bank;;Kooperationspartner;;http://www.law-school.de/deutsch/die-hochschule/foerderung;
1060;Bucerius Law School Hamburg (Priv. H);Claussen-Simon-Stiftung;;Kooperationspartner;;http://www.law-school.de/deutsch/die-hochschule/foerderung;
1060;Bucerius Law School Hamburg (Priv. H);Clifford Chance;;Kooperationspartner;;http://www.law-school.de/deutsch/die-hochschule/foerderung;
1060;Bucerius Law School Hamburg (Priv. H);DLA Piper;;Kooperationspartner;;http://www.law-school.de/deutsch/die-hochschule/foerderung;
1060;Bucerius Law School Hamburg (Priv. H);Freshfields Bruckhaus Deringer LLP;;Kooperationspartner;;http://www.law-school.de/deutsch/die-hochschule/foerderung;
1060;Bucerius Law School Hamburg (Priv. H);Gebr. Heinemann SE & Co. KG;;Kooperationspartner;;http://www.law-school.de/deutsch/die-hochschule/foerderung;
1060;Bucerius Law School Hamburg (Priv. H);Hengeler Mueller;;Kooperationspartner;;http://www.law-school.de/deutsch/die-hochschule/foerderung;
1060;Bucerius Law School Hamburg (Priv. H);Linklaters LLP;;Kooperationspartner;;http://www.law-school.de/deutsch/die-hochschule/foerderung;
1060;Bucerius Law School Hamburg (Priv. H);Siemens;;Kooperationspartner;;http://www.law-school.de/deutsch/die-hochschule/foerderung;
1060;Bucerius Law School Hamburg (Priv. H);The Boston Consulting Group GmbH;;Kooperationspartner;;http://www.law-school.de/deutsch/die-hochschule/foerderung;
1060;Bucerius Law School Hamburg (Priv. H);Allen & Overy LLP;;Kooperationspartner;;http://www.law-school.de/deutsch/die-hochschule/foerderung;
1060;Bucerius Law School Hamburg (Priv. H);Audi;;Kooperationspartner;;http://www.law-school.de/deutsch/die-hochschule/foerderung;
1060;Bucerius Law School Hamburg (Priv. H);CMS Hasche Sigle;;Kooperationspartner;;http://www.law-school.de/deutsch/die-hochschule/foerderung;
1060;Bucerius Law School Hamburg (Priv. H);Ernst & Young;;Kooperationspartner;;http://www.law-school.de/deutsch/die-hochschule/foerderung;
1060;Bucerius Law School Hamburg (Priv. H);Gleiss Lutz;;Kooperationspartner;;http://www.law-school.de/deutsch/die-hochschule/foerderung;
1060;Bucerius Law School Hamburg (Priv. H);Joachim Herz Stiftung;;Kooperationspartner;;http://www.law-school.de/deutsch/die-hochschule/foerderung;
1060;Bucerius Law School Hamburg (Priv. H);Hogan Lovells International LLP;;Kooperationspartner;;http://www.law-school.de/deutsch/die-hochschule/foerderung;
1060;Bucerius Law School Hamburg (Priv. H);Shearman & Sterling LLP;;Kooperationspartner;;http://www.law-school.de/deutsch/die-hochschule/foerderung;
1060;Bucerius Law School Hamburg (Priv. H);Taylor Wessing;;Kooperationspartner;;http://www.law-school.de/deutsch/die-hochschule/foerderung;
1060;Bucerius Law School Hamburg (Priv. H);Berenberg;;Kooperationspartner;;http://www.law-school.de/deutsch/die-hochschule/foerderung;
1060;Bucerius Law School Hamburg (Priv. H);Bird & Bird;;Kooperationspartner;;http://www.law-school.de/deutsch/die-hochschule/foerderung;
1060;Bucerius Law School Hamburg (Priv. H);Dabelstein & Passehl;;Kooperationspartner;;http://www.law-school.de/deutsch/die-hochschule/foerderung;
1060;Bucerius Law School Hamburg (Priv. H);Deloitte & Touche;;Kooperationspartner;;http://www.law-school.de/deutsch/die-hochschule/foerderung;
1060;Bucerius Law School Hamburg (Priv. H);Lufthansa;;Kooperationspartner;Deutsche Lufthansa AG;http://www.law-school.de/deutsch/die-hochschule/foerderung;
1060;Bucerius Law School Hamburg (Priv. H);Deutsche Notarrechtliche Vereinigung;;Kooperationspartner;;http://www.law-school.de/deutsch/die-hochschule/foerderung;
1060;Bucerius Law School Hamburg (Priv. H);ECE Projektmanagement GmbH & Co. KG;;Kooperationspartner;;http://www.law-school.de/deutsch/die-hochschule/foerderung;
1060;Bucerius Law School Hamburg (Priv. H);Friede Springer-Stiftung;;Kooperationspartner;;http://www.law-school.de/deutsch/die-hochschule/foerderung;
1060;Bucerius Law School Hamburg (Priv. H);Friedrich Stiftung;;Kooperationspartner;;http://www.law-school.de/deutsch/die-hochschule/foerderung;
1060;Bucerius Law School Hamburg (Priv. H);Funk Gruppe GmbH;;Kooperationspartner;;http://www.law-school.de/deutsch/die-hochschule/foerderung;
1060;Bucerius Law School Hamburg (Priv. H);GöRG;;Kooperationspartner;;http://www.law-school.de/deutsch/die-hochschule/foerderung;
1060;Bucerius Law School Hamburg (Priv. H);Graf von Westphalen;;Kooperationspartner;;http://www.law-school.de/deutsch/die-hochschule/foerderung;
1060;Bucerius Law School Hamburg (Priv. H);Hamburger Sparkasse AG;;Kooperationspartner;;http://www.law-school.de/deutsch/die-hochschule/foerderung;
1060;Bucerius Law School Hamburg (Priv. H);Hamburgische Notarkammer;;Kooperationspartner;;http://www.law-school.de/deutsch/die-hochschule/foerderung;
1060;Bucerius Law School Hamburg (Priv. H);Heuking Kühn Lüer Wojtek;;Kooperationspartner;;http://www.law-school.de/deutsch/die-hochschule/foerderung;
1060;Bucerius Law School Hamburg (Priv. H);Hunck, Rolf und Sigrid;;Kooperationspartner;;http://www.law-school.de/deutsch/die-hochschule/foerderung;
1060;Bucerius Law School Hamburg (Priv. H);Huth Dietrich Hahn;;Kooperationspartner;;http://www.law-school.de/deutsch/die-hochschule/foerderung;
1060;Bucerius Law School Hamburg (Priv. H);Jahr, Heike;;Kooperationspartner;;http://www.law-school.de/deutsch/die-hochschule/foerderung;
1060;Bucerius Law School Hamburg (Priv. H);Johanna und Fritz Buch Gedächtnisstiftung;;Kooperationspartner;;http://www.law-school.de/deutsch/die-hochschule/foerderung;
1060;Bucerius Law School Hamburg (Priv. H);Karl-Schlecht-Stiftung;;Kooperationspartner;;http://www.law-school.de/deutsch/die-hochschule/foerderung;
1060;Bucerius Law School Hamburg (Priv. H);Latham & Watkins LLP;;Kooperationspartner;;http://www.law-school.de/deutsch/die-hochschule/foerderung;
1060;Bucerius Law School Hamburg (Priv. H);Max Kade Foundation;;Kooperationspartner;;http://www.law-school.de/deutsch/die-hochschule/foerderung;
1060;Bucerius Law School Hamburg (Priv. H);Noerr-Gruppe;;Kooperationspartner;;http://www.law-school.de/deutsch/die-hochschule/foerderung;
1060;Bucerius Law School Hamburg (Priv. H);Nörenberg Schröder;;Kooperationspartner;;http://www.law-school.de/deutsch/die-hochschule/foerderung;
1060;Bucerius Law School Hamburg (Priv. H);Norton Rose Fulbright LLP;;Kooperationspartner;;http://www.law-school.de/deutsch/die-hochschule/foerderung;
1060;Bucerius Law School Hamburg (Priv. H);Reimer Rechtsanwälte;;Kooperationspartner;;http://www.law-school.de/deutsch/die-hochschule/foerderung;
1060;Bucerius Law School Hamburg (Priv. H);Ruge Krömer Rechtsanwälte;;Kooperationspartner;;http://www.law-school.de/deutsch/die-hochschule/foerderung;
1060;Bucerius Law School Hamburg (Priv. H);Schomerus & Partner;;Kooperationspartner;;http://www.law-school.de/deutsch/die-hochschule/foerderung;
1060;Bucerius Law School Hamburg (Priv. H);White & Case LLP ;;Kooperationspartner;;http://www.law-school.de/deutsch/die-hochschule/foerderung;
1060;Bucerius Law School Hamburg (Priv. H);Ashurst;;Kooperationspartner;;http://www.law-school.de/deutsch/die-hochschule/foerderung;
1060;Bucerius Law School Hamburg (Priv. H);gürtlerbachmann Werbung GmbH;;Kooperationspartner;;http://www.law-school.de/deutsch/die-hochschule/foerderung;
1060;Bucerius Law School Hamburg (Priv. H);Humanistische Stiftung;;Kooperationspartner;;http://www.law-school.de/deutsch/die-hochschule/foerderung;
1060;Bucerius Law School Hamburg (Priv. H);Lindenpartners;;Kooperationspartner;;http://www.law-school.de/deutsch/die-hochschule/foerderung;
1060;Bucerius Law School Hamburg (Priv. H);Otterbach Group;;Kooperationspartner;;http://www.law-school.de/deutsch/die-hochschule/foerderung;
1060;Bucerius Law School Hamburg (Priv. H);Otto M. Schröder Bank AG;;Kooperationspartner;;http://www.law-school.de/deutsch/die-hochschule/foerderung;
1060;Bucerius Law School Hamburg (Priv. H);Sparda-Bank Hamburg eG;;Kooperationspartner;;http://www.law-school.de/deutsch/die-hochschule/foerderung;
1060;Bucerius Law School Hamburg (Priv. H);von Saldern Gruppe;;Kooperationspartner;;http://www.law-school.de/deutsch/die-hochschule/foerderung;
1029;Universität Hamburg (Klinikum);;;;;;
690;Hafencity Universität Hamburg;Holcim AG;2000;Preis;;http://www.hcu-hamburg.de/universitaet/services-und-kontakt/downloads/?no_cache=1&cid=5157&did=6901&sechash=9042abe4;
1021;Universität Hamburg (ohne Klinikum);Max Hoffmann GmbH & Co. KG;;Investitionen;;;
1022;Staats- und Universitätsbibliothek Hamburg;;;;;;
1040;TU Hamburg-Harburg;;;;;;
800;Helmut-Schmidt-Universität Hamburg;;;;;;
2500;Hochschule für Musik und Theater Hamburg;;;;;;
2810;Hochschule für Bildende Künste Hamburg;;;;;;
880;EBC Euro Business College Hamburg (Priv. FH);;;;;;
890;ISS International Business School of Service Management Hamburg (Priv. FH);;;;;;
5220;HFH - Hamburger Fern-Hochschule;;;;;;
5260;Europäische Fernhochschule Hamburg;;;;;;
8070;AMD Akademie Mode und Design;;;;;;
8090;HSBA Hamburg School of Business Admin. (Priv. FH);;;;;;
5210;Hochschule für Angewandte Wissenschaften Hamburg;;;;;;
5230;Evang. Hochschule für Soziale Arbeit und Diakonie, Hamburg (FH);;;;;;
5240;Hochschule der Polizei, Hamburg (Verw-FH);;;;;;
7990;Norddeutsche Akademie für Finanzen und Steuerrecht Hamburg;;;;;;
1039;Universität Göttingen (Klinikum);BP;;Auftragsforschung zu Bürgerprotesten;;http://www.demokratie-goettingen.de/aktuelles/studie-burgerproteste-in-deutschland;https://www.lobbycontrol.de/2013/02/bp-lasst-burgerproteste-untersuchen-was-steckt-dahinter/
1739;Medizinische Hochschule Hannover;;;;;;
520;Universität Oldenburg;;;;;;
530;Universität Osnabrück;;;;;;
960;Universität Vechta;;;;;;
980;Universität Hildesheim;AWD;;Großzügige Spenden von Carsten Maschmeyer;;http://www.fr-online.de/politik/in--unwuerdig-und-unanstaendig-,1472596,8324674.html;http://www.uni-hildesheim.de/ueber-uns/organisation/presidium/presse/pressespiegel-regional/artikel/artikel/ehrendoktorw-3/
990;Leuphana Universität Lüneburg;;;;;;
1031;Universität Göttingen (ohne Klinikum);;;;;;
1430;TU Braunschweig;;;;;;
1440;TU Clausthal;;;;;;
1450;Universität Hannover;;;;;;
1740;Tierärztliche Hochschule Hannover;;;;;;
2530;Hochschule für Musik, Theater und Medien Hannover;;;;;;
2830;Hochschule für Bildende Künste Braunschweig;;;;;;
1780;Hochschule Weserbergland (HSW), Hameln (Priv. FH);;;;;;
5390;Priv. FH der Wirtschaft Hannover;;;;;;
5400;Priv. FH Göttingen;;;;;;
5410;Priv. FH für Wirtschaft und Technik Vechta/Diepholz/Oldenburg;;;;;;
5430;Hochschule für Künste im Sozialen Ottersberg;;;;;;
8140;Hochschule21, Buxtehude (Priv. FH);;;;;;
4980;Hochschule Wilhelmshaven/Oldenburg/Elsfleth (FH);;;;;;
4990;Hochschule Emden/Leer (FH);;;;;;
5310;Hochschule Ostfalia (Braunschweig/Wolfenbüttel) (FH);;;;;;
5330;Hochschule Hannover (FH);;;;;;
5380;Hochschule Hildesheim/Holzminden/Göttingen (FH);;;;;;
5500;Hochschule Osnabrück (FH);;;;;;
750;Hannover, Kommunale FH für Verwaltung in Niedersachsen (Priv. Verw-FH);;;;;;
740;Norddeutsche Hochschule für Rechtspflege, Hildesheim;;;;;;
660;Jacobs University Bremen (Priv. H);;;;;;
1050;Universität Bremen;;;;;;
2610;Hochschule für Künste Bremen;;;;;;
20;APOLLON Hochschule der Gesundheitswirtschaft;;;;;;
5660;Hochschule Bremerhaven;;;;;;
5680;Hochschule Bremen;;;;;;
5670;Hochschule füröffentliche Verwaltung Bremen;;;;;;
1491;Priv. wiss. Hochschule Witten-Herdecke (ohne Klinikum);;;;;;
89;Universität Duisburg-Essen (Klinikum);;;;;;
1089;Universität Bochum (Klinikum);;;;;;
1099;Universität Bonn (Klinikum);;;;;;
1109;Universität Düsseldorf (Klinikum);;;;;;
1119;Universität Köln (Klinikum);;;;;;
1129;Universität Münster (Klinikum);;;;;;
1481;RWTH Aachen (ohne Klinikum);Fahrzeugindustrie;;Finanzierung des Instituts für Kraftfahrzeuge ika;;http://www.zdf.de/ZDFmediathek/kanaluebersicht/aktuellste/460#/beitrag/video/1878292/Gekaufte-Wissenschaft, http://www.rwth-aachen.de/global/show_document.asp?id=aaaaaaaaaaahgfg&download=1;http://www.taz.de/!111472/
1481;RWTH Aachen (ohne Klinikum);AachenMünchener Versicherung AG;;Hörsaalsponsoring;;http://www.rwth-aachen.de/cms/root/Wirtschaft/Campusprojekt/~elf/RWTH_Aachen_Campus/;
1481;RWTH Aachen (ohne Klinikum);Generali;;Hörsaalsponsoring;;http://www.rwth-aachen.de/cms/root/Wirtschaft/Campusprojekt/~elf/RWTH_Aachen_Campus/;
1481;RWTH Aachen (ohne Klinikum);Ford;;Hörsaalsponsoring;;http://www.rwth-aachen.de/cms/root/Wirtschaft/Campusprojekt/~elf/RWTH_Aachen_Campus/;
1481;RWTH Aachen (ohne Klinikum);Aachener Kompetenzzentrum Medizintechnik AKM e.V.;;Förderer;;http://www.rwth-aachen.de/cms/root/Wirtschaft/Fundraising/~bamh/Partnerschaften_Foerdernde/, ;
1481;RWTH Aachen (ohne Klinikum);AachenMünchener Versicherung AG;;Förderer;;http://www.rwth-aachen.de/cms/root/Wirtschaft/Fundraising/~bamh/Partnerschaften_Foerdernde/, ;
1481;RWTH Aachen (ohne Klinikum);ABB;;Förderer;;http://www.rwth-aachen.de/cms/root/Wirtschaft/Fundraising/~bamh/Partnerschaften_Foerdernde/, ;
1481;RWTH Aachen (ohne Klinikum);aixigo AG;;Förderer;;http://www.rwth-aachen.de/cms/root/Wirtschaft/Fundraising/~bamh/Partnerschaften_Foerdernde/, ;
1481;RWTH Aachen (ohne Klinikum);Aker Wirth GmbH;;Förderer;;http://www.rwth-aachen.de/cms/root/Wirtschaft/Fundraising/~bamh/Partnerschaften_Foerdernde/, ;
1481;RWTH Aachen (ohne Klinikum);BET - Büro für Energiewirtschaft und technische Planung GmbH;;Förderer;;http://www.rwth-aachen.de/cms/root/Wirtschaft/Fundraising/~bamh/Partnerschaften_Foerdernde/, ;
1481;RWTH Aachen (ohne Klinikum);Bilfinger;;Förderer;;http://www.rwth-aachen.de/cms/root/Wirtschaft/Fundraising/~bamh/Partnerschaften_Foerdernde/, ;
1481;RWTH Aachen (ohne Klinikum);Brunel;;Förderer;;http://www.rwth-aachen.de/cms/root/Wirtschaft/Fundraising/~bamh/Partnerschaften_Foerdernde/, ;
1481;RWTH Aachen (ohne Klinikum);BWG Bergwerk- und Walzwerk-Maschinenbau GmbH;;Förderer;;http://www.rwth-aachen.de/cms/root/Wirtschaft/Fundraising/~bamh/Partnerschaften_Foerdernde/, ;
1481;RWTH Aachen (ohne Klinikum);car e.V.;;Förderer;;http://www.rwth-aachen.de/cms/root/Wirtschaft/Fundraising/~bamh/Partnerschaften_Foerdernde/, ;
1481;RWTH Aachen (ohne Klinikum);cdwuppermann innovation + strategy CDWIS;;Förderer;;http://www.rwth-aachen.de/cms/root/Wirtschaft/Fundraising/~bamh/Partnerschaften_Foerdernde/, ;
1481;RWTH Aachen (ohne Klinikum);CENTA Antriebe Kirschey GmbH;;Förderer;;http://www.rwth-aachen.de/cms/root/Wirtschaft/Fundraising/~bamh/Partnerschaften_Foerdernde/, ;
1481;RWTH Aachen (ohne Klinikum);COHAUSZ & FLORACK Patent- und Rechtsanwälte;;Förderer;;http://www.rwth-aachen.de/cms/root/Wirtschaft/Fundraising/~bamh/Partnerschaften_Foerdernde/, ;
1481;RWTH Aachen (ohne Klinikum);Cologne Chip AG;;Förderer;;http://www.rwth-aachen.de/cms/root/Wirtschaft/Fundraising/~bamh/Partnerschaften_Foerdernde/, ;
1481;RWTH Aachen (ohne Klinikum);Continental;;Förderer;;http://www.rwth-aachen.de/cms/root/Wirtschaft/Fundraising/~bamh/Partnerschaften_Foerdernde/, ;
1481;RWTH Aachen (ohne Klinikum);Currenta GmbH & Co. OHG;;Förderer;;http://www.rwth-aachen.de/cms/root/Wirtschaft/Fundraising/~bamh/Partnerschaften_Foerdernde/, ;
1481;RWTH Aachen (ohne Klinikum);DASGIP AG;;Förderer;;http://www.rwth-aachen.de/cms/root/Wirtschaft/Fundraising/~bamh/Partnerschaften_Foerdernde/, ;
1481;RWTH Aachen (ohne Klinikum);Derichs & Konertz GmbH & Co. KG;;Förderer;;http://www.rwth-aachen.de/cms/root/Wirtschaft/Fundraising/~bamh/Partnerschaften_Foerdernde/, ;
1481;RWTH Aachen (ohne Klinikum);Deutsche Post;;Förderer;;http://www.rwth-aachen.de/cms/root/Wirtschaft/Fundraising/~bamh/Partnerschaften_Foerdernde/, ;
1481;RWTH Aachen (ohne Klinikum);DEUTZ AG;;Förderer;;http://www.rwth-aachen.de/cms/root/Wirtschaft/Fundraising/~bamh/Partnerschaften_Foerdernde/, ;
1481;RWTH Aachen (ohne Klinikum);Diehl;;Förderer;;http://www.rwth-aachen.de/cms/root/Wirtschaft/Fundraising/~bamh/Partnerschaften_Foerdernde/, ;
1481;RWTH Aachen (ohne Klinikum);DSA - Daten- und Systemtechnik GmbH;;Förderer;;http://www.rwth-aachen.de/cms/root/Wirtschaft/Fundraising/~bamh/Partnerschaften_Foerdernde/, ;
1481;RWTH Aachen (ohne Klinikum);DTG GmbH Development & Technology;;Förderer;;http://www.rwth-aachen.de/cms/root/Wirtschaft/Fundraising/~bamh/Partnerschaften_Foerdernde/, ;
1481;RWTH Aachen (ohne Klinikum);E.ON;;Förderer;;http://www.rwth-aachen.de/cms/root/Wirtschaft/Fundraising/~bamh/Partnerschaften_Foerdernde/, ;
1481;RWTH Aachen (ohne Klinikum);ENEL;;Förderer;;http://www.rwth-aachen.de/cms/root/Wirtschaft/Fundraising/~bamh/Partnerschaften_Foerdernde/, ;
1481;RWTH Aachen (ohne Klinikum);Ericsson Eurolab Deutschland GmbH;;Förderer;;http://www.rwth-aachen.de/cms/root/Wirtschaft/Fundraising/~bamh/Partnerschaften_Foerdernde/, ;
1481;RWTH Aachen (ohne Klinikum);EUROPIPE GmbH;;Förderer;;http://www.rwth-aachen.de/cms/root/Wirtschaft/Fundraising/~bamh/Partnerschaften_Foerdernde/, ;
1481;RWTH Aachen (ohne Klinikum);Ford;;Förderer;Ford-Werke GmbH;http://www.rwth-aachen.de/cms/root/Wirtschaft/Fundraising/~bamh/Partnerschaften_Foerdernde/, ;
1481;RWTH Aachen (ohne Klinikum);Fresenius Medical Care;;Förderer;;http://www.rwth-aachen.de/cms/root/Wirtschaft/Fundraising/~bamh/Partnerschaften_Foerdernde/, ;
1481;RWTH Aachen (ohne Klinikum);Generali;;Förderer;;http://www.rwth-aachen.de/cms/root/Wirtschaft/Fundraising/~bamh/Partnerschaften_Foerdernde/, ;
1481;RWTH Aachen (ohne Klinikum);Giesel Verlag GmbH;;Förderer;;http://www.rwth-aachen.de/cms/root/Wirtschaft/Fundraising/~bamh/Partnerschaften_Foerdernde/, ;
1481;RWTH Aachen (ohne Klinikum);GKD - Gebr. Kufferath AG;;Förderer;;http://www.rwth-aachen.de/cms/root/Wirtschaft/Fundraising/~bamh/Partnerschaften_Foerdernde/, ;
1481;RWTH Aachen (ohne Klinikum);Grünenthal GmbH;;Förderer;;http://www.rwth-aachen.de/cms/root/Wirtschaft/Fundraising/~bamh/Partnerschaften_Foerdernde/, ;
1481;RWTH Aachen (ohne Klinikum);Gude Analog- und Digitalsysteme GmbH;;Förderer;;http://www.rwth-aachen.de/cms/root/Wirtschaft/Fundraising/~bamh/Partnerschaften_Foerdernde/, ;
1481;RWTH Aachen (ohne Klinikum);Haarmann Holding GmbH;;Förderer;;http://www.rwth-aachen.de/cms/root/Wirtschaft/Fundraising/~bamh/Partnerschaften_Foerdernde/, ;
1481;RWTH Aachen (ohne Klinikum);HüBNER GmbH;;Förderer;;http://www.rwth-aachen.de/cms/root/Wirtschaft/Fundraising/~bamh/Partnerschaften_Foerdernde/, ;
1481;RWTH Aachen (ohne Klinikum);Hydro Aluminium Rolled Products GmbH;;Förderer;;http://www.rwth-aachen.de/cms/root/Wirtschaft/Fundraising/~bamh/Partnerschaften_Foerdernde/, ;
1481;RWTH Aachen (ohne Klinikum);iDev GmbH;;Förderer;;http://www.rwth-aachen.de/cms/root/Wirtschaft/Fundraising/~bamh/Partnerschaften_Foerdernde/, ;
1481;RWTH Aachen (ohne Klinikum);IHK Aachen;;Förderer;;http://www.rwth-aachen.de/cms/root/Wirtschaft/Fundraising/~bamh/Partnerschaften_Foerdernde/, ;
1481;RWTH Aachen (ohne Klinikum);INFORM Institut für Operations Research und Management GmbH;;Förderer;;http://www.rwth-aachen.de/cms/root/Wirtschaft/Fundraising/~bamh/Partnerschaften_Foerdernde/, ;
1481;RWTH Aachen (ohne Klinikum);Infraserv;;Förderer;;http://www.rwth-aachen.de/cms/root/Wirtschaft/Fundraising/~bamh/Partnerschaften_Foerdernde/, ;
1481;RWTH Aachen (ohne Klinikum);Institut für Bildsame Formgebung an der RWTH Aachen;;Förderer;;http://www.rwth-aachen.de/cms/root/Wirtschaft/Fundraising/~bamh/Partnerschaften_Foerdernde/, ;
1481;RWTH Aachen (ohne Klinikum);Jabitherm Rohrsysteme AG;;Förderer;;http://www.rwth-aachen.de/cms/root/Wirtschaft/Fundraising/~bamh/Partnerschaften_Foerdernde/, ;
1481;RWTH Aachen (ohne Klinikum);LANCOM Systems GmbH;;Förderer;;http://www.rwth-aachen.de/cms/root/Wirtschaft/Fundraising/~bamh/Partnerschaften_Foerdernde/, ;
1481;RWTH Aachen (ohne Klinikum);Liebherr-Holding;;Förderer;Liebherr-Verzahntechnik GmbH;http://www.rwth-aachen.de/cms/root/Wirtschaft/Fundraising/~bamh/Partnerschaften_Foerdernde/, ;
1481;RWTH Aachen (ohne Klinikum);LIMO Lissotschenko Mikrooptik GmbH;;Förderer;;http://www.rwth-aachen.de/cms/root/Wirtschaft/Fundraising/~bamh/Partnerschaften_Foerdernde/, ;
1481;RWTH Aachen (ohne Klinikum);Lions Club Hilfswerk Euregio Maas-Rhein e.V.;;Förderer;;http://www.rwth-aachen.de/cms/root/Wirtschaft/Fundraising/~bamh/Partnerschaften_Foerdernde/, ;
1481;RWTH Aachen (ohne Klinikum);Mahle GmbH;;Förderer;;http://www.rwth-aachen.de/cms/root/Wirtschaft/Fundraising/~bamh/Partnerschaften_Foerdernde/, ;
1481;RWTH Aachen (ohne Klinikum);MAN SE;;Förderer;;http://www.rwth-aachen.de/cms/root/Wirtschaft/Fundraising/~bamh/Partnerschaften_Foerdernde/, ;
1481;RWTH Aachen (ohne Klinikum);McKinsey & Company, Inc.;;Förderer;;http://www.rwth-aachen.de/cms/root/Wirtschaft/Fundraising/~bamh/Partnerschaften_Foerdernde/, ;
1481;RWTH Aachen (ohne Klinikum);mecca neue medien GmbH & Co. KG;;Förderer;;http://www.rwth-aachen.de/cms/root/Wirtschaft/Fundraising/~bamh/Partnerschaften_Foerdernde/, ;
1481;RWTH Aachen (ohne Klinikum);Miele & Cie. KG;;Förderer;;http://www.rwth-aachen.de/cms/root/Wirtschaft/Fundraising/~bamh/Partnerschaften_Foerdernde/, ;
1481;RWTH Aachen (ohne Klinikum);Muhr und Bender KG;;Förderer;;http://www.rwth-aachen.de/cms/root/Wirtschaft/Fundraising/~bamh/Partnerschaften_Foerdernde/, ;
1481;RWTH Aachen (ohne Klinikum);nesseler-grünzig-bau gmbh;;Förderer;;http://www.rwth-aachen.de/cms/root/Wirtschaft/Fundraising/~bamh/Partnerschaften_Foerdernde/, ;
1481;RWTH Aachen (ohne Klinikum);Oerlikon;;Förderer;;http://www.rwth-aachen.de/cms/root/Wirtschaft/Fundraising/~bamh/Partnerschaften_Foerdernde/, ;
1481;RWTH Aachen (ohne Klinikum);Oskar Frech GmbH + Co. KG;;Förderer;;http://www.rwth-aachen.de/cms/root/Wirtschaft/Fundraising/~bamh/Partnerschaften_Foerdernde/, ;
1481;RWTH Aachen (ohne Klinikum);Peltzer Werke - Form & Präzision in Metall GmbH;;Förderer;;http://www.rwth-aachen.de/cms/root/Wirtschaft/Fundraising/~bamh/Partnerschaften_Foerdernde/, ;
1481;RWTH Aachen (ohne Klinikum);Philips;;Förderer;;http://www.rwth-aachen.de/cms/root/Wirtschaft/Fundraising/~bamh/Partnerschaften_Foerdernde/, ;
1481;RWTH Aachen (ohne Klinikum);Procter & Gamble Manufacturing GmbH;;Förderer;;http://www.rwth-aachen.de/cms/root/Wirtschaft/Fundraising/~bamh/Partnerschaften_Foerdernde/, ;
1481;RWTH Aachen (ohne Klinikum);PVS - Privatärztliche VerrechnungsStelle Rhein-Ruhr GmbH;;Förderer;;http://www.rwth-aachen.de/cms/root/Wirtschaft/Fundraising/~bamh/Partnerschaften_Foerdernde/, ;
1481;RWTH Aachen (ohne Klinikum);Railistics GmbH;;Förderer;;http://www.rwth-aachen.de/cms/root/Wirtschaft/Fundraising/~bamh/Partnerschaften_Foerdernde/, ;
1481;RWTH Aachen (ohne Klinikum);Regina e.V.;;Förderer;;http://www.rwth-aachen.de/cms/root/Wirtschaft/Fundraising/~bamh/Partnerschaften_Foerdernde/, ;
1481;RWTH Aachen (ohne Klinikum);Rhein-Kreis Neuss Kulturzentrum Rommerskirchen-Sinsteden;;Förderer;;http://www.rwth-aachen.de/cms/root/Wirtschaft/Fundraising/~bamh/Partnerschaften_Foerdernde/, ;
1481;RWTH Aachen (ohne Klinikum);RWE;;Förderer;;http://www.rwth-aachen.de/cms/root/Wirtschaft/Fundraising/~bamh/Partnerschaften_Foerdernde/, ;
1481;RWTH Aachen (ohne Klinikum);Saint Gobain;;Förderer;;http://www.rwth-aachen.de/cms/root/Wirtschaft/Fundraising/~bamh/Partnerschaften_Foerdernde/, ;
1481;RWTH Aachen (ohne Klinikum);Schwermetall Halbzeugwerk GmbH & Co. KG;;Förderer;;http://www.rwth-aachen.de/cms/root/Wirtschaft/Fundraising/~bamh/Partnerschaften_Foerdernde/, ;
1481;RWTH Aachen (ohne Klinikum);Siemens;;Förderer;Siemens AG Industry Sector;http://www.rwth-aachen.de/cms/root/Wirtschaft/Fundraising/~bamh/Partnerschaften_Foerdernde/, ;
1481;RWTH Aachen (ohne Klinikum);Solitem Group;;Förderer;;http://www.rwth-aachen.de/cms/root/Wirtschaft/Fundraising/~bamh/Partnerschaften_Foerdernde/, ;
1481;RWTH Aachen (ohne Klinikum);Sparkasse Aachen;;Förderer;;http://www.rwth-aachen.de/cms/root/Wirtschaft/Fundraising/~bamh/Partnerschaften_Foerdernde/, ;
1481;RWTH Aachen (ohne Klinikum);Springer Science + Business Media Deutschland GmbH;;Förderer;;http://www.rwth-aachen.de/cms/root/Wirtschaft/Fundraising/~bamh/Partnerschaften_Foerdernde/, ;
1481;RWTH Aachen (ohne Klinikum);STAWAG - Stadtwerke Aachen AG;;Förderer;;http://www.rwth-aachen.de/cms/root/Wirtschaft/Fundraising/~bamh/Partnerschaften_Foerdernde/, ;
1481;RWTH Aachen (ohne Klinikum);Textilverband Nordwest;;Förderer;;http://www.rwth-aachen.de/cms/root/Wirtschaft/Fundraising/~bamh/Partnerschaften_Foerdernde/, ;
1481;RWTH Aachen (ohne Klinikum);The MathWorks GmbH;;Förderer;;http://www.rwth-aachen.de/cms/root/Wirtschaft/Fundraising/~bamh/Partnerschaften_Foerdernde/, ;
1481;RWTH Aachen (ohne Klinikum);ThyssenKrupp;;Förderer;;http://www.rwth-aachen.de/cms/root/Wirtschaft/Fundraising/~bamh/Partnerschaften_Foerdernde/, ;
1481;RWTH Aachen (ohne Klinikum);VDMA - Verband Deutscher Maschinen- und  Anlagenbau e.V.;;Förderer;;http://www.rwth-aachen.de/cms/root/Wirtschaft/Fundraising/~bamh/Partnerschaften_Foerdernde/, ;
1481;RWTH Aachen (ohne Klinikum);Walbert-Schmitz GmbH & Co. KG;;Förderer;;http://www.rwth-aachen.de/cms/root/Wirtschaft/Fundraising/~bamh/Partnerschaften_Foerdernde/, ;
1481;RWTH Aachen (ohne Klinikum);WBI PROFESSOR DR.-ING. W. WITTKE Beratende Ingenieure für GRUNDBAU UND FELSBAU GmbH;;Förderer;;http://www.rwth-aachen.de/cms/root/Wirtschaft/Fundraising/~bamh/Partnerschaften_Foerdernde/, ;
1481;RWTH Aachen (ohne Klinikum);Weber GmbH & Co. KG Kunststofftechnik + Formenbau;;Förderer;;http://www.rwth-aachen.de/cms/root/Wirtschaft/Fundraising/~bamh/Partnerschaften_Foerdernde/, ;
1481;RWTH Aachen (ohne Klinikum);Wintershall Holding AG;;Förderer;;http://www.rwth-aachen.de/cms/root/Wirtschaft/Fundraising/~bamh/Partnerschaften_Foerdernde/, ;
1481;RWTH Aachen (Klinikum);WTI Wissenschaftlich-Technische Ingenieurberatung GmbH;;Förderer;;http://www.rwth-aachen.de/cms/root/Wirtschaft/Fundraising/~bamh/Partnerschaften_Foerdernde/, ;
81;Universität Duisburg-Essen (ohne Klinikum);;;;;;
121;Universität Paderborn;;;;;;
130;Universität Siegen;;;;;;
140;Universität Wuppertal;;;;;;
150;Fernuniversität Hagen;;;;;;
910;Deutsche Hochschule der Polizei, Münster;;;;;;
1081;Ruhr-Universität Bochum (ohne Klinikum);;;;;;
1091;Universität Bonn (ohne Klinikum);;;;;;
1101;Universität Düsseldorf (ohne Klinikum);Provinzial AG;;Provinzial-Stipendien;;http://www.uni-duesseldorf.de/home/studium-und-lehre-an-der-hhu/studium/stipendien/stipendienkompass-fachbezogene-stipendien.html;
1111;Universität zu Köln (ohne Klinikum);Bayer;;nicht offengelegter Forschungsvertrag;Bayer AG;http://www.zeit.de/studium/hochschule/2012-01/uni-koeln-bayer/komplettansicht;http://www.cbgnetwork.org/2730.html
1111;Universität zu Köln (ohne Klinikum);netspar;;Prof. Dr. Alexander Ludwig ist dort Fellow;;;
1121;WWU Westfälische Wilhems-Universität Münster (ohne Klinikum);Santander Bank;;20 Stipendien, Finanzierung;;http://www.uni-muenster.de/Rektorat/exec/upm.php?rubrik=Alle&neu=0&monat=201301&nummer=16418;
1121;WWU Westfälische Wilhems-Universität Münster (ohne Klinikum);WestLB;;Schuldschein;;https://www.hochschulwatch.de/wiki/Datei:Wwu-finanzen.pdf;
1121;WWU Westfälische Wilhems-Universität Münster (ohne Klinikum);Commerzbank;;Termingeld;;https://www.hochschulwatch.de/wiki/Datei:Wwu-finanzen.pdf;
1121;WWU Westfälische Wilhems-Universität Münster (ohne Klinikum);HypoVereinsbank;;Tagesgeld;;https://www.hochschulwatch.de/wiki/Datei:Wwu-finanzen.pdf;
1121;WWU Westfälische Wilhems-Universität Münster (ohne Klinikum);Postbank;;Tagesgeld;;https://www.hochschulwatch.de/wiki/Datei:Wwu-finanzen.pdf;
1121;WWU Westfälische Wilhems-Universität Münster (ohne Klinikum);wwu.weiterbildung gemeinnützige GmbH;;Beteiligung;;https://www.hochschulwatch.de/wiki/Datei:Wwu-finanzen.pdf;
1121;WWU Westfälische Wilhems-Universität Münster (ohne Klinikum);JCB Institut für Chemo- und Biosensorik GmbH;;Beteiligung;;https://www.hochschulwatch.de/wiki/Datei:Wwu-finanzen.pdf;
1121;WWU Westfälische Wilhems-Universität Münster (ohne Klinikum);European Research Services GmbH;;Beteiligung;;https://www.hochschulwatch.de/wiki/Datei:Wwu-finanzen.pdf;
1121;WWU Westfälische Wilhems-Universität Münster (ohne Klinikum);52' North Initiative for Geospatial Open Source Softw. GmbH;;Beteiligung;;https://www.hochschulwatch.de/wiki/Datei:Wwu-finanzen.pdf;
1121;WWU Westfälische Wilhems-Universität Münster (ohne Klinikum);Institut für vergleichende Städtegeschichte IStG gGmbH;;Beteiligung;;https://www.hochschulwatch.de/wiki/Datei:Wwu-finanzen.pdf;
1121;WWU Westfälische Wilhems-Universität Münster (ohne Klinikum);PROvendis GmbH;;Beteiligung;;https://www.hochschulwatch.de/wiki/Datei:Wwu-finanzen.pdf;
1121;WWU Westfälische Wilhems-Universität Münster (ohne Klinikum);Akademie für Manuelle Medizin GmbH an der WWU;;Beteiligung;;https://www.hochschulwatch.de/wiki/Datei:Wwu-finanzen.pdf;
1121;WWU Westfälische Wilhems-Universität Münster (ohne Klinikum);CeNTech GmbH, Center for NanoTechnology;;Beteiligung;;https://www.hochschulwatch.de/wiki/Datei:Wwu-finanzen.pdf;
1121;WWU Westfälische Wilhems-Universität Münster (ohne Klinikum);proPlant GmbH Gesell. f. Agrar- und Umweltinformatik mbH;;Beteiligung;;https://www.hochschulwatch.de/wiki/Datei:Wwu-finanzen.pdf;
1121;WWU Westfälische Wilhems-Universität Münster (ohne Klinikum);Technologieförderung Münster GmbH;;Beteiligung;;https://www.hochschulwatch.de/wiki/Datei:Wwu-finanzen.pdf;
1121;WWU Westfälische Wilhems-Universität Münster (ohne Klinikum);IPP Milnster GmbH;;Beteiligung;;https://www.hochschulwatch.de/wiki/Datei:Wwu-finanzen.pdf;
1121;WWU Westfälische Wilhems-Universität Münster (ohne Klinikum);Deutsche Bank;;Verwaltung der Schiffer-Stiftung;;https://www.hochschulwatch.de/wiki/Datei:Wwu-finanzen.pdf;
1121;WWU Westfälische Wilhems-Universität Münster (ohne Klinikum);Deutsche Bank;;Verwaltung des Schneider-Sasakawa-Funds;;https://www.hochschulwatch.de/wiki/Datei:Wwu-finanzen.pdf;
1130;Technische Universität Dortmund;;;;;;
1140;Universität Bielefeld;;;;;;
1150;Deutsche Sporthochschule Köln;;;;;;
1489;RWTH Aachen (Klinikum);;;;;;
1499;Priv. wiss. Hochschule Witten-Herdecke (Klinikum);;;;;;
710;Hochschule für Kirchenmusik der evang. Kirche von Westfalen, Herford;;;;;;
2030;Theol. Fakultät Paderborn (rk);;;;;;
2060;Philosophisch-Theologische Hochschule SVD St. Augustin;;;;;;
2080;Phil.-Theol. Hochschule Münster (rk);;;;;;
2270;Kirchliche Hochschule Wuppertal / Bethel (ev);;;;;;
2430;Alanus Hochschule Alfter (Priv. H);;;;;;
2560;Hochschule für Musik Detmold;;;;;;
2570;Folkwang-Hochschule Essen;;;;;;
2580;Hochschule für Musik und Tanz Köln;;;;;;
2860;Kunstakademie Düsseldorf;;;;;;
2870;Robert-Schumann-Hochschule Düsseldorf;;;;;;
2880;Kunsthochschule für Medien Köln;;;;;;
2890;Kunstakademie Münster;;;;;;
930;EBZ Business School;;;;;;
1500;Hochschule der Sparkassen-Finanzgruppe Bonn (Priv. FH);;;;;;
1640;Hochschule Neuss für Internationale Wirtschaft (Priv. FH);;;;;;
1650;Mathias Hochschule Rheine;;;;;;
1660;EBC Düsseldorf HS für Int. Management (Priv. FH);;;;;;
1680;Cologne Business School;;;;;;
5690;Priv. FH International School of Management, Dortmund;;;;;;
5720;Intern. FH (IFH) Bad Honnef-Bonn (Priv. FH);;;;;;
5800;Business and Information Technology School Iserlohn (Priv. FH);abiQ;;Vollstipendien;;;
5800;Business and Information Technology School Iserlohn (Priv. FH);absolut karriere;;Vollstipendien;;;
5820;FH des Mittelstandes Bielefeld (Priv. FH);;;;;;
5900;Fachhochschule der Wirtschaft Paderborn;;;;;;
5980;Technische FH (TFH) Georg Agricola zu Bochum (Priv. FH);;;;;;
5990;Priv. Rheinische FH Köln;;;;;;
6410;Europäische FH (EUFH) Rhein/Erft, Brühl (Priv. FH);;;;;;
8100;Priv. FH für Ökonomie und Management Essen;;;;;;
3050;FH Westliches Ruhrgebiet;;;;;;
3060;Hochschule Rhein-Waal;;;;;;
3070;Hochschule Hamm-Lippstadt;;;;;;
5250;FH Südwestfalen;;;;;;
5700;Westfälische Hochschule Gelsenkirchen Bocholt Recklinghausen;;;;;;
5710;FH Aachen;;;;;;
5730;FH Bielefeld;;;;;;
5750;Hochschule Bochum;;;;;;
5770;FH Dortmund;;;;;;
5780;FH Düsseldorf;;;;;;
5830;FH Köln;;;;;;
5840;Hochschule Niederrhein;;;;;;
5860;Hochschule Ostwestfalen-Lippe;;;;;;
5890;FH Münster;;;;;;
8110;FH Bonn-Rhein-Sieg;;;;;;
40;FH der Diakonie Bielefeld-Bethel;;;;;;
6000;Evang. FH Rheinland-Westfalen-Lippe, Bochum;;;;;;
6030;Kath. Hochschule Nordrhein-Westfalen;;;;;;
6070;FH füröffentliche Verwaltung NW;;;;;;
6180;FH für Rechtspflege NW, Bad Münstereifel;;;;;;
6190;FH für Finanzen NW, Nordkirchen;;;;;;
6206;FH Bund, FB Allgemeine innere Verwaltung, Brühl;;;;;;
6208;FH Bund, FB Finanzen, Münster;;;;;;
1540;Priv. wiss. Hochschule Oestrich-Winkel (E.B.S.);;;;;;
6370;Frankfurt School of Finance and Management;;;;;;
1169;Universität Frankfurt a.M. (Klinikum);;;;;;
10;Universität Kassel;;;;;;
1161;Universität Frankfurt a.M. (ohne Klinikum);Commerzbank;1000000;Förderer (mindestens 1.000.000 Euro), Mitglied im Stiftungskuratorium;;http://www.uni-frankfurt.de/51849455/2014;
1161;Universität Frankfurt a.M. (ohne Klinikum);DVAG Deutsche Vermögensberatung;1000000;Förderer (mindestens 1.000.000 Euro), Mitglied im Stiftungskuratorium;;http://www.uni-frankfurt.de/51849455/2014;
1161;Universität Frankfurt a.M. (ohne Klinikum);Gesamtverband der Deutschen Versicherungswirtschaft e. V.;1000000;Förderer (mindestens 1.000.000 Euro), Mitglied im Stiftungskuratorium;;http://www.uni-frankfurt.de/51849455/2014;
1161;Universität Frankfurt a.M. (ohne Klinikum);Deutsche Bank;1000000;Förderer (mindestens 1.000.000 Euro), Mitglied im Stiftungskuratorium;;http://www.uni-frankfurt.de/51849455/2014;
1161;Universität Frankfurt a.M. (ohne Klinikum);Josef-Buchmann-Stiftung;1000000;Förderer (mindestens 1.000.000 Euro), Mitglied im Stiftungskuratorium;;http://www.uni-frankfurt.de/51849455/2014;
1161;Universität Frankfurt a.M. (ohne Klinikum);Carlo und Karin Giersch-Stiftung;1000000;Förderer (mindestens 1.000.000 Euro), Mitglied im Stiftungskuratorium;;http://www.uni-frankfurt.de/51849455/2014;
1161;Universität Frankfurt a.M. (ohne Klinikum);Adolf Messer Stiftung;1000000;Förderer (mindestens 1.000.000 Euro), Mitglied im Stiftungskuratorium;;http://www.uni-frankfurt.de/51849455/2014;
1161;Universität Frankfurt a.M. (ohne Klinikum);UBS Deutschland AG;1000000;Förderer (mindestens 1.000.000 Euro), Mitglied im Stiftungskuratorium;;http://www.uni-frankfurt.de/51849455/2014;
1161;Universität Frankfurt a.M. (ohne Klinikum);Deufol SE;1000000;Förderer (mindestens 1.000.000 Euro), Mitglied im Stiftungskuratorium;;http://www.uni-frankfurt.de/51849455/2014;
1161;Universität Frankfurt a.M. (ohne Klinikum);Polytechnische Gesellschaft Frankfurt am Main;1000000;Förderer (mindestens 1.000.000 Euro), Mitglied im Stiftungskuratorium;;http://www.uni-frankfurt.de/51849455/2014;
1161;Universität Frankfurt a.M. (ohne Klinikum);Werner Reimers Stiftung;1000000;Förderer (mindestens 1.000.000 Euro), Mitglied im Stiftungskuratorium;;http://www.uni-frankfurt.de/51849455/2014;
1161;Universität Frankfurt a.M. (ohne Klinikum);DZ Bank;1000000;Förderer (mindestens 1.000.000 Euro), Mitglied im Stiftungskuratorium;;http://www.uni-frankfurt.de/51849455/2014;
1161;Universität Frankfurt a.M. (ohne Klinikum);Bankhaus Metzler seel. Sohn & Co. KGaA;1000000;Förderer (mindestens 1.000.000 Euro), Mitglied im Stiftungskuratorium;;http://www.uni-frankfurt.de/51849455/2014;
1161;Universität Frankfurt a.M. (ohne Klinikum);Messe Frankfurt;1000000;Förderer (mindestens 1.000.000 Euro), Mitglied im Stiftungskuratorium;;http://www.uni-frankfurt.de/51849455/2014;
1161;Universität Frankfurt a.M. (ohne Klinikum);Roche;1000000;Förderer (mindestens 1.000.000 Euro), Mitglied im Stiftungskuratorium;;http://www.uni-frankfurt.de/51849455/2014;
1161;Universität Frankfurt a.M. (ohne Klinikum);Johanna Quandt;1000000;Förderer (mindestens 1.000.000 Euro), Mitglied im Stiftungskuratorium;;http://www.uni-frankfurt.de/51849455/2014;
1161;Universität Frankfurt a.M. (ohne Klinikum);Merck Group;1000000;Förderer (mindestens 1.000.000 Euro), Mitglied im Stiftungskuratorium;;http://www.uni-frankfurt.de/51849455/2014;
1161;Universität Frankfurt a.M. (ohne Klinikum);Stiftung Geld und Währung;1000000;Förderer (mindestens 1.000.000 Euro), Mitglied im Stiftungskuratorium;;http://www.uni-frankfurt.de/51849455/2014;
1161;Universität Frankfurt a.M. (ohne Klinikum);Bundesverband Investment- und Asset Management;1000000;Förderer (mindestens 1.000.000 Euro), Mitglied im Stiftungskuratorium;;http://www.uni-frankfurt.de/51849455/2014;
1161;Universität Frankfurt a.M. (ohne Klinikum);Rhein-Main-Verkehrsverbund GMBH;1000000;Förderer (mindestens 1.000.000 Euro), Mitglied im Stiftungskuratorium;;http://www.uni-frankfurt.de/51849455/2014;
1161;Universität Frankfurt a.M. (ohne Klinikum);DekaBank;1000000;Förderer (mindestens 1.000.000 Euro), Mitglied im Stiftungskuratorium;;http://www.uni-frankfurt.de/51849455/2014;
1161;Universität Frankfurt a.M. (ohne Klinikum);Alfons und Gertrud Kassel-Stiftung;1000000;Förderer (mindestens 1.000.000 Euro), Mitglied im Stiftungskuratorium;;http://www.uni-frankfurt.de/51849455/2014;
1161;Universität Frankfurt a.M. (ohne Klinikum);Dr. Senckenbergische Stiftung;1000000;Förderer (mindestens 1.000.000 Euro), Mitglied im Stiftungskuratorium;;http://www.uni-frankfurt.de/51849455/2014;
1161;Universität Frankfurt a.M. (ohne Klinikum);Else Kröner-Fresenius-Stiftung;1000000;Förderer (mindestens 1.000.000 Euro), Mitglied im Stiftungskuratorium;;http://www.uni-frankfurt.de/51849455/2014;
1161;Universität Frankfurt a.M. (ohne Klinikum);Hertie-Stiftung;1000000;Förderer (mindestens 1.000.000 Euro), Mitglied im Stiftungskuratorium;;http://www.uni-frankfurt.de/51849455/2014;
1161;Universität Frankfurt a.M. (ohne Klinikum);Volkswagen-Stiftung;1000000;Förderer (mindestens 1.000.000 Euro), Mitglied im Stiftungskuratorium;;http://www.uni-frankfurt.de/51849455/2014;
1171;Universität Gießen;;;;;;
1181;Universität Marburg;;;;;;
1530;TU Darmstadt;Continental;;Gemeinsame Forschungsprojekte seit den 80ern;;http://www.proreta.tu-darmstadt.de/proreta_1/startseite_proreta/index.de.jsp ;
1530;TU Darmstadt;Intel GmbH;;Gemeinsames Institut;;http://www.icri-sc.tu-darmstadt.de/icri-sc/institute/;
1530;TU Darmstadt;SAP;;Gemeinsame Gründung Global Research and Business Incubation Darmstadt;;https://www.informatik.tu-darmstadt.de/de/forschung/industrie-kooperationen/;
1378;Universitätsklinikum Gießen und Marburg, Abt. Gießen;;;;;;
1379;Universitätsklinikum Gießen und Marburg, Abt. Marburg;;;;;;
940;Freie Theologische Hochschule (FTH) Gießen (Priv.);;;;;;
1550;Evangelische Hochschule Tabor Marburg;;;;;;
2000;Theol. Fakultät Fulda (rk);;;;;;
2020;Phil.-Theol. Hochschule Frankfurt a.M. (rk);;;;;;
2320;Luth.-Theol. Hochschule Oberursel (ev);;;;;;
2620;Hochschule für Musik und Darstellende Kunst Frankfurt a.M.;;;;;;
2900;Hochschule für Bildende Künste Frankfurt a.M. (Städelschule);;;;;;
2920;Hochschule für Gestaltung Offenbach;;;;;;
1510;CVJM-Hochschule;;;;;;
6280;Hochschule Fresenius Idstein (Priv. FH);;;;;;
6360;Priv. FH des Bundesverbandes der Unfallvers., Bad Hersfeld;;;;;;
6390;Wilhelm Büchner Hochschule;;;;;;
6400;DIPLOMA Fachhochschule Nordhessen;;;;;;
6690;provadis International School of Management and Technology;;;;;;
7670;accadis Hochschule Bad Homburg;Frankfurter Neuen Presse;25000;Stipendium;;;
6210;h_da - Hochschule Darmstadt (FH);Software AG;260000;Kooperation, Softwarelizenzen in diesem Wert;;https://www.sit.fraunhofer.de/de/news/aktuelles/presse/details/news-article/think-tank-zur-it-sicherheit/;
6220;FH Frankfurt a.M.;;;;;;
6230;Technische Hochschule Mittelhessen, FH (THM);;;;;;
6240;Hochschule RheinMain (FH);ALDI;;Hörsaalsponsoring;;http://www.faz.net/aktuell/rhein-main/frankfurt/hochschule-und-jetzt-die-werbung-1489336.html?printPagedArticle=true;
6290;Hochschule Fulda;;;;;;
6270;Evangelische Hochschule Darmstadt (EHD);;;;;;
6320;FH für Archivwesen Marburg;;;;;;
6330;VerwFH Rotenburg;;;;;;
6340;VerwFH Wiesbaden;;;;;;
1190;WHU - Otto Beisheim School of Management;;;;;;
1390;Universitätsmedizin der Johannes Gutenberg-Universität Mainz;;;;;;
1200;Universität Trier;;;;;;
1210;TU Kaiserslautern;;;;;;
1223;Universität Mainz;Deutsche Post;180000;Deutsche Post DHL: ''Flexible Bezirksschneidung'' (2014 - 2016) - Mainzer Wirtschaftswissenschaften;;http://wiwi.uni-mainz.de/926_DEU_HTML.php;
1223;Universität Mainz;Jacobs;490000;Jacobs-Foundation: ''KIDS-WIN: Enhancing cognitive and motivational skills in children: An intervention study with primary school children'' (2012 - 2014) - Mainzer Wirtschaftswissenschaften;;http://wiwi.uni-mainz.de/926_DEU_HTML.php;
1223;Universität Mainz;Mann + Hummel GmbH;;MANN+HUMMEL GmbH: Theorie trifft Praxis mit MANN+HUMMEL (2011) - Mainzer Wirtschaftswissenschaften;;http://wiwi.uni-mainz.de/926_DEU_HTML.php;
1223;Universität Mainz;KPMG;;KPMG: Accounting and Taxation in Kooperation mit KPMG (2011 - 2013) - Mainzer Wirtschaftswissenschaften;;http://wiwi.uni-mainz.de/926_DEU_HTML.php;
1230;Hochschule für Verwaltungswissenschaften Speyer;;;;;;
1290;Universität Koblenz-Landau;;;;;;
2040;Theol. Fakultät Trier;;;;;;
2050;Theol. H Vallendar;;;;;;
6510;FH Bingen;;;;;;
6520;FH Kaiserslautern;;;;;;
6530;FH Koblenz;;;;;;
6580;Hochschule Trier;;;;;;
6650;Hochschule Ludwigshafen am Rhein;;;;;;
6660;FH Worms;;;;;;
6670;FH Mainz;;;;;;
6600;Kath. FH Mainz;;;;;;
6630;FH füröffentliche Verwaltung, FB Innere Verwaltung in Mayen;;;;;;
6640;FH für Finanzen Edenkoben;;;;;;
6620;Hochschule der Deutschen Bundesbank;;;;;;
1280;Priv. wiss. Hochschule Bierbronnen;;;;;;
1410;AKAD, Wissenschaftliche Hochschule Lahr (Priv. Fern-H für Berufstätige);;;;;;
1460;Zeppelin Universität (ZU);;;;;;
1830;Priv. wiss. Hochschule Stuttgart, Seminar für Waldorfpädagogik;;;;;;
1249;Universität Freiburg i.Br. (Klinikum);;;;;;
1252;Universität Heidelberg - Medizinische Fakultät Mannheim;;;;;;
1256;Universität Heidelberg (Klinikum);;;;;;
1279;Universität Tübingen (Klinikum);;;;;;
1829;Universität Ulm (Klinikum);;;;;;
1241;Universität Freiburg i.Br. (ohne Klinikum);;;;;;
1251;Universität Heidelberg (ohne Klinikum);;;;;;
1260;Universität Konstanz;Airbus Group;;Kooperation, Stiftung Forschungspreis;http://cms.uni-konstanz.de/zivilklausel/pressespiegel/;;
1271;Universität Tübingen (ohne Klinikum);CMS Hasche Sigle;;Spende Zivilrecht-Hörsaal;http://www.jura.uni-tuebingen.de/fakultaet/nachrichten/grossspende-ermoeglicht-modernisierung-im-juristischen-seminar?searchterm=lesesaal;;
1580;Karlsruher Institut für Technologie (KIT) - Bereich Hochschule;Daimler;;Förderung Nachwuchswissenschaftler;https://www.dradio.de/dlf/sendungen/campus/1496758/;;
1580;Karlsruher Institut für Technologie (KIT) - Bereich Hochschule;Altana AG;;Kooperation;http://www.altana.com/innovation/open-innovation-at-altana-ag/networks.html;;
1590;Universität Stuttgart;;;;;;
1800;Universität Hohenheim;Südwestmetall;5000;Preis;tp://www.bwl.uni-mannheim.de/de/allgemeines/dekanat/p;;
1800;Universität Hohenheim;Südwestbank;7500;Preis;http://www.handelsblatt.com/politik/oekonomie/nachrichten/sponsoring-hoersaele-werden-zu-werbeflaechen/2807452.html;;
1810;Universität Mannheim;Frankfurter Allgemeine Zeitung;;FAZ-Lounge;tner_des_dekanats/, http://www.uni-mannheim.de/forum/schwerpunkt/ausgabe_1_2010_stifter_und_maezene/stiftungsprofessuren/, http://www.service;;
1810;Universität Mannheim;PricewaterhouseCoopers;300000;Hörsaalsponsoring;http://www.handelsblatt.com/politik/oekonomie/nachrichten/sponsoring-hoersaele-werden-zu-werbeflaechen/2807452.html, http://www.bwl.uni-mannheim.de/de/allgemeines/dekanat/partner_des_dekanats/, http://www.uni-mannheim.de/forum/schwerpunkt/ausgabe_1_2010_stifter_und_maezene/stiftungsprofessuren/, http://www.service.uni-mannheim.de/de/campus_service/, http://hochschulanzeiger.faz.net/magazin/neue-f-a-z-lounge-an-der-universitaet-mannheim-eroeffnung-mit-grosser-poetry-slam-show-11371303.html;;
1821;Universität Ulm (ohne Klinikum);;;;;;
2300;Hochschule für jüdische Studien Heidelberg;;;;;;
3660;PH Freiburg i.Br.;;;;;;
3670;PH Heidelberg;;;;;;
3680;PH Karlsruhe;;;;;;
3700;PH Schwäbisch Gmünd;;;;;;
3710;PH Ludwigsburg;;;;;;
3780;PH Weingarten;;;;;;
2650;Staatl. Hochschule für Musik Freiburg i.Br.;;;;;;
2660;Staatl. Hochschule für Musik und Darstellende Kunst Mannheim;;;;;;
2670;Staatl. Hochschule für Musik Karlsruhe;;;;;;
2690;Staatl. Hochschule für Musik und Darstellende Kunst Stuttgart;;;;;;
2700;Staatl. Hochschule für Musik Trossingen;;;;;;
2940;Staatl. Hochschule für Gestaltung Karlsruhe;;;;;;
2950;Staatl. Akademie der Bildenden Künste Karlsruhe;;;;;;
2960;Staatl. Akademie der Bildenden Künste Stuttgart;;;;;;
50;German Graduate School of Management and Law;;;;;;
60;Hochschule der Bundesagentur für Arbeit;;;;;;
1420;Internationale Hochschule Calw (Priv. FH);;;;;;
6890;Naturwissenschaftlich-Technische Akademie Isny (nta);;;;;;
6970;Priv. FH für Gestaltung Stuttgart (Merz-Akademie);;;;;;
7010;Priv. FH für Kunsttherapie Nürtingen;;;;;;
7020;AKAD, FH Stuttgart (Priv. Fern-FH für Berufstätige);;;;;;
7090;SRH Hochschule Heidelberg;;;;;;
7180;Fernhochschule Riedlingen (Priv. FH);;;;;;
7200;Hochschule für Gestaltung Schwäbisch Hall;;;;;;
7600;Priv. FH Calw - H für Wirtschaft und Medien;;;;;;
8150;Karlshochschule International University, Karlsruhe (Priv. FH);;;;;;
6710;Hochschule Aalen;Carl Zeiss;;umfangreiche Einrichtung, Finanzierung;http://www.htw-aalen.de/einrichtungen/n2099_bibliothek/n1314_service/content.php?id=791, http://www.htw-aalen.de/studium/vs/news.popup.php?id=2312, http://www.htw-aalen.de/aktuell/presse/presse.popup.php?id=2624;;
6720;Hochschule Biberach;s.a.b. AG;;Kooperation;http://idw-online.de/pages/de/news513163, http://www.openpr.de/news/524612/sab-kooperiert-mit-Hochschule-Biberach.html;;
6730;Hochschule Esslingen (FH);;;;;;
6740;Hochschule Furtwangen;;;;;;
6750;Hochschule Heilbronn;Würth;;Finanzielle Unterstützung für Campus;Würth-Stiftung;http://www.stiftung-wuerth.de/web/de/stiftung_wuerth/index_stiftung.php;http://www.ihk-wnews.de/ximages/1435234_wnews132.pdf
6750;Hochschule Heilbronn;Dieter-Schwarz-Stiftung;;Finanzielle Unterstützung für Campus;;http://www.gew.de/Binaries/Binary34669/080415_GEW-Priva-6-final.pdf;http://www.wissenschaftsrat.de/download/archiv/8633-08.pdf
6750;Hochschule Heilbronn;Recaro;;Finanzielle Unterstützung für Campus;;http://idw-online.de/pages/de/news492145;http://www.beschaffung-aktuell.de/home/-/article/16537505/26154291/Enge-Kooperation-mit-der-Wirtschaft/art_co_INSTANCE_0000/maximized/
6750;Hochschule Heilbronn;Würth;;Kooperation;;http://www.versicherungsmagazin.de/Aktuell/Nachrichten/195/17479/Hochschule-Heilbronn-Trainee-Kooperationsvertrag-mit-zwei-Unternehmen.html;
6750;Hochschule Heilbronn;Schwäbisch Hall;;Kooperation;;http://www.versicherungsmagazin.de/Aktuell/Nachrichten/195/17479/Hochschule-Heilbronn-Trainee-Kooperationsvertrag-mit-zwei-Unternehmen.html;
6760;Hochschule Karlsruhe (FH);;;;;;
6770;Hochschule Konstanz (HTWG);NewTec GmbH;;Stipendienprogramm;;http://www.htwg-konstanz.de/Stipendienprogramme.1381.0.html?&MP=1331-5878;
6770;Hochschule Konstanz (HTWG);Ingenieurgesellschaft Auto und Verkehr GmbH (IAV);;Stipendienprogramm;;http://www.htwg-konstanz.de/Stipendienprogramme.1381.0.html?&MP=1331-5878;
6780;Hochschule Mannheim (FH);;;;;;
6790;Hochschule für Wirtschaft und Umwelt Nürtingen;;;;;;
6800;Hochschule Offenburg;;;;;;
6810;Hochschule Pforzheim;Daimler;;Sponsor, Mitglied im ''Rektors Club'';;http://www.hs-pforzheim.de/De-de/Hochschule/Rektorat/foerderer/Seiten/foerderer.aspx;
6810;Hochschule Pforzheim;E.G.O. Elektro-Gerätebau GmbH;;Sponsor, Mitglied im ''Rektors Club'';;http://www.hs-pforzheim.de/De-de/Hochschule/Rektorat/foerderer/Seiten/foerderer.aspx;
6810;Hochschule Pforzheim;Ernst & Young;;Sponsor, Mitglied im ''Rektors Club'';;http://www.hs-pforzheim.de/De-de/Hochschule/Rektorat/foerderer/Seiten/foerderer.aspx;
6810;Hochschule Pforzheim;Alfred Kärcher;;Sponsor, Mitglied im ''Rektors Club'';;http://www.hs-pforzheim.de/De-de/Hochschule/Rektorat/foerderer/Seiten/foerderer.aspx;
6810;Hochschule Pforzheim;K-Mail Order GmbH & Co. KG;;Sponsor, Mitglied im ''Rektors Club'';;http://www.hs-pforzheim.de/De-de/Hochschule/Rektorat/foerderer/Seiten/foerderer.aspx;
6810;Hochschule Pforzheim;Laboratoire Biosthetique Kosmetik;;Sponsor, Mitglied im ''Rektors Club'';;http://www.hs-pforzheim.de/De-de/Hochschule/Rektorat/foerderer/Seiten/foerderer.aspx;
6810;Hochschule Pforzheim;MLP AG;;Sponsor, Mitglied im ''Rektors Club'';;http://www.hs-pforzheim.de/De-de/Hochschule/Rektorat/foerderer/Seiten/foerderer.aspx;
6810;Hochschule Pforzheim;Pforzheimer Zeitung;;Sponsor, Mitglied im ''Rektors Club'';;http://www.hs-pforzheim.de/De-de/Hochschule/Rektorat/foerderer/Seiten/foerderer.aspx;
6810;Hochschule Pforzheim;Polyrack Tech-Group;;Sponsor, Mitglied im ''Rektors Club'';;http://www.hs-pforzheim.de/De-de/Hochschule/Rektorat/foerderer/Seiten/foerderer.aspx;
6810;Hochschule Pforzheim;Rutronik Elektronische Bauelemente GmbH;;Sponsor, Mitglied im ''Rektors Club'';;http://www.hs-pforzheim.de/De-de/Hochschule/Rektorat/foerderer/Seiten/foerderer.aspx;
6810;Hochschule Pforzheim;Sparkasse Pforzheim Calw;;Sponsor, Mitglied im ''Rektors Club'';;http://www.hs-pforzheim.de/De-de/Hochschule/Rektorat/foerderer/Seiten/foerderer.aspx;
6810;Hochschule Pforzheim;Volksbank Pforzheim;;Sponsor, Mitglied im ''Rektors Club'';;http://www.hs-pforzheim.de/De-de/Hochschule/Rektorat/foerderer/Seiten/foerderer.aspx;
6810;Hochschule Pforzheim;WSP Wirtschaft und Stadtmarketing Pforzheim;;Sponsor, Mitglied im ''Rektors Club'';;http://www.hs-pforzheim.de/De-de/Hochschule/Rektorat/foerderer/Seiten/foerderer.aspx;
6810;Hochschule Pforzheim;Witzenmann GmbH;;Sponsor, Mitglied im ''Rektors Club'';;http://www.hs-pforzheim.de/De-de/Hochschule/Rektorat/foerderer/Seiten/foerderer.aspx;
6820;FH Ravensburg-Weingarten;;;;;;
6830;Hochschule Reutlingen;;;;;;
6840;Hochschule Albstadt-Sigmaringen (FH);;;;;;
6850;Hochschule für Technik Stuttgart;;;;;;
6860;Hochschule der Medien Stuttgart;;;;;;
6870;Hochschule Ulm;;;;;;
7050;Hochschule für Gestaltung Schwäbisch Gmünd;;;;;;
7110;Hochschule für Forstwirtschaft Rottenburg (FH);;;;;;
8170;Duale Hochschule Baden Württemberg;Dieter-Schwarz-Stiftung;75000000;Finanzierung Bildungscampus;"http://www.stimme.de/heilbronn/nachrichten/region/sonstige-Schwarz-Stiftung-fuer-Bildungscampus;art16305,1355363";"http://www.stimme.de/heilbronn/nachrichten/region/Heilbronn-Neckarsulm-Lidl-Kaufland-Stiftungsgeschaeftsfuehrer-Dr-Erhard-Klotz-und-Klaus-Czernuska-Jaehrlich-20-Millionen-investieren;art16305,1511508";
6900;Evang. Hochschule Freiburg (FH);;;;;;
6910;Katholische Hochschule Freiburg i.Br.;;;;;;
7190;Evangelische Hochschule Ludwigsburg (FH);;;;;;
7680;Theologische Hochschule Reutlingen;;;;;;
7060;FH füröffentliche Verwaltung Kehl;;;;;;
7070;Hochschule füröffentliche Verwaltung und Finanzen Ludwigsburg;;;;;;
7120;FH für Rechtspflege Schwetzingen;;;;;;
7140;Staatl. FH für Polizei Villingen-Schwenningen;;;;;;
6200;FH Bund, FB Bundeswehrverwaltung, Mannheim;;;;;;
1319;Universität Erlangen-Nürnberg (Klinikum);;;;;;
1329;Universität München (Klinikum);;;;;;
1339;Universität Würzburg (Klinikum);;;;;;
1349;Universität Regensburg (Klinikum);;;;;;
1639;TU München (Klinikum);;;;;;
500;Universität Bamberg;;;;;;
510;Universität Bayreuth;;;;;;
540;Universität Passau;;;;;;
1314;Universität Erlangen-Nürnberg;Teambank AG;130000;Hörsaalsponsoring;;http://www.tf.fau.de/fakultaet/sponsoring.shtml;
1315;Universität Erlangen-Nürnberg;Siemens;;Hörsaalsponsoring - 5 Jahre bis 2018, Erneuerung der Bestuhlung, farbliche Neugestaltung des Saals;;http://www.handelsblatt.com/politik/oekonomie/nachrichten/sponsoring-hoersaele-werden-zu-werbeflaechen/2807452.html;
1316;Universität Erlangen-Nürnberg;Brose Gruppe;;Hörsaalsponsoring - 1 Jahr bis 2014, Malerarbeiten, Infotafel;;http://www.handelsblatt.com/politik/oekonomie/nachrichten/sponsoring-hoersaele-werden-zu-werbeflaechen/2807452.html;
1317;Universität Erlangen-Nürnberg;Clear Group;;Hörsaalsponsoring - 3 Jahre bis 2015, Infotafel;;http://www.handelsblatt.com/politik/oekonomie/nachrichten/sponsoring-hoersaele-werden-zu-werbeflaechen/2807452.html;
1318;Universität Erlangen-Nürnberg;develop group;;Hörsaalsponsoring - 5 Jahre bis 2018, Erneuerung der Bestuhlung, farbliche Neugestaltung des Saals;;http://www.handelsblatt.com/politik/oekonomie/nachrichten/sponsoring-hoersaele-werden-zu-werbeflaechen/2807452.html;
1321;Universität München (ohne Klinikum);Bundesarbeitgeberverband Chemie;18000000;An-Institut Zentrum für Arbeitsbeziehungen und Arbeitsrecht;;http://www.taz.de/1/archiv/digitaz/artikel/?ressort=a2&dig=2011%2F07%2F02%2Fa0034&cHash=bcc251bf29;
1321;Universität München (ohne Klinikum);Arbeitgeberverband der bayerischen Metallindustrie;18000000;An-Institut Zentrum für Arbeitsbeziehungen und Arbeitsrecht;;;
1321;Universität München (ohne Klinikum);Arbeitgeberverband der baden-württembergischen Metallindustrie;18000000;An-Institut Zentrum für Arbeitsbeziehungen und Arbeitsrecht;;;
1331;Universität Würzburg (ohne Klinikum);;;;;;
1341;Universität Regensburg (ohne Klinikum);;;;;;
1350;Universität Augsburg;;;;;;
1633;TU München (ohne Klinikum);;;;;;
1710;Hochschule für Politik München;;;;;;
811;Universität der Bundeswehr München (FB Universitätsstudiengänge);;;;;;
550;Kath. Universität Eichstätt-Ingolstadt;;;;;;
560;Augustana-H Neuendettelsau (ev);;;;;;
2170;Hochschule für Philosophie München (rk);;;;;;
2180;Phil.-Theol. H Benediktbeuern (rk);;;;;;
2710;Hochschule für Musik Würzburg;;;;;;
2720;Hochschule für Musik und Theater München;;;;;;
2730;Hochschule für Fernsehen und Film München;;;;;;
2980;Akademie der Bildenden Künste München;;;;;;
2990;Akademie der Bildenden Künste Nürnberg;;;;;;
3010;Hochschule für Musik Nürnberg;;;;;;
3020;Hochschule für evangelische Kirchenmusik Bayreuth;;;;;;
3040;Hochschule für Kath. Kirchenmusik und Musikpädagogik, Regensburg;;;;;;
30;Macromedia FH der Medien, München (Priv. FH);;;;;;
720;Hochschule für Angewandte Sprachen – Fachhochschule des SDI München;;;;;;
5000;Hochschule für angewandte Wissenschaften Bamberg - Private Hochschule für Gesundheit (Priv. FH);;;;;;
6284;Hochschule Fresenius Idstein in München (Priv. FH);;;;;;
6680;Hochschule für angewandtes Management;;;;;;
7580;Munich Business School München (Priv. FH);;;;;;
7210;Hochschule Augsburg;Euro Engineering;;Hörsaalsponsoring seit 2009;;http://www.hs-augsburg.de/hochschule/foerderung/partner/;
7210;Hochschule Augsburg;Verein deutscher Ingenieure e.V.;;Hörsaalsponsoring seit 2008;;http://www.hs-augsburg.de/hochschule/foerderung/partner/;
7210;Hochschule Augsburg;Lechwerke AG;;Hörsaalsponsoring seit 2008;;http://www.hs-augsburg.de/hochschule/foerderung/partner/;
7210;Hochschule Augsburg;Premium AEROTEC GmbH;;Hörsaalsponsoring;;http://www.hs-augsburg.de/hochschule/foerderung/partner/;
7210;Hochschule Augsburg;Patrizia AG;;Hörsaalsponsoring;;http://www.hs-augsburg.de/hochschule/foerderung/partner/;
7220;Hochschule Coburg;;;;;;
7240;Hochschule München;;;;;;
7250;Technische Hochschule Nürnberg Georg Simon Ohm;Hays AG;;Hörsaalsponsoring;;http://www.th-nuernberg.de/seitenbaum/home/hochschulkommunikation/sponsoring-und-werbung-am-ohm/hoersaal-sponsoring/unsere-partner/page.html;
7250;Technische Hochschule Nürnberg Georg Simon Ohm;Freescale;;Sponsoring 3 Labore;;http://www.th-nuernberg.de/seitenbaum/home/hochschulkommunikation/sponsoring-und-werbung-am-ohm/hoersaal-sponsoring/unsere-partner/page.html;
7250;Technische Hochschule Nürnberg Georg Simon Ohm;Schaeffler Gruppe;;Hörsaalsponsoring;;http://www.th-nuernberg.de/seitenbaum/home/hochschulkommunikation/sponsoring-und-werbung-am-ohm/hoersaal-sponsoring/unsere-partner/page.html;
7250;Technische Hochschule Nürnberg Georg Simon Ohm;Ferchau Engineering;;Hörsaalsponsoring;;http://www.th-nuernberg.de/seitenbaum/home/hochschulkommunikation/sponsoring-und-werbung-am-ohm/hoersaal-sponsoring/unsere-partner/page.html;
7250;Technische Hochschule Nürnberg Georg Simon Ohm;Bionorica AG;;Hörsaalsponsoring;;http://www.th-nuernberg.de/seitenbaum/home/hochschulkommunikation/sponsoring-und-werbung-am-ohm/hoersaal-sponsoring/unsere-partner/page.html;
7250;Technische Hochschule Nürnberg Georg Simon Ohm;PAMEC Ingenieurgesellschaft;;Hörsaalsponsoring;;http://www.th-nuernberg.de/seitenbaum/home/hochschulkommunikation/sponsoring-und-werbung-am-ohm/hoersaal-sponsoring/unsere-partner/page.html;
7250;Technische Hochschule Nürnberg Georg Simon Ohm;Sparkasse Nürnberg;;Hörsaalsponsoring;;http://www.th-nuernberg.de/seitenbaum/home/hochschulkommunikation/sponsoring-und-werbung-am-ohm/hoersaal-sponsoring/unsere-partner/page.html;
7250;Technische Hochschule Nürnberg Georg Simon Ohm;Semikron;;Hörsaalsponsoring;;http://www.th-nuernberg.de/seitenbaum/home/hochschulkommunikation/sponsoring-und-werbung-am-ohm/hoersaal-sponsoring/unsere-partner/page.html;
7250;Technische Hochschule Nürnberg Georg Simon Ohm;GAUFF GmbH & Co. Engineering KG;;Hörsaalsponsoring;;http://www.th-nuernberg.de/seitenbaum/home/hochschulkommunikation/sponsoring-und-werbung-am-ohm/hoersaal-sponsoring/unsere-partner/page.html;
7250;Technische Hochschule Nürnberg Georg Simon Ohm;Staedler;;Hörsaalsponsoring;;http://www.th-nuernberg.de/seitenbaum/home/hochschulkommunikation/sponsoring-und-werbung-am-ohm/hoersaal-sponsoring/unsere-partner/page.html;
7250;Technische Hochschule Nürnberg Georg Simon Ohm;Euro Engineering;;Hörsaalsponsoring;;http://www.th-nuernberg.de/seitenbaum/home/hochschulkommunikation/sponsoring-und-werbung-am-ohm/hoersaal-sponsoring/unsere-partner/page.html;
7260;FH Regensburg;;;;;;
7300;FH Rosenheim;;;;;;
7310;Hochschule Weihenstephan-Triesdorf;;;;;;
7350;Hochschule für angewandte Wissenschaften Würzburg-Schweinfurt (FHWS);WAREMA Renkhoff;;Hörsaalsponsoring;;https://www.sueddeutsche.de/karriere/hochschul-sponsoring-hoersaal-aldi-sued-vormals-z-1.546254, ;
7350;Hochschule für angewandte Wissenschaften Würzburg-Schweinfurt (FHWS);ALDI;;Hörsaalsponsoring;;https://www.sueddeutsche.de/karriere/hochschul-sponsoring-hoersaal-aldi-sued-vormals-z-1.546254, ;
7350;Hochschule für angewandte Wissenschaften Würzburg-Schweinfurt (FHWS);Salt Solutions;;Hörsaalsponsoring;;http://www.fhws.de/hochschule/profil/verwaltung/presse/weitere_meldungen/details/news/begruessung-der-erstsemester-und-umbenennung-der-aula-an-der-hochschule-in-schweinfurt-197.html;
7350;Hochschule für angewandte Wissenschaften Würzburg-Schweinfurt (FHWS);Fresenius Medical Care;;Hörsaalsponsoring;;http://www.fhws.de/hochschule/profil/verwaltung/presse/weitere_meldungen/details/news/begruessung-der-erstsemester-und-umbenennung-der-aula-an-der-hochschule-in-schweinfurt-197.html;
7350;Hochschule für angewandte Wissenschaften Würzburg-Schweinfurt (FHWS);Else-Kräner;;Hörsaalsponsoring;;http://www.fhws.de/hochschule/profil/verwaltung/presse/weitere_meldungen/details/news/begruessung-der-erstsemester-und-umbenennung-der-aula-an-der-hochschule-in-schweinfurt-197.html;
7440;Hochschule Kempten;Accor-Gruppe;;Sponsoring Lobbybereich Fakultät für Tourismus;;http://www.hochschule-kempten.de/studienfuehrer/;
7440;Hochschule Kempten;3S-Smart Software Solutions GmbH;;Sponsoring 3S-Smart Software Solutions-Hörsaal;;http://www.hochschule-kempten.de/studienfuehrer/;
7440;Hochschule Kempten;ALDI;;Sponsoring Hörsaal-ALDI SüD;;http://www.hochschule-kempten.de/studienfuehrer/;
7440;Hochschule Kempten;Allgäuer Werkstätten GmbH;;Sponsoring Hörsal-Allgäuer-Werkstätten;;http://www.hochschule-kempten.de/studienfuehrer/;
7440;Hochschule Kempten;Allgäuer Zeitungsverlag GmbH;;Sponsoring Hörsaal-Allgäuer-Medienzentrum;;http://www.hochschule-kempten.de/studienfuehrer/;
7440;Hochschule Kempten;Alois Berger GmbH;;Sponsoring Alois-Berger-Hörsaal;;http://www.hochschule-kempten.de/studienfuehrer/;
7440;Hochschule Kempten;AOK;;Sponsoring Hörsaal der AOK Bayern - Die Gesundheitskasse;;http://www.hochschule-kempten.de/studienfuehrer/;
7440;Hochschule Kempten;BHS Sonthofen GmbH;;Sponsoring BHS-Sonthofen-Hörsaal;;http://www.hochschule-kempten.de/studienfuehrer/;
7440;Hochschule Kempten;Buhmann Systeme GmbH;;Sponsoring Buhmann-Systeme-Hörsaal;;http://www.hochschule-kempten.de/studienfuehrer/;
7440;Hochschule Kempten;Chr. Mayr GmbH + Co. KG;;Sponsoring Fritz-Mayr-Hörsaal;;http://www.hochschule-kempten.de/studienfuehrer/;
7440;Hochschule Kempten;Continental;;Sponsoring Continental Fahrerassistenz Labor;ADC Systems Control GmbH;http://www.hochschule-kempten.de/studienfuehrer/;
7440;Hochschule Kempten;Continental;;Sponsoring Continental Fahrerassistenz Hörsaal;ADC Systems Control GmbH;http://www.hochschule-kempten.de/studienfuehrer/;
7440;Hochschule Kempten;Dachser GmbH & Co. KG;;Sponsoring Thomas-Dachser-Auditorium;;http://www.hochschule-kempten.de/studienfuehrer/;
7440;Hochschule Kempten;elobau;;Sponsoring elobau-Hörsaal;;http://www.hochschule-kempten.de/studienfuehrer/;
7440;Hochschule Kempten;Ferchau Engineering ;;Sponsoring FERCHAU-Engineering-Hörsaal;;http://www.hochschule-kempten.de/studienfuehrer/;
7440;Hochschule Kempten;Endress + Hauser;;Sponsoring GEORG-Herbert-Endress-Hörsaal;;http://www.hochschule-kempten.de/studienfuehrer/;
7440;Hochschule Kempten;Goldhofer;;Sponsoring Alois-Goldhofer-Hörsaal;;http://www.hochschule-kempten.de/studienfuehrer/;
7440;Hochschule Kempten;GROB-WERKE;;Sponsoring GROB-Hörsaal;;http://www.hochschule-kempten.de/studienfuehrer/;
7440;Hochschule Kempten;Hans-Hundegger Maschinenbau;;Sponsoring Hans-Hundegger-Hörsaal;;http://www.hochschule-kempten.de/studienfuehrer/;
7440;Hochschule Kempten;HAWE Hydraulik;;Sponsoring HAWE Hydraulik-Hörsaal;;http://www.hochschule-kempten.de/studienfuehrer/;
7440;Hochschule Kempten;Hirschvogel Holding;;Sponsoring Hirschvogel-Hörsaal;;http://www.hochschule-kempten.de/studienfuehrer/;
7440;Hochschule Kempten;Kennametal Sintec Keramik;;Sponsoring Kennametal-Sintec-Keramik-Labor;;http://www.hochschule-kempten.de/studienfuehrer/;
7440;Hochschule Kempten;KUKA AG;;Sponsoring Labor KUKA;;http://www.hochschule-kempten.de/studienfuehrer/;
7440;Hochschule Kempten;Liebherr-Holding;;Sponsoring Dr.-Hans-Liebherr-Halle;;http://www.hochschule-kempten.de/studienfuehrer/;
7440;Hochschule Kempten;Magnet Schultz GmbH;;Sponsoring Magnes-Schultz-Hörsaal;;http://www.hochschule-kempten.de/studienfuehrer/;
7440;Hochschule Kempten;MLP AG;;Sponsoring MLP-Hörsaal;;http://www.hochschule-kempten.de/studienfuehrer/;
7440;Hochschule Kempten;Multivac Sepp Haggenmüller GmbH;;Sponsoring MULTIVAC-Hörsaal;;http://www.hochschule-kempten.de/studienfuehrer/;
7440;Hochschule Kempten;Otto Christ AG;;Sponsoring Christ-Wash-Systems-Hörsaal;;http://www.hochschule-kempten.de/studienfuehrer/;
7440;Hochschule Kempten;Pfeifer Holding;;Sponsoring Pfeifer-Hörsaal;;http://www.hochschule-kempten.de/studienfuehrer/;
7440;Hochschule Kempten;Plansee Group Service GmbH;;Sponsoring Hörsaal Plansee-Gruppe;;http://www.hochschule-kempten.de/studienfuehrer/;
7440;Hochschule Kempten;Bosch;;Sponsoring Robert-Bosch-Hörsaal;;http://www.hochschule-kempten.de/studienfuehrer/;
7440;Hochschule Kempten;Rohde Gruppe;;Sponsoring Rohde & Schwarz Labor für Nachrichtentechnik;ROHDE & SCHWARZ GmbH & Co. KG;http://www.hochschule-kempten.de/studienfuehrer/;
7440;Hochschule Kempten;Rohde Gruppe;;Sponsoring Rohde & Schwarz-Hörsaal;ROHDE & SCHWARZ GmbH & Co. KG;http://www.hochschule-kempten.de/studienfuehrer/;
7440;Hochschule Kempten;Saxonia Systems AG;;Sponsoring Saxonia Systems AG-Labor;;http://www.hochschule-kempten.de/studienfuehrer/;
7440;Hochschule Kempten;Soloplan GmbH;;Sponsoring Soloplan-Hörsaal;;http://www.hochschule-kempten.de/studienfuehrer/;
7440;Hochschule Kempten;Sontheim Industrie Elektronik GmbH;;Sponsoring Sontheim-Industrie-Elektronik-Hörsaal;;http://www.hochschule-kempten.de/studienfuehrer/;
7440;Hochschule Kempten;Sparkasse Allgäu;;Sponsoring Sparkassen-Hörsaal;;http://www.hochschule-kempten.de/studienfuehrer/;
7440;Hochschule Kempten;Swoboda KG;;Sponsoring swoboda-Hörsaal;;http://www.hochschule-kempten.de/studienfuehrer/;
7440;Hochschule Kempten;Voith;;Sponsoring Voith-Turbo-BHS-Hörsaal;Voith Turbo BHS Getriebe GmbH;http://www.hochschule-kempten.de/studienfuehrer/;
7440;Hochschule Kempten;Volksbanken im Allgäu;;Sponsoring Volks- und Raiffeisenbank-Hörsaal;;http://www.hochschule-kempten.de/studienfuehrer/;
7440;Hochschule Kempten;Walter Seitz GmbH;;Sponsoring Seitz-Hörsaal;;http://www.hochschule-kempten.de/studienfuehrer/;
7440;Hochschule Kempten;Siemens;;Sponsoring Werner-von-Siemens-Hörsaal;;http://www.hochschule-kempten.de/studienfuehrer/;
7440;Hochschule Kempten;Siemens;;Sponsoring Werner-von-Siemens-Labor;;http://www.hochschule-kempten.de/studienfuehrer/;
7440;Hochschule Kempten;Willy-Scharnow-Stiftung für Touristik;;Sponsoring Willy-Scharnow-Hörsaal;;http://www.hochschule-kempten.de/studienfuehrer/;
7440;Hochschule Kempten;Wittenstein AG;;Sponsoring WITTENSTEIN-Labor;;http://www.hochschule-kempten.de/studienfuehrer/;
7440;Hochschule Kempten;Zwick GmbH;;Sponsoring Zwick/Roell Labor;;http://www.hochschule-kempten.de/studienfuehrer/;
7440;Hochschule Kempten;Siemens;;Forschungsprojekt IRENE zu Stromnetzen;;http://www.hochschule-kempten.de/studienfuehrer/;
7440;Hochschule Kempten;Allgäuer Überlandwerk GmbH;;Forschungsprojekt IRENE zu Stromnetzen;;http://www.hochschule-kempten.de/studienfuehrer/;
7440;Hochschule Kempten;Allianz;;Allianz-Competenz-Centrum zu Finanz- und Versicherungswirtschaft, gemeinsame Seminare und Fortbildungen mit Studenten und Allianz-Mitarbeitern;;http://www.hochschule-kempten.de/studienfuehrer/;
7440;Hochschule Kempten;Walther Metallwaren GmbH;;Stanz-Biege-Kompetenzzentrum;;http://www.hochschule-kempten.de/studienfuehrer/;
7440;Hochschule Kempten;Scherdel Waldershof GmbH;;Stanz-Biege-Kompetenzzentrum;;http://www.hochschule-kempten.de/studienfuehrer/;
7440;Hochschule Kempten;Federnfabrik Dietz;;Stanz-Biege-Kompetenzzentrum;;http://www.hochschule-kempten.de/studienfuehrer/;
7440;Hochschule Kempten;Delphi, Raithel + Co. GmbH;;Stanz-Biege-Kompetenzzentrum;;http://www.hochschule-kempten.de/studienfuehrer/;
7440;Hochschule Kempten;Göbel GmbH;;Stanz-Biege-Kompetenzzentrum;;http://www.hochschule-kempten.de/studienfuehrer/;
7440;Hochschule Kempten;Hirsch KG;;Stanz-Biege-Kompetenzzentrum;;http://www.hochschule-kempten.de/studienfuehrer/;
7440;Hochschule Kempten;Otto Bihler Maschinenfabrik;;Industriearbeitskreis Stanz-Biege-Technik;;http://www.hochschule-kempten.de/studienfuehrer/;
7440;Hochschule Kempten;CeramTec GmbH;;Industriearbeitskreis Stanz-Biege-Technik;;http://www.hochschule-kempten.de/studienfuehrer/;
7440;Hochschule Kempten;Ceratiziz Deutschland;;Industriearbeitskreis Stanz-Biege-Technik;;http://www.hochschule-kempten.de/studienfuehrer/;
7440;Hochschule Kempten;J.N. Eberle Federnfabrik;;Industriearbeitskreis Stanz-Biege-Technik;;http://www.hochschule-kempten.de/studienfuehrer/;
7440;Hochschule Kempten;ept;;Industriearbeitskreis Stanz-Biege-Technik;;http://www.hochschule-kempten.de/studienfuehrer/;
7440;Hochschule Kempten;Plansee Group Service GmbH;;Industriearbeitskreis Stanz-Biege-Technik;;http://www.hochschule-kempten.de/studienfuehrer/;
7440;Hochschule Kempten;Steinel Aktivelemente;;Industriearbeitskreis Stanz-Biege-Technik;;http://www.hochschule-kempten.de/studienfuehrer/;
7440;Hochschule Kempten;STM Stahl Vertriebs GmbH;;Industriearbeitskreis Stanz-Biege-Technik;;http://www.hochschule-kempten.de/studienfuehrer/;
7440;Hochschule Kempten;Swoboda KG;;Industriearbeitskreis Stanz-Biege-Technik;;http://www.hochschule-kempten.de/studienfuehrer/;
7440;Hochschule Kempten;Wieland-Werke;;Industriearbeitskreis Stanz-Biege-Technik;;http://www.hochschule-kempten.de/studienfuehrer/;
7440;Hochschule Kempten;Zeller + Gmelin GmbH;;Industriearbeitskreis Stanz-Biege-Technik;;http://www.hochschule-kempten.de/studienfuehrer/;
7440;Hochschule Kempten;ACREDO BAU GmbH;;Mitglied im Kuratorium, stellvertretender Vorsitzender, Gerhard Schlichtherle;;http://www.hochschule-kempten.de/studienfuehrer/;
7440;Hochschule Kempten;J. Dobler GmbH;;Mitglied im Kuratorium, Peter Dobler;;http://www.hochschule-kempten.de/studienfuehrer/;
7440;Hochschule Kempten;DECKEL MAHO Pfronten GmbH;;Mitglied im Kuratorium, Alfred Geissler;;http://www.hochschule-kempten.de/studienfuehrer/;
7440;Hochschule Kempten;Siemens;;Mitglied im Kuratorium, Richard Geisswein;;http://www.hochschule-kempten.de/studienfuehrer/;
7440;Hochschule Kempten;Management Centrum Schloss Lautrach GmbH;;Mitglied im Kuratorium, Dieter Groher;;http://www.hochschule-kempten.de/studienfuehrer/;
7440;Hochschule Kempten;Otto Bihler Maschinenfabrik;;Mitglied im Kuratorium, Manfred Grundner;;http://www.hochschule-kempten.de/studienfuehrer/;
7440;Hochschule Kempten;AGCO;;Mitglied im Kuratorium, Michael Gschwender;;http://www.hochschule-kempten.de/studienfuehrer/;
7440;Hochschule Kempten;Endress + Hauser;;Mitglied im Kuratorium, Helmut Kalteis;;http://www.hochschule-kempten.de/studienfuehrer/;
7440;Hochschule Kempten;Pfeifer Holding;;Mitglied im Kuratorium, Gerhard Pfeifer;;http://www.hochschule-kempten.de/studienfuehrer/;
7440;Hochschule Kempten;EXTENDO GmbH;;Mitglied im Kuratorium, Ulrich Reiners;;http://www.hochschule-kempten.de/studienfuehrer/;
7440;Hochschule Kempten;Kliniken Kempten-Oberallgäu;;Mitglied im Kuratorium, Andreas Ruland;;http://www.hochschule-kempten.de/studienfuehrer/;
7450;Hochschule Landshut;;;;;;
7520;Technische Hochschule Deggendorf;;;;;;
7530;Hochschule für Angewandte Wissenschaften Hof;;;;;;
7540;Technische Hochschule Ingolstadt;;;;;;
7550;Hochschule Amberg-Weiden;;;;;;
7560;FH Ansbach;;;;;;
7570;Hochschule Neu-Ulm;;;;;;
7590;Hochschule Aschaffenburg;;;;;;
7370;Evang. Hochschule Nürnberg (FH);;;;;;
7380;Kath. Stiftungs FH München in München;;;;;;
7460;FH füröffentl. Verwaltung und Rechtspflege Bayern;;;;;;
812;Universität der Bundeswehr München (FB Fachhochschulstudiengänge);;;;;;
1369;Universität des Saarlandes Saarbrücken, Homburg/Saar;;;;;;
1363;Universität des Saarlandes Saarbrücken in Saarbrücken;;;;;;
2760;Hochschule für Musik, Saarbrücken;;;;;;
2770;Hochschule der Bildenden Künste Saarbrücken;;;;;;
860;Deutsche Hochschule für Prävention und Gesundheitsmanagement;;;;;;
7610;Hochschule für Technik und Wirtschaft des Saarlandes Saarbrücken;;;;;;
7630;FH für Verwaltung Saarbrücken;;;;;;
670;Europ. School of Management and Technology, Berlin (Priv. H);;;;;;
680;Hertie School of Governance Berlin (Priv. wiss. H);;;;;;
780;Deutsche Universität für Weiterbildung Berlin (Priv. wiss. H);;;;;;
1520;International Psychoanalytic University Berlin (Priv.);;;;;;
1700;ESCP Europe Wirtschaftshochschule, Berlin (Priv. H);;;;;;
1840;Psychologische Hochschule Berlin (Priv. H);;;;;;
7960;Steinbeis-Hochschule Berlin (Priv. H);Permira Beteiligungsberatung GmbH;;Finanzierung Institut für Pädagogikmanagement;;;
180;Charite - Universitätsmedizin Berlin;;;;;;
201;Humboldt-Universität zu Berlin;Google;4500000;An-Institut für Internet und Gesellschaft;http://www.spiegel.de/netzwelt/netzpolitik/millionenfoerderung-googles-berliner-internet-institut-startet-im-oktober-a-773592.html;;
201;Humboldt-Universität zu Berlin;KPMG;;Finanzierung Doktorandenstelle;https://www.hiig.de/pm-institut-fur-internet-und-gesellschaft-sichert-langfristige-finanzierung/, https://www.taz.de/!89878/;;
201;Humboldt-Universität zu Berlin;Deutsche Bank;;ehemalige Stiftungsprofessur unter fraglichen Bedingungen;https://http//www.spiegel.de/unispiegel/studium/deutsche-bank-deal-mit-berliner-unis-kauf-dir-einen-prof-a-765337.html;;
201;Humboldt-Universität zu Berlin;Deutsches Atomforum;135000;Studie in Auftrag;https://http//www.taz.de/!89878/;;
1381;FU Berlin;;;;;;
1690;TU Berlin;Volkswagen;5113000;Sponsoring Volkswagen-Bibliothek;;http://pardok.parlament-berlin.de/starweb/adis/citat/VT/15/DruckSachen/d15-1800-01.pdf;
1690;TU Berlin;Deutsche Bank;;ehemalige Stiftungsprofessur unter fraglichen Bedingungen;;http://www.spiegel.de/unispiegel/studium/deutsche-bank-deal-mit-berliner-unis-kauf-dir-einen-prof-a-765337.html;
1690;TU Berlin;BASF;13000000;gemeinsames Labor BasCat;;https://www.bascat.tu-berlin.de/;
1690;TU Berlin;Bayer;;Förderer;Bayer-Stiftungen;https://www.career.tu-berlin.de/menue/fuer_studierende/deutschlandstipendium/unsere_foerderer/;
1690;TU Berlin;Berliner Stadtreinigung;;Förderer;;https://www.career.tu-berlin.de/menue/fuer_studierende/deutschlandstipendium/unsere_foerderer/;
1690;TU Berlin;Bosch;;Förderer;;https://www.career.tu-berlin.de/menue/fuer_studierende/deutschlandstipendium/unsere_foerderer/;
1690;TU Berlin;Bundesdruckerei;;Förderer;;https://www.career.tu-berlin.de/menue/fuer_studierende/deutschlandstipendium/unsere_foerderer/;
1690;TU Berlin;Daimler;;Förderer;Daimler Financial Services AG;https://www.career.tu-berlin.de/menue/fuer_studierende/deutschlandstipendium/unsere_foerderer/;
1690;TU Berlin;Deutsche Bahn;;Förderer;Deutsche Bahn Stiftung gGmbH;https://www.career.tu-berlin.de/menue/fuer_studierende/deutschlandstipendium/unsere_foerderer/;
1690;TU Berlin;Dorothea und Günther Seliger-Stiftung;;Förderer;;https://www.career.tu-berlin.de/menue/fuer_studierende/deutschlandstipendium/unsere_foerderer/;
1690;TU Berlin;General Electric;;Förderer;GE Germany;https://www.career.tu-berlin.de/menue/fuer_studierende/deutschlandstipendium/unsere_foerderer/;
1690;TU Berlin;Gesellschaft deutscher Chemiker;;Förderer;;https://www.career.tu-berlin.de/menue/fuer_studierende/deutschlandstipendium/unsere_foerderer/;
1690;TU Berlin;Gesellschaft von Freunden der TU Berlin e.V.;;Förderer;;https://www.career.tu-berlin.de/menue/fuer_studierende/deutschlandstipendium/unsere_foerderer/;
1690;TU Berlin;IBM;;Förderer;;https://www.career.tu-berlin.de/menue/fuer_studierende/deutschlandstipendium/unsere_foerderer/;
1690;TU Berlin;innoscale AG;;Förderer;;https://www.career.tu-berlin.de/menue/fuer_studierende/deutschlandstipendium/unsere_foerderer/;
1690;TU Berlin;Karl-Schlecht-Stiftung;;Förderer;;https://www.career.tu-berlin.de/menue/fuer_studierende/deutschlandstipendium/unsere_foerderer/;
1690;TU Berlin;Krickel & Geiseler GbR;;Förderer;;https://www.career.tu-berlin.de/menue/fuer_studierende/deutschlandstipendium/unsere_foerderer/;
1690;TU Berlin;Lufthansa;;Förderer;Lufthansa Technik AG;https://www.career.tu-berlin.de/menue/fuer_studierende/deutschlandstipendium/unsere_foerderer/;
1690;TU Berlin;MüSIAD e.V.;;Förderer;;https://www.career.tu-berlin.de/menue/fuer_studierende/deutschlandstipendium/unsere_foerderer/;
1690;TU Berlin;nugg.ad;;Förderer;;https://www.career.tu-berlin.de/menue/fuer_studierende/deutschlandstipendium/unsere_foerderer/;
1690;TU Berlin;Prof. Dr. Ulrich Steinmüller (em.);;Förderer;;https://www.career.tu-berlin.de/menue/fuer_studierende/deutschlandstipendium/unsere_foerderer/;
1690;TU Berlin;Prof. Dr.-Ing. Manfred Stiebler (em.);;Förderer;;https://www.career.tu-berlin.de/menue/fuer_studierende/deutschlandstipendium/unsere_foerderer/;
1690;TU Berlin;Rotary Club Warschau-Goethe;;Förderer;;https://www.career.tu-berlin.de/menue/fuer_studierende/deutschlandstipendium/unsere_foerderer/;
1690;TU Berlin;Sanofi Aventis;;Förderer;;https://www.career.tu-berlin.de/menue/fuer_studierende/deutschlandstipendium/unsere_foerderer/;
1690;TU Berlin;Siemens;;Förderer;;https://www.career.tu-berlin.de/menue/fuer_studierende/deutschlandstipendium/unsere_foerderer/;
1690;TU Berlin;Verein Deutscher Zuckertechniker;;Förderer;;https://www.career.tu-berlin.de/menue/fuer_studierende/deutschlandstipendium/unsere_foerderer/;
1690;TU Berlin;Verein zur  Förderung von Studierenden der Berliner Hochschulen e.V.;;Förderer;;https://www.career.tu-berlin.de/menue/fuer_studierende/deutschlandstipendium/unsere_foerderer/;
1690;TU Berlin;Wooga;;Förderer;;https://www.career.tu-berlin.de/menue/fuer_studierende/deutschlandstipendium/unsere_foerderer/;
1690;TU Berlin;xTribo GmbH - Tribology & Damping Solutions;;Förderer;;https://www.career.tu-berlin.de/menue/fuer_studierende/deutschlandstipendium/unsere_foerderer/;
2510;Weißensee Kunsthochschule Berlin;;;;;;
2520;Hochschule für Musik Berlin Hanns Eisler;;;;;;
2540;Hochschule für Schauspielkunst Berlin Ernst Busch;;;;;;
2790;Universität der Künste Berlin;Volkswagen;5113000;Sponsoring Volkswagen-Bibliothek;;http://pardok.parlament-berlin.de/starweb/adis/citat/VT/15/DruckSachen/d15-1800-01.pdf;
100;Berliner Technische Kunsthochschule;;;;;;
160;EBC Hochschule Berlin (Priv. FH);;;;;;
170;Touro College Berlin;;;;;;
700;bbw Hochschule;;;;;;
760;IB-Hochschule Berlin;;;;;;
790;Akkon Hochschule Berlin (Priv. FH);;;;;;
820;Hochschule für Sport und Gesundheit;;;;;;
830;Design Akademie Berlin;;;;;;
840;BEST-Sabel-Hochschule Berlin;;;;;;
1560;HS für Medien, Kommunikation und Wirtschaft Berlin (Priv. FH);;;;;;
1600;Quadriga Hochschule Berlin (Priv. FH);;;;;;
1610;DEKRA Hochschule Berlin (Priv. FH);;;;;;
1750;hdpk Hochschule der populären Künste;;;;;;
5270;Mediadesign Hochschule für Design und Informatik;;;;;;
7970;SRH Hochschule Berlin (Priv. FH);;;;;;
8160;Internationale FH für Exekutives Management, Berlin (Priv. FH);;;;;;
7690;Hochschule für Technik und Wirtschaft Berlin;;;;;;
7710;Beuth-Hochschule für Technik Berlin;;;;;;
7720;Hochschule für Wirtschaft und Recht Berlin;;;;;;
7730;ASH für Sozialarbeit und Sozialpädagogik Berlin;;;;;;
7700;Katholische Hochschule für Sozialwesen Berlin (FH);;;;;;
7750;Evangelische Hochschule Berlin (FH);;;;;;
6202;FH Bund, FB Sozialversicherung in Berlin;;;;;;
6205;FH Bund, FB Akademie Auswärtige Angelegenheiten in Berlin;;;;;;
190;Europa-Universität Viadrina Frankfurt (Oder);;;;;;
240;Brandenburgische TU Cottbus;Siemens;;Vereinbarung über gemeinsame Forschungsprojekte;Siemens Energie Sektor;http://www.die-linke-thl.de/uploads/media/dr55439.pdf, ;
240;Brandenburgische TU Cottbus;ABB;;Vereinbarung über gemeinsame Forschungsprojekte;;http://www.die-linke-thl.de/uploads/media/dr55439.pdf, ;
240;Brandenburgische TU Cottbus;Rolls-Royce;;Vereinbarung über gemeinsame Forschungsprojekte;;http://www.die-linke-thl.de/uploads/media/dr55439.pdf, ;
240;Brandenburgische TU Cottbus;Vattenfall;;Vereinbarung über gemeinsame Forschungsprojekte;Vattenfall Europe Mining AG;http://www.taz.de/!114640/;
3500;Universität Potsdam;Hasso-Plattner-Institut für Softwaresystemtechnik GmbH;;Kooperationsvertrag;;https://fragdenstaat.de/anfrage/kooperationsvertrag-mit-dem-hasso-plattner-institut/;
2550;Hochschule für Film und Fernsehen in Potsdam-Babelsberg;;;;;;
1570;Fachhochschule für Sport und Management Potsdam;;;;;;
1760;Business School Berlin Potsdam (BSP);;;;;;
7910;FH Brandenburg;PCK;;Schirmherrschaft: 2 halbe akademische Mitarbeiterstellen im Bereich Chemische Verfahrenstechnik, 2008-2014;;http://www.die-linke-thl.de/uploads/media/dr55439.pdf;
7910;FH Brandenburg;Zahnradwerk Pritzwalk GmbH;;Schirmherrschaft: ein Viertel akademische Mitarbeiterstelle, unbefristet;;http://www.die-linke-thl.de/uploads/media/dr55439.pdf;
7910;FH Brandenburg;VICCON GmbH;9000;Qualitätssicherung von Weiterbildungsmaßnahmen durch die Hochschule, unbefristet ;;http://www.die-linke-thl.de/uploads/media/dr55439.pdf;
7920;Hochschule für nachhaltige Entwicklung Eberswalde (FH);EGZ Biokorntakt GmbH & Co. KG;;Netzwerk Praxispartner ökolandbau;;http://www.die-linke-thl.de/uploads/media/dr55439.pdf;
7920;Hochschule für nachhaltige Entwicklung Eberswalde (FH);Gut Wilmersdorf GbR;;Netzwerk Praxispartner ökolandbau;;http://www.die-linke-thl.de/uploads/media/dr55439.pdf;
7920;Hochschule für nachhaltige Entwicklung Eberswalde (FH);Gut Netzow, Templin-Netzow;;Netzwerk Praxispartner ökolandbau;;http://www.die-linke-thl.de/uploads/media/dr55439.pdf;
7920;Hochschule für nachhaltige Entwicklung Eberswalde (FH);Globus;;Netzwerk Praxispartner ökolandbau;;http://www.die-linke-thl.de/uploads/media/dr55439.pdf;
7920;Hochschule für nachhaltige Entwicklung Eberswalde (FH);Kompetenznetz Rail Berlin Brandenburg GmbH;;Netzwerk Praxispartner ökolandbau;;http://www.die-linke-thl.de/uploads/media/dr55439.pdf;
7920;Hochschule für nachhaltige Entwicklung Eberswalde (FH);Ökodorf Brodowin GmbH;;Netzwerk Praxispartner ökolandbau;;http://www.die-linke-thl.de/uploads/media/dr55439.pdf;
7920;Hochschule für nachhaltige Entwicklung Eberswalde (FH);Weidewirtschaft Liepe e.G,;;Netzwerk Praxispartner ökolandbau;;http://www.die-linke-thl.de/uploads/media/dr55439.pdf;
7920;Hochschule für nachhaltige Entwicklung Eberswalde (FH);SAP;;Kostenlose Software;;http://www.die-linke-thl.de/uploads/media/dr55439.pdf;
7920;Hochschule für nachhaltige Entwicklung Eberswalde (FH);PCK;6000;;;http://www.die-linke-thl.de/uploads/media/dr55439.pdf;
7930;Hochschule Lausitz, University of Applied Sciences (FH);Sparkasse Niederlausitz;;Kooperationsvertrag;;http://www.die-linke-thl.de/uploads/media/dr55439.pdf;
7930;Hochschule Lausitz, University of Applied Sciences (FH);envia;;Kooperationsvertrag;;http://www.die-linke-thl.de/uploads/media/dr55439.pdf;
7930;Hochschule Lausitz, University of Applied Sciences (FH);BASF;;Kooperationsvertrag;;http://www.die-linke-thl.de/uploads/media/dr55439.pdf;
7930;Hochschule Lausitz, University of Applied Sciences (FH);Vattenfall;;Kooperationsvertrag;Vattenfall Europe Mining AG;http://www.die-linke-thl.de/uploads/media/dr55439.pdf;
7930;Hochschule Lausitz, University of Applied Sciences (FH);Klinikum Niederlausitz GmbH;;Kooperationsvertrag;;http://www.die-linke-thl.de/uploads/media/dr55439.pdf;
7940;Technische Hochschule Wildau (FH);;;;;;
7950;FH Potsdam;;;;;;
6430;Theol. Seminar (FH) der Evang. Freikirche Elstal;;;;;;
7850;FH für Finanzen Brandenburg (VerwFH) Königs Wusterhausen;;;;;;
7890;FH der Polizei Brandenburg (VerwFH) in Oranienburg;;;;;;
269;Universität Rostock (Klinikum);;;;;;
279;Universität Greifswald (Klinikum);;;;;;
261;Universität Rostock (ohne Klinikum);Novus Marketing;;Bewirtschaftung Werbeflächen;;http://www.uni-rostock.de/aktuelles/alle-meldungen/detailansicht-der-news/news-artikel/rostock-wird-das-zentrum-der-uwe-johnson-forschung/;
261;Universität Rostock (ohne Klinikum);Suhrkamp Verlag;;Uwe-Johnson-Zentrum;;http://www.uni-rostock.de/aktuelles/alle-meldungen/detailansicht-der-news/news-artikel/rostock-wird-das-zentrum-der-uwe-johnson-forschung/;
261;Universität Rostock (ohne Klinikum);Eurawasser;;Kooperation;;http://www.eurawasser-nord.de/geschaeftskunden/sonderseiten/presse/pressemitteilungen/einzelmeldung/archive/2004/march/article/statement-der-eurawasser-nord-gmbh-zur-kooperation-mit-der-universitaet-rostock/;https://www.rostock-heute.de/eurawasser-nord-stiftungsprofessur-wasserwirtschaft-uni-rostock/22595
261;Universität Rostock (ohne Klinikum);50Hertz Transmission GmbH;50000;Drittmittel in den Jahren 2013 und 2014 (mindestens 50.000 Euro);;https://fragdenstaat.de/anfrage/drittmittel-universitat-rostock/#nachricht-23606;
261;Universität Rostock (ohne Klinikum);ABB;50000;Drittmittel in den Jahren 2013 und 2014 (mindestens 50.000 Euro);;https://fragdenstaat.de/anfrage/drittmittel-universitat-rostock/#nachricht-23606;
261;Universität Rostock (ohne Klinikum);Airbus Group;50000;Drittmittel in den Jahren 2013 und 2014 (mindestens 50.000 Euro);;https://fragdenstaat.de/anfrage/drittmittel-universitat-rostock/#nachricht-23606;
261;Universität Rostock (ohne Klinikum);Berlin Heart GmbH;50000;Drittmittel in den Jahren 2013 und 2014 (mindestens 50.000 Euro);;https://fragdenstaat.de/anfrage/drittmittel-universitat-rostock/#nachricht-23606;
261;Universität Rostock (ohne Klinikum);Bosch;50000;Drittmittel in den Jahren 2013 und 2014 (mindestens 50.000 Euro);;https://fragdenstaat.de/anfrage/drittmittel-universitat-rostock/#nachricht-23606;
261;Universität Rostock (ohne Klinikum);British American Tobacco Ltd.;50000;Drittmittel in den Jahren 2013 und 2014 (mindestens 50.000 Euro);;https://fragdenstaat.de/anfrage/drittmittel-universitat-rostock/#nachricht-23606;
261;Universität Rostock (ohne Klinikum);Bundeswehr/Wehrtechn. Dienststelle für Schiffe u. Marinewaffen;50000;Drittmittel in den Jahren 2013 und 2014 (mindestens 50.000 Euro);;https://fragdenstaat.de/anfrage/drittmittel-universitat-rostock/#nachricht-23606;
261;Universität Rostock (ohne Klinikum);Cremer Oleochemicals;50000;Drittmittel in den Jahren 2013 und 2014 (mindestens 50.000 Euro);;https://fragdenstaat.de/anfrage/drittmittel-universitat-rostock/#nachricht-23606;
261;Universität Rostock (ohne Klinikum);Dataport;50000;Drittmittel in den Jahren 2013 und 2014 (mindestens 50.000 Euro);;https://fragdenstaat.de/anfrage/drittmittel-universitat-rostock/#nachricht-23606;
261;Universität Rostock (ohne Klinikum);DBFZ gGmbH;50000;Drittmittel in den Jahren 2013 und 2014 (mindestens 50.000 Euro);;https://fragdenstaat.de/anfrage/drittmittel-universitat-rostock/#nachricht-23606;
261;Universität Rostock (ohne Klinikum);Deutsche Bundesstiftung Umwelt;50000;Drittmittel in den Jahren 2013 und 2014 (mindestens 50.000 Euro);;https://fragdenstaat.de/anfrage/drittmittel-universitat-rostock/#nachricht-23606;
261;Universität Rostock (ohne Klinikum);Deutsche Krebshilfe;50000;Drittmittel in den Jahren 2013 und 2014 (mindestens 50.000 Euro);;https://fragdenstaat.de/anfrage/drittmittel-universitat-rostock/#nachricht-23606;
261;Universität Rostock (ohne Klinikum);Deutsch-Polnische Wissenschaftsstiftung;50000;Drittmittel in den Jahren 2013 und 2014 (mindestens 50.000 Euro);;https://fragdenstaat.de/anfrage/drittmittel-universitat-rostock/#nachricht-23606;
261;Universität Rostock (ohne Klinikum);Diehl;50000;Drittmittel in den Jahren 2013 und 2014 (mindestens 50.000 Euro);Diehl Aerospace GmbH;https://fragdenstaat.de/anfrage/drittmittel-universitat-rostock/#nachricht-23606;
261;Universität Rostock (ohne Klinikum);DOT GmbH;50000;Drittmittel in den Jahren 2013 und 2014 (mindestens 50.000 Euro);;https://fragdenstaat.de/anfrage/drittmittel-universitat-rostock/#nachricht-23606;
261;Universität Rostock (ohne Klinikum);e.n.o. energy systems GmbH;50000;Drittmittel in den Jahren 2013 und 2014 (mindestens 50.000 Euro);;https://fragdenstaat.de/anfrage/drittmittel-universitat-rostock/#nachricht-23606;
261;Universität Rostock (ohne Klinikum);Evonik;50000;Drittmittel in den Jahren 2013 und 2014 (mindestens 50.000 Euro);Evonik Industries AG;https://fragdenstaat.de/anfrage/drittmittel-universitat-rostock/#nachricht-23606;
261;Universität Rostock (ohne Klinikum);Forschungskuratorium Maschinenbau e.V. (FKM e.V.);50000;Drittmittel in den Jahren 2013 und 2014 (mindestens 50.000 Euro);;https://fragdenstaat.de/anfrage/drittmittel-universitat-rostock/#nachricht-23606;
261;Universität Rostock (ohne Klinikum);Forschungsstiftung Ostsee;50000;Drittmittel in den Jahren 2013 und 2014 (mindestens 50.000 Euro);;https://fragdenstaat.de/anfrage/drittmittel-universitat-rostock/#nachricht-23606;
261;Universität Rostock (ohne Klinikum);Helmholtz Zentrum München;50000;Drittmittel in den Jahren 2013 und 2014 (mindestens 50.000 Euro);;https://fragdenstaat.de/anfrage/drittmittel-universitat-rostock/#nachricht-23606;
261;Universität Rostock (ohne Klinikum);HERO Hafen-Entwicklungsgesellschaft Rostock GmbH;50000;Drittmittel in den Jahren 2013 und 2014 (mindestens 50.000 Euro);;https://fragdenstaat.de/anfrage/drittmittel-universitat-rostock/#nachricht-23606;
261;Universität Rostock (ohne Klinikum);IAV GmbH;50000;Drittmittel in den Jahren 2013 und 2014 (mindestens 50.000 Euro);;https://fragdenstaat.de/anfrage/drittmittel-universitat-rostock/#nachricht-23606;
261;Universität Rostock (ohne Klinikum);Infineon Technologies AG;50000;Drittmittel in den Jahren 2013 und 2014 (mindestens 50.000 Euro);;https://fragdenstaat.de/anfrage/drittmittel-universitat-rostock/#nachricht-23606;
261;Universität Rostock (ohne Klinikum);Ing.büro Biesenbruch/DAT Bergbautechnik GmbH;50000;Drittmittel in den Jahren 2013 und 2014 (mindestens 50.000 Euro);;https://fragdenstaat.de/anfrage/drittmittel-universitat-rostock/#nachricht-23606;
261;Universität Rostock (ohne Klinikum);IS Forschungsgesellschaft mbH;50000;Drittmittel in den Jahren 2013 und 2014 (mindestens 50.000 Euro);;https://fragdenstaat.de/anfrage/drittmittel-universitat-rostock/#nachricht-23606;
261;Universität Rostock (ohne Klinikum);ISF GmbH;50000;Drittmittel in den Jahren 2013 und 2014 (mindestens 50.000 Euro);;https://fragdenstaat.de/anfrage/drittmittel-universitat-rostock/#nachricht-23606;
261;Universität Rostock (ohne Klinikum);K.H. Brinkmann GmbH;50000;Drittmittel in den Jahren 2013 und 2014 (mindestens 50.000 Euro);;https://fragdenstaat.de/anfrage/drittmittel-universitat-rostock/#nachricht-23606;
261;Universität Rostock (ohne Klinikum);Karl-Vossloh-Stiftung;50000;Drittmittel in den Jahren 2013 und 2014 (mindestens 50.000 Euro);;https://fragdenstaat.de/anfrage/drittmittel-universitat-rostock/#nachricht-23606;
261;Universität Rostock (ohne Klinikum);King Abdulaziz University Saudi Arabien;50000;Drittmittel in den Jahren 2013 und 2014 (mindestens 50.000 Euro);;https://fragdenstaat.de/anfrage/drittmittel-universitat-rostock/#nachricht-23606;
261;Universität Rostock (ohne Klinikum);KSB-Stiftung;50000;Drittmittel in den Jahren 2013 und 2014 (mindestens 50.000 Euro);;https://fragdenstaat.de/anfrage/drittmittel-universitat-rostock/#nachricht-23606;
261;Universität Rostock (ohne Klinikum);LONZA AG;50000;Drittmittel in den Jahren 2013 und 2014 (mindestens 50.000 Euro);;https://fragdenstaat.de/anfrage/drittmittel-universitat-rostock/#nachricht-23606;
261;Universität Rostock (ohne Klinikum);MPI für Plasmaphysik;50000;Drittmittel in den Jahren 2013 und 2014 (mindestens 50.000 Euro);;https://fragdenstaat.de/anfrage/drittmittel-universitat-rostock/#nachricht-23606;
261;Universität Rostock (ohne Klinikum);Novelis Switzerland SA;50000;Drittmittel in den Jahren 2013 und 2014 (mindestens 50.000 Euro);;https://fragdenstaat.de/anfrage/drittmittel-universitat-rostock/#nachricht-23606;
261;Universität Rostock (ohne Klinikum);PLANET intelligent systems GmbH;50000;Drittmittel in den Jahren 2013 und 2014 (mindestens 50.000 Euro);;https://fragdenstaat.de/anfrage/drittmittel-universitat-rostock/#nachricht-23606;
261;Universität Rostock (ohne Klinikum);SASOL Germany GmbH ;50000;Drittmittel in den Jahren 2013 und 2014 (mindestens 50.000 Euro);;https://fragdenstaat.de/anfrage/drittmittel-universitat-rostock/#nachricht-23606;
261;Universität Rostock (ohne Klinikum);Siemens;50000;Drittmittel in den Jahren 2013 und 2014 (mindestens 50.000 Euro);;https://fragdenstaat.de/anfrage/drittmittel-universitat-rostock/#nachricht-23606;
261;Universität Rostock (ohne Klinikum);SIV AG;50000;Drittmittel in den Jahren 2013 und 2014 (mindestens 50.000 Euro);;https://fragdenstaat.de/anfrage/drittmittel-universitat-rostock/#nachricht-23606;
261;Universität Rostock (ohne Klinikum);Spheros GmbH;50000;Drittmittel in den Jahren 2013 und 2014 (mindestens 50.000 Euro);;https://fragdenstaat.de/anfrage/drittmittel-universitat-rostock/#nachricht-23606;
261;Universität Rostock (ohne Klinikum);Sterling Industry Consult GmbH;50000;Drittmittel in den Jahren 2013 und 2014 (mindestens 50.000 Euro);;https://fragdenstaat.de/anfrage/drittmittel-universitat-rostock/#nachricht-23606;
261;Universität Rostock (ohne Klinikum);Vattenfall;50000;Drittmittel in den Jahren 2013 und 2014 (mindestens 50.000 Euro);;https://fragdenstaat.de/anfrage/drittmittel-universitat-rostock/#nachricht-23606;
261;Universität Rostock (ohne Klinikum);VGB Forschungsstiftung;50000;Drittmittel in den Jahren 2013 und 2014 (mindestens 50.000 Euro);;https://fragdenstaat.de/anfrage/drittmittel-universitat-rostock/#nachricht-23606;
261;Universität Rostock (ohne Klinikum);Volkswagen-Stiftung;50000;Drittmittel in den Jahren 2013 und 2014 (mindestens 50.000 Euro);;https://fragdenstaat.de/anfrage/drittmittel-universitat-rostock/#nachricht-23606;
261;Universität Rostock (ohne Klinikum);WILO;50000;Drittmittel in den Jahren 2013 und 2014 (mindestens 50.000 Euro);;https://fragdenstaat.de/anfrage/drittmittel-universitat-rostock/#nachricht-23606;
261;Universität Rostock (ohne Klinikum);ZF Friedrichshafen;50000;Drittmittel in den Jahren 2013 und 2014 (mindestens 50.000 Euro);;https://fragdenstaat.de/anfrage/drittmittel-universitat-rostock/#nachricht-23606;
262;Med. Fakultät Rostock;;;;;;
271;Universität Greifswald (ohne Klinikum);;;;;;
272;Medizinische Fakultät Greifswald;;;;;;
3030;Hochschule für Musik und Theater, Rostock;;;;;;
7980;Baltic College – FHM Schwerin;;;;;;
7780;Hochschule Neubrandenburg;;;;;;
7790;FH Stralsund;;;;;;
7840;FH Wismar;;;;;;
7900;Verwaltungs-FH Güstrow;;;;;;
630;HHL Leipzig Graduate School of Management;;;;;;
1470;DIU-Dresden Intern. University GmbH Dresden (Priv. H);;;;;;
369;Universität Leipzig (Klinikum);;;;;;
371;TU Dresden (ohne Klinikum);Altana AG;;;;;
371;TU Dresden (ohne Klinikum);APOGEPHA Arzneimittel GmbH;;;;;
371;TU Dresden (ohne Klinikum);BITZER Kühlmaschinenbau GmbH;;;;;
371;TU Dresden (ohne Klinikum);Bosch;;;;;
371;TU Dresden (ohne Klinikum);DEKRA;DEKRA e.V. ;;;;
371;TU Dresden (ohne Klinikum);DREWAG - Stadtwerke Dresden GmbH ;;;;;
371;TU Dresden (ohne Klinikum);Airbus Group;EADS;;;;
371;TU Dresden (ohne Klinikum);GELSENWASSER;;;;;
371;TU Dresden (ohne Klinikum);GLOBALFOUNDRIES ;;;;;
371;TU Dresden (ohne Klinikum);IBM;;;;;
371;TU Dresden (ohne Klinikum);Infineon Technologies AG;;;;;
371;TU Dresden (ohne Klinikum);The Linde Group ;;;;;
371;TU Dresden (ohne Klinikum);Rolls-Royce;;;;;
371;TU Dresden (ohne Klinikum);SAP;;;;;
371;TU Dresden (ohne Klinikum);Siemens;;;;;
371;TU Dresden (ohne Klinikum);ThyssenKrupp;;;;;
371;TU Dresden (ohne Klinikum);Vodafone;;;;;
371;TU Dresden (ohne Klinikum);Vattenfall;;;Vattenfall GmbH;;
371;TU Dresden (ohne Klinikum);Zentrum Mikroelektronik Dresden AG ;;;;;
361;Universität Leipzig (ohne Klinikum);;;;;;
379;TU Dresden (Klinikum);;;;;;
380;TU Chemnitz;Niles-Simmons-Hegenscheidt-Gruppe;175000;Spende, Hörsaalsponsoring;;http://www.freiepresse.de/LOKALES/CHEMNITZ/Streit-um-Hoersaal-Namen-an-der-TU-artikel7654914.php;
390;TU Bergakademie Freiberg;;;;;;
610;Internationales Hochschulinstitut Zittau;;;;;;
2490;Palucca Hochschule für Tanz Dresden;;;;;;
2630;Hochschule für Bildende Künste Dresden;;;;;;
2640;Hochschule für Grafik und Buchkunst Leipzig;;;;;;
2740;Hochschule für Musik und Theater Leipzig;;;;;;
2800;Hochschule für Musik Dresden;;;;;;
2930;Hochschule für Kirchenmusik der Evang.-Luth. Landeskirche Sachsens, Dresden;;;;;;
1850;Fachochschule Dresden;;;;;;
1860;Euro-Business-College Dresden (Priv. FH);;;;;;
5100;Hochschule für Telekommunikation Leipzig;;;;;;
5180;AKAD Hochschule Leipzig;;;;;;
5120;Hochschule für Technik und Wirtschaft Dresden;;;;;;
5130;Hochschule für Technik, Wirtschaft und Kultur Leipzig;;;;;;
5140;Hochschule Mittweida (University of Applied Sciences);;;;;;
5150;Hochschule Zittau/Görlitz (FH);;;;;;
5160;Westsächsische Hochschule Zwickau;;;;;;
5110;Evang. Hochschule für Soziale Arbeit, Dresden (FH);;;;;;
5170;Evangelische Hochschule Moritzburg (FH);;;;;;
5190;Hochschule der Sächsischen Polizei, Rothenburg/OL. (FH);;;;;;
6380;FH der Sächsischen Verwaltung Meißen;;;;;;
309;Universität Halle (Klinikum);;;;;;
319;Universität Magdeburg (Klinikum);;;;;;
301;Universität Halle (ohne Klinikum);;;;;;
311;Otto-von-Guericke-Universität Magdeburg (ohne Klinikum);Volksbank;10000;Hörsaalsponsoring;;http://www.uni-magdeburg.de/home/Presse+_+Medien/uni_report/Archiv/2008/ausgabe_01_2008/volksbankhoersaal.html;
2350;Theol. Hochschule Friedensau;;;;;;
2600;Burg Giebichenstein Kunsthochschule, Halle;;;;;;
3000;Evang. Hochschule für Kirchenmusik Halle;;;;;;
8000;Hochschule Merseburg (FH);;;;;;
8010;Hochschule Magdeburg-Stendal;;;;;;
8020;Hochschule Harz (FH);;;;;;
8030;Hochschule Anhalt (FH);;;;;;
8060;FH Polizei Sachsen-Anhalt, Aschersleben;;;;;;
499;Universität Jena (Klinikum);;;;;;
491;Friedrich-Schiller-Universität Jena (ohne Klinikum);;;;;;
580;Bauhaus-Universität Weimar;;;;;;
590;TU Ilmenau;;;;;;
620;Universität Erfurt;;;;;;
2850;Hochschule für Musik Franz Liszt Weimar;;;;;;
730;SRH FH für Gesundheit Gera (Priv. FH);;;;;;
850;Adam-Ries-Fachhochschule Erfurt (Priv.);;;;;;
920;FH Kunst Arnstadt (Priv.);;;;;;
7810;FH Erfurt;;;;;;
7820;Ernst Abbe Fachhochschule Jena;;;;;;
7830;FH Schmalkalden;;;;;;
7880;FH Nordhausen;;;;;;
7860;Thüringer FH füröffentliche Verwaltung Gotha;;;;;;
0620D;FH Bund, FB Bundespolizei, Lübeck;;;;;;
1960;Kühne Logistics University - The KLU, Hamburg (Priv. H);;;;;;
1790;Hochschule für intern. Wirtschaft und Logistik (HIWL), Bremen (Priv. FH);;;;;;
1770;Hochschule für Gesundheit;;;;;;
6203;FH Bund, FB Wetterdienst in Langen;;;;;;
6204;FH Bund, FB Landwirtschaftliche Sozialversicherung in Kassel;;;;;;
1940;Internationale Hochschule Liebenzell (FH), Bad Liebenzell;;;;;;
1890;ECLA of Bard, a Liberal Arts University, Berlin (Priv. H);;;;;;
1900;German open Business School, Hochschule für Wirtschaft und Verwaltung, Berlin (Priv. FH);;;;;;
1880;MSH Medical School Hamburg (Priv. FH);;;;;;
1970;Hochschule der Wirtschaft für Management (HdWM) Mannheim (Priv. FH);;;;;;
2190;DPFA Hochschule Zwickau;;;;;;
